21:19:52  INFO      Starting entity resolution across TSV files...
21:19:52  INFO      Reading soc-redditHyperlinks-body.tsv...
21:20:22  INFO      Starting entity resolution across TSV files...
21:20:22  INFO      Reading soc-redditHyperlinks-body.tsv...
21:20:30  INFO      Reading soc-redditHyperlinks-title.tsv...
21:20:54  INFO      Entity resolution complete in 31.90 s (processed 171697 rows):
21:20:54  INFO        -> Subreddit entities : 22057
21:20:54  INFO        -> Post entities      : 167187
21:20:54  INFO        -> Hyperlink edges    : 171697
21:20:54  INFO      === Exporting native CSV files for bulk loading ===
21:21:19  INFO      CSV export finished in 25.19 s.
21:21:19  INFO      === PostgreSQL: Connecting and applying DDL ===
21:21:21  INFO      PostgreSQL schema reset.
21:21:21  INFO      Native COPYing subreddits into PostgreSQL...
21:21:21  INFO      Native COPYing posts into PostgreSQL...
21:21:36  INFO      Native COPYing hyperlinks into PostgreSQL...
21:21:38  INFO      PostgreSQL native bulk data load finished in 16.98 s.
21:21:38  INFO      Applying deferred indexes and constraints (schema_indexes.sql)...
21:22:13  INFO      Starting entity resolution across TSV files...
21:22:13  INFO      Reading soc-redditHyperlinks-body.tsv...
21:22:47  INFO      Reading soc-redditHyperlinks-title.tsv...
21:47:59  INFO      Starting entity resolution across TSV files...
21:47:59  INFO      Reading soc-redditHyperlinks-body.tsv...
21:48:04  INFO      Reading soc-redditHyperlinks-title.tsv...
21:48:11  INFO      Entity resolution complete in 12.55 s (processed 171697 rows):
21:48:11  INFO        -> Subreddit entities : 22057
21:48:11  INFO        -> Post entities      : 167187
21:48:11  INFO        -> Hyperlink edges    : 171697
21:48:11  INFO      === Exporting native CSV files for bulk loading ===
21:48:24  INFO      CSV export finished in 12.17 s.
21:48:24  INFO      === PostgreSQL: Connecting and applying DDL ===
21:48:24  INFO      PostgreSQL schema reset.
21:48:24  INFO      Native COPYing subreddits into PostgreSQL...
21:48:25  INFO      Native COPYing posts into PostgreSQL...
21:48:34  INFO      Native COPYing hyperlinks into PostgreSQL...
21:48:35  INFO      PostgreSQL native bulk data load finished in 10.33 s.
21:48:35  INFO      Applying deferred indexes and constraints (schema_indexes.sql)...
21:48:49  INFO      Starting entity resolution across TSV files...
21:48:49  INFO      Reading soc-redditHyperlinks-body.tsv...
21:49:22  INFO      Reading soc-redditHyperlinks-title.tsv...
21:56:16  INFO      Entity resolution complete in 447.52 s (processed 858488 rows):
21:56:16  INFO        -> Subreddit entities : 67180
21:56:16  INFO        -> Post entities      : 831014
21:56:16  INFO        -> Hyperlink edges    : 858488
21:56:16  INFO      === Exporting native CSV files for bulk loading ===
22:03:52  INFO      CSV export finished in 456.12 s.
22:04:18  INFO      === PostgreSQL: Connecting and applying DDL ===
22:04:24  INFO      PostgreSQL schema reset.
22:04:24  INFO      Native COPYing subreddits into PostgreSQL...
22:04:26  INFO      Native COPYing posts into PostgreSQL...
22:06:44  INFO      Native COPYing hyperlinks into PostgreSQL...
22:06:54  INFO      PostgreSQL native bulk data load finished in 149.61 s.
22:06:54  INFO      Applying deferred indexes and constraints (schema_indexes.sql)...
03:13:23  INFO      Starting entity resolution across TSV files...
03:13:23  INFO      Reading soc-redditHyperlinks-body.tsv...
03:13:28  INFO      Reading soc-redditHyperlinks-title.tsv...
03:13:36  INFO      Entity resolution complete in 12.61 s (processed 171697 rows):
03:13:36  INFO        -> Subreddit entities : 22057
03:13:36  INFO        -> Post entities      : 167187
03:13:36  INFO        -> Hyperlink edges    : 171697
03:13:36  INFO      === Exporting native CSV files for bulk loading ===
03:13:57  INFO      CSV export finished in 20.79 s.
03:13:57  INFO      === PostgreSQL: Connecting and applying DDL ===
03:13:59  INFO      PostgreSQL schema reset.
03:13:59  INFO      Native COPYing subreddits into PostgreSQL...
03:13:59  INFO      Native COPYing posts into PostgreSQL...
03:14:12  INFO      Native COPYing hyperlinks into PostgreSQL...
03:14:14  INFO      PostgreSQL native bulk data load finished in 15.08 s.
03:14:14  INFO      Applying deferred indexes and constraints (schema_indexes.sql)...
03:14:19  INFO      Deferred indexes and constraints applied.
03:14:19  INFO      Running VACUUM ANALYZE to compute table statistics...
03:14:20  INFO      PostgreSQL database ready and optimized.
03:14:20  INFO      === Neo4j: Connecting and applying constraints ===
03:14:20  INFO      Clearing existing Neo4j graph...
03:14:32  INFO      Neo4j schema and constraints applied.
03:14:32  INFO      Loading Subreddit nodes natively via LOAD CSV...
03:14:39  INFO      Loading Post nodes natively via LOAD CSV...
03:15:55  INFO      Loading Hyperlink edges natively via LOAD CSV...
03:16:14  INFO      Neo4j native bulk data load finished in 101.24 s.
03:16:14  INFO      === ETL Pipeline Complete! Ready for benchmarking ===
03:16:14  INFO      ETL metrics saved to data/etl_metrics.json
03:19:18  INFO      Starting entity resolution across TSV files...
03:19:18  INFO      Reading soc-redditHyperlinks-body.tsv...
03:19:34  INFO      Reading soc-redditHyperlinks-title.tsv...
03:20:07  INFO      Entity resolution complete in 49.67 s (processed 429245 rows):
03:20:07  INFO        -> Subreddit entities : 40889
03:20:07  INFO        -> Post entities      : 417877
03:20:07  INFO        -> Hyperlink edges    : 429245
03:20:07  INFO      === Exporting native CSV files for bulk loading ===
03:20:49  INFO      CSV export finished in 41.35 s.
03:20:49  INFO      === PostgreSQL: Connecting and applying DDL ===
03:20:55  INFO      PostgreSQL schema reset.
03:20:55  INFO      Native COPYing subreddits into PostgreSQL...
03:20:56  INFO      Native COPYing posts into PostgreSQL...
03:21:32  INFO      Native COPYing hyperlinks into PostgreSQL...
03:21:38  INFO      PostgreSQL native bulk data load finished in 43.59 s.
03:21:38  INFO      Applying deferred indexes and constraints (schema_indexes.sql)...
03:21:54  INFO      Deferred indexes and constraints applied.
03:21:54  INFO      Running VACUUM ANALYZE to compute table statistics...
03:21:55  INFO      PostgreSQL database ready and optimized.
03:21:55  INFO      === Neo4j: Connecting and applying constraints ===
03:21:55  INFO      Clearing existing Neo4j graph...
17:01:37  INFO      Starting entity resolution across TSV files...
17:01:37  INFO      Reading soc-redditHyperlinks-body.tsv...
17:01:42  INFO      Reading soc-redditHyperlinks-title.tsv...
17:01:49  INFO      Entity resolution complete in 11.95 s (processed 171697 rows):
17:01:49  INFO        -> Subreddit entities : 22057
17:01:49  INFO        -> Post entities      : 167187
17:01:49  INFO        -> Hyperlink edges    : 171697
17:01:49  INFO      === Exporting native CSV files for bulk loading ===
17:02:03  INFO      CSV export finished in 13.97 s.
17:02:03  INFO      === PostgreSQL: Connecting and applying DDL ===
17:02:05  INFO      PostgreSQL schema reset.
17:02:05  INFO      Native COPYing subreddits into PostgreSQL...
17:02:05  INFO      Native COPYing posts into PostgreSQL...
17:02:21  INFO      Native COPYing hyperlinks into PostgreSQL...
17:02:24  INFO      PostgreSQL native bulk data load finished in 18.73 s.
17:02:24  INFO      Applying deferred indexes and constraints (schema_indexes.sql)...
17:02:31  INFO      Deferred indexes and constraints applied.
17:02:31  INFO      Running VACUUM ANALYZE to compute table statistics...
17:02:32  INFO      PostgreSQL database ready and optimized.
17:02:32  INFO      === Neo4j: Connecting and applying constraints ===
17:02:32  INFO      Clearing existing Neo4j graph...
17:22:07  INFO      Starting entity resolution across TSV files...
17:22:07  INFO      Reading soc-redditHyperlinks-body.tsv...
17:22:11  INFO      Reading soc-redditHyperlinks-title.tsv...
17:22:18  INFO      Entity resolution complete in 11.31 s (processed 171697 rows):
17:22:18  INFO        -> Subreddit entities : 22057
17:22:18  INFO        -> Post entities      : 167187
17:22:18  INFO        -> Hyperlink edges    : 171697
17:22:19  INFO      === Exporting native CSV files for bulk loading ===
17:22:32  INFO      CSV export finished in 13.37 s.
17:22:32  INFO      === PostgreSQL: Connecting and applying DDL ===
17:22:33  INFO      PostgreSQL schema reset.
17:22:33  INFO      Native COPYing subreddits into PostgreSQL...
17:22:34  INFO      Native COPYing posts into PostgreSQL...
17:22:50  INFO      Native COPYing hyperlinks into PostgreSQL...
17:22:54  INFO      PostgreSQL native bulk data load finished in 20.58 s.
17:22:54  INFO      Applying deferred indexes and constraints (schema_indexes.sql)...
17:23:05  INFO      Deferred indexes and constraints applied.
17:23:05  INFO      Running VACUUM ANALYZE to compute table statistics...
17:23:05  INFO      PostgreSQL database ready and optimized.
17:23:05  INFO      === Neo4j: Connecting and applying constraints ===
17:23:05  INFO      Clearing existing Neo4j graph in batches to avoid OOM...
17:27:08  INFO      Received notification from DBMS server: <GqlStatusObject gql_status='00NA0', status_description="note: successful completion - index or constraint already exists. The command 'CREATE CONSTRAINT subreddit_name_unique IF NOT EXISTS FOR (e:Subreddit) REQUIRE (e.name) IS UNIQUE' has no effect. The index or constraint specified by 'CONSTRAINT subreddit_name_unique FOR (e:Subreddit) REQUIRE (e.name) IS UNIQUE' already exists.", position=None, raw_classification='SCHEMA', classification=<NotificationClassification.SCHEMA: 'SCHEMA'>, raw_severity='INFORMATION', severity=<NotificationSeverity.INFORMATION: 'INFORMATION'>, diagnostic_record={'_classification': 'SCHEMA', '_severity': 'INFORMATION', 'OPERATION': '', 'OPERATION_CODE': '0', 'CURRENT_SCHEMA': '/'}> for query: 'CREATE CONSTRAINT subreddit_name_unique IF NOT EXISTS\n    FOR (s:Subreddit)\n    REQUIRE s.name IS UNIQUE'
17:27:09  INFO      Received notification from DBMS server: <GqlStatusObject gql_status='00NA0', status_description="note: successful completion - index or constraint already exists. The command 'CREATE CONSTRAINT post_id_unique IF NOT EXISTS FOR (e:Post) REQUIRE (e.post_id) IS UNIQUE' has no effect. The index or constraint specified by 'CONSTRAINT post_id_unique FOR (e:Post) REQUIRE (e.post_id) IS UNIQUE' already exists.", position=None, raw_classification='SCHEMA', classification=<NotificationClassification.SCHEMA: 'SCHEMA'>, raw_severity='INFORMATION', severity=<NotificationSeverity.INFORMATION: 'INFORMATION'>, diagnostic_record={'_classification': 'SCHEMA', '_severity': 'INFORMATION', 'OPERATION': '', 'OPERATION_CODE': '0', 'CURRENT_SCHEMA': '/'}> for query: 'CREATE CONSTRAINT post_id_unique IF NOT EXISTS\n    FOR (p:Post)\n    REQUIRE p.post_id IS UNIQUE'
17:27:09  INFO      Received notification from DBMS server: <GqlStatusObject gql_status='00NA0', status_description="note: successful completion - index or constraint already exists. The command 'CREATE RANGE INDEX post_idx_label IF NOT EXISTS FOR (e:Post) ON (e.post_label)' has no effect. The index or constraint specified by 'RANGE INDEX post_idx_label FOR (e:Post) ON (e.post_label)' already exists.", position=None, raw_classification='SCHEMA', classification=<NotificationClassification.SCHEMA: 'SCHEMA'>, raw_severity='INFORMATION', severity=<NotificationSeverity.INFORMATION: 'INFORMATION'>, diagnostic_record={'_classification': 'SCHEMA', '_severity': 'INFORMATION', 'OPERATION': '', 'OPERATION_CODE': '0', 'CURRENT_SCHEMA': '/'}> for query: 'CREATE INDEX post_idx_label IF NOT EXISTS\n    FOR (p:Post)\n    ON (p.post_label)'
17:27:09  INFO      Received notification from DBMS server: <GqlStatusObject gql_status='00NA0', status_description="note: successful completion - index or constraint already exists. The command 'CREATE RANGE INDEX post_idx_label_type IF NOT EXISTS FOR (e:Post) ON (e.post_label, e.source_type)' has no effect. The index or constraint specified by 'RANGE INDEX post_idx_label_type FOR (e:Post) ON (e.post_label, e.source_type)' already exists.", position=None, raw_classification='SCHEMA', classification=<NotificationClassification.SCHEMA: 'SCHEMA'>, raw_severity='INFORMATION', severity=<NotificationSeverity.INFORMATION: 'INFORMATION'>, diagnostic_record={'_classification': 'SCHEMA', '_severity': 'INFORMATION', 'OPERATION': '', 'OPERATION_CODE': '0', 'CURRENT_SCHEMA': '/'}> for query: 'CREATE INDEX post_idx_label_type IF NOT EXISTS\n    FOR (p:Post)\n    ON (p.post_label, p.source_type)'
17:27:09  INFO      Received notification from DBMS server: <GqlStatusObject gql_status='00NA0', status_description="note: successful completion - index or constraint already exists. The command 'CREATE RANGE INDEX post_idx_timestamp IF NOT EXISTS FOR (e:Post) ON (e.timestamp)' has no effect. The index or constraint specified by 'RANGE INDEX post_idx_timestamp FOR (e:Post) ON (e.timestamp)' already exists.", position=None, raw_classification='SCHEMA', classification=<NotificationClassification.SCHEMA: 'SCHEMA'>, raw_severity='INFORMATION', severity=<NotificationSeverity.INFORMATION: 'INFORMATION'>, diagnostic_record={'_classification': 'SCHEMA', '_severity': 'INFORMATION', 'OPERATION': '', 'OPERATION_CODE': '0', 'CURRENT_SCHEMA': '/'}> for query: 'CREATE INDEX post_idx_timestamp IF NOT EXISTS\n    FOR (p:Post)\n    ON (p.timestamp)'
17:27:09  INFO      Received notification from DBMS server: <GqlStatusObject gql_status='00NA0', status_description="note: successful completion - index or constraint already exists. The command 'CREATE RANGE INDEX linked_to_idx_label IF NOT EXISTS FOR ()-[e:LINKED_TO]-() ON (e.post_label)' has no effect. The index or constraint specified by 'RANGE INDEX linked_to_idx_label FOR ()-[e:LINKED_TO]-() ON (e.post_label)' already exists.", position=None, raw_classification='SCHEMA', classification=<NotificationClassification.SCHEMA: 'SCHEMA'>, raw_severity='INFORMATION', severity=<NotificationSeverity.INFORMATION: 'INFORMATION'>, diagnostic_record={'_classification': 'SCHEMA', '_severity': 'INFORMATION', 'OPERATION': '', 'OPERATION_CODE': '0', 'CURRENT_SCHEMA': '/'}> for query: 'CREATE INDEX linked_to_idx_label IF NOT EXISTS\n    FOR ()-[r:LINKED_TO]-()\n    ON (r.post_label)'
17:27:09  INFO      Received notification from DBMS server: <GqlStatusObject gql_status='00NA0', status_description="note: successful completion - index or constraint already exists. The command 'CREATE RANGE INDEX linked_to_idx_timestamp IF NOT EXISTS FOR ()-[e:LINKED_TO]-() ON (e.timestamp)' has no effect. The index or constraint specified by 'RANGE INDEX linked_to_idx_timestamp FOR ()-[e:LINKED_TO]-() ON (e.timestamp)' already exists.", position=None, raw_classification='SCHEMA', classification=<NotificationClassification.SCHEMA: 'SCHEMA'>, raw_severity='INFORMATION', severity=<NotificationSeverity.INFORMATION: 'INFORMATION'>, diagnostic_record={'_classification': 'SCHEMA', '_severity': 'INFORMATION', 'OPERATION': '', 'OPERATION_CODE': '0', 'CURRENT_SCHEMA': '/'}> for query: 'CREATE INDEX linked_to_idx_timestamp IF NOT EXISTS\n    FOR ()-[r:LINKED_TO]-()\n    ON (r.timestamp)'
17:27:09  INFO      Neo4j schema and constraints applied.
17:27:09  INFO      Loading Subreddit nodes natively via LOAD CSV...
17:27:11  INFO      Loading Post nodes natively via LOAD CSV...
17:28:11  INFO      Loading Hyperlink edges natively via LOAD CSV...
17:28:50  INFO      Neo4j native bulk data load finished in 101.73 s.
17:28:50  INFO      === ETL Pipeline Complete! Ready for benchmarking ===
17:28:50  INFO      ETL metrics saved to data/etl_metrics.json
17:32:52  INFO      Starting entity resolution across TSV files...
17:32:52  INFO      Reading soc-redditHyperlinks-body.tsv...
17:33:09  INFO      Reading soc-redditHyperlinks-title.tsv...
17:33:45  INFO      Entity resolution complete in 53.01 s (processed 429245 rows):
17:33:45  INFO        -> Subreddit entities : 40889
17:33:45  INFO        -> Post entities      : 417877
17:33:45  INFO        -> Hyperlink edges    : 429245
17:33:45  INFO      === Exporting native CSV files for bulk loading ===
17:35:06  INFO      CSV export finished in 81.59 s.
17:35:07  INFO      === PostgreSQL: Connecting and applying DDL ===
17:35:08  INFO      PostgreSQL schema reset.
17:35:08  INFO      Native COPYing subreddits into PostgreSQL...
17:35:09  INFO      Native COPYing posts into PostgreSQL...
17:36:17  INFO      Native COPYing hyperlinks into PostgreSQL...
17:36:22  INFO      PostgreSQL native bulk data load finished in 74.13 s.
17:36:22  INFO      Applying deferred indexes and constraints (schema_indexes.sql)...
17:36:48  INFO      Deferred indexes and constraints applied.
17:36:48  INFO      Running VACUUM ANALYZE to compute table statistics...
17:36:49  INFO      PostgreSQL database ready and optimized.
17:36:49  INFO      === Neo4j: Connecting and applying constraints ===
17:36:50  INFO      Clearing existing Neo4j graph in batches to avoid OOM...
17:43:35  INFO      Received notification from DBMS server: <GqlStatusObject gql_status='00NA0', status_description="note: successful completion - index or constraint already exists. The command 'CREATE CONSTRAINT subreddit_name_unique IF NOT EXISTS FOR (e:Subreddit) REQUIRE (e.name) IS UNIQUE' has no effect. The index or constraint specified by 'CONSTRAINT subreddit_name_unique FOR (e:Subreddit) REQUIRE (e.name) IS UNIQUE' already exists.", position=None, raw_classification='SCHEMA', classification=<NotificationClassification.SCHEMA: 'SCHEMA'>, raw_severity='INFORMATION', severity=<NotificationSeverity.INFORMATION: 'INFORMATION'>, diagnostic_record={'_classification': 'SCHEMA', '_severity': 'INFORMATION', 'OPERATION': '', 'OPERATION_CODE': '0', 'CURRENT_SCHEMA': '/'}> for query: 'CREATE CONSTRAINT subreddit_name_unique IF NOT EXISTS\n    FOR (s:Subreddit)\n    REQUIRE s.name IS UNIQUE'
17:43:35  INFO      Received notification from DBMS server: <GqlStatusObject gql_status='00NA0', status_description="note: successful completion - index or constraint already exists. The command 'CREATE CONSTRAINT post_id_unique IF NOT EXISTS FOR (e:Post) REQUIRE (e.post_id) IS UNIQUE' has no effect. The index or constraint specified by 'CONSTRAINT post_id_unique FOR (e:Post) REQUIRE (e.post_id) IS UNIQUE' already exists.", position=None, raw_classification='SCHEMA', classification=<NotificationClassification.SCHEMA: 'SCHEMA'>, raw_severity='INFORMATION', severity=<NotificationSeverity.INFORMATION: 'INFORMATION'>, diagnostic_record={'_classification': 'SCHEMA', '_severity': 'INFORMATION', 'OPERATION': '', 'OPERATION_CODE': '0', 'CURRENT_SCHEMA': '/'}> for query: 'CREATE CONSTRAINT post_id_unique IF NOT EXISTS\n    FOR (p:Post)\n    REQUIRE p.post_id IS UNIQUE'
17:43:35  INFO      Received notification from DBMS server: <GqlStatusObject gql_status='00NA0', status_description="note: successful completion - index or constraint already exists. The command 'CREATE RANGE INDEX post_idx_label IF NOT EXISTS FOR (e:Post) ON (e.post_label)' has no effect. The index or constraint specified by 'RANGE INDEX post_idx_label FOR (e:Post) ON (e.post_label)' already exists.", position=None, raw_classification='SCHEMA', classification=<NotificationClassification.SCHEMA: 'SCHEMA'>, raw_severity='INFORMATION', severity=<NotificationSeverity.INFORMATION: 'INFORMATION'>, diagnostic_record={'_classification': 'SCHEMA', '_severity': 'INFORMATION', 'OPERATION': '', 'OPERATION_CODE': '0', 'CURRENT_SCHEMA': '/'}> for query: 'CREATE INDEX post_idx_label IF NOT EXISTS\n    FOR (p:Post)\n    ON (p.post_label)'
17:43:35  INFO      Received notification from DBMS server: <GqlStatusObject gql_status='00NA0', status_description="note: successful completion - index or constraint already exists. The command 'CREATE RANGE INDEX post_idx_label_type IF NOT EXISTS FOR (e:Post) ON (e.post_label, e.source_type)' has no effect. The index or constraint specified by 'RANGE INDEX post_idx_label_type FOR (e:Post) ON (e.post_label, e.source_type)' already exists.", position=None, raw_classification='SCHEMA', classification=<NotificationClassification.SCHEMA: 'SCHEMA'>, raw_severity='INFORMATION', severity=<NotificationSeverity.INFORMATION: 'INFORMATION'>, diagnostic_record={'_classification': 'SCHEMA', '_severity': 'INFORMATION', 'OPERATION': '', 'OPERATION_CODE': '0', 'CURRENT_SCHEMA': '/'}> for query: 'CREATE INDEX post_idx_label_type IF NOT EXISTS\n    FOR (p:Post)\n    ON (p.post_label, p.source_type)'
17:43:35  INFO      Received notification from DBMS server: <GqlStatusObject gql_status='00NA0', status_description="note: successful completion - index or constraint already exists. The command 'CREATE RANGE INDEX post_idx_timestamp IF NOT EXISTS FOR (e:Post) ON (e.timestamp)' has no effect. The index or constraint specified by 'RANGE INDEX post_idx_timestamp FOR (e:Post) ON (e.timestamp)' already exists.", position=None, raw_classification='SCHEMA', classification=<NotificationClassification.SCHEMA: 'SCHEMA'>, raw_severity='INFORMATION', severity=<NotificationSeverity.INFORMATION: 'INFORMATION'>, diagnostic_record={'_classification': 'SCHEMA', '_severity': 'INFORMATION', 'OPERATION': '', 'OPERATION_CODE': '0', 'CURRENT_SCHEMA': '/'}> for query: 'CREATE INDEX post_idx_timestamp IF NOT EXISTS\n    FOR (p:Post)\n    ON (p.timestamp)'
17:43:35  INFO      Received notification from DBMS server: <GqlStatusObject gql_status='00NA0', status_description="note: successful completion - index or constraint already exists. The command 'CREATE RANGE INDEX linked_to_idx_label IF NOT EXISTS FOR ()-[e:LINKED_TO]-() ON (e.post_label)' has no effect. The index or constraint specified by 'RANGE INDEX linked_to_idx_label FOR ()-[e:LINKED_TO]-() ON (e.post_label)' already exists.", position=None, raw_classification='SCHEMA', classification=<NotificationClassification.SCHEMA: 'SCHEMA'>, raw_severity='INFORMATION', severity=<NotificationSeverity.INFORMATION: 'INFORMATION'>, diagnostic_record={'_classification': 'SCHEMA', '_severity': 'INFORMATION', 'OPERATION': '', 'OPERATION_CODE': '0', 'CURRENT_SCHEMA': '/'}> for query: 'CREATE INDEX linked_to_idx_label IF NOT EXISTS\n    FOR ()-[r:LINKED_TO]-()\n    ON (r.post_label)'
17:43:35  INFO      Received notification from DBMS server: <GqlStatusObject gql_status='00NA0', status_description="note: successful completion - index or constraint already exists. The command 'CREATE RANGE INDEX linked_to_idx_timestamp IF NOT EXISTS FOR ()-[e:LINKED_TO]-() ON (e.timestamp)' has no effect. The index or constraint specified by 'RANGE INDEX linked_to_idx_timestamp FOR ()-[e:LINKED_TO]-() ON (e.timestamp)' already exists.", position=None, raw_classification='SCHEMA', classification=<NotificationClassification.SCHEMA: 'SCHEMA'>, raw_severity='INFORMATION', severity=<NotificationSeverity.INFORMATION: 'INFORMATION'>, diagnostic_record={'_classification': 'SCHEMA', '_severity': 'INFORMATION', 'OPERATION': '', 'OPERATION_CODE': '0', 'CURRENT_SCHEMA': '/'}> for query: 'CREATE INDEX linked_to_idx_timestamp IF NOT EXISTS\n    FOR ()-[r:LINKED_TO]-()\n    ON (r.timestamp)'
17:43:35  INFO      Neo4j schema and constraints applied.
17:43:35  INFO      Loading Subreddit nodes natively via LOAD CSV...
17:43:47  INFO      Loading Post nodes natively via LOAD CSV...
17:46:39  INFO      Loading Hyperlink edges natively via LOAD CSV...
17:47:35  INFO      Neo4j native bulk data load finished in 240.03 s.
17:47:35  INFO      === ETL Pipeline Complete! Ready for benchmarking ===
17:47:35  INFO      ETL metrics saved to data/etl_metrics.json
17:55:25  INFO      Starting entity resolution across TSV files...
17:55:25  INFO      Reading soc-redditHyperlinks-body.tsv...
17:55:58  INFO      Reading soc-redditHyperlinks-title.tsv...
18:06:10  INFO      Entity resolution complete in 645.34 s (processed 858488 rows):
18:06:10  INFO        -> Subreddit entities : 67180
18:06:11  INFO        -> Post entities      : 831014
18:06:11  INFO        -> Hyperlink edges    : 858488
18:06:11  INFO      === Exporting native CSV files for bulk loading ===
18:12:48  INFO      CSV export finished in 397.01 s.
18:13:53  INFO      === PostgreSQL: Connecting and applying DDL ===
18:13:57  INFO      PostgreSQL schema reset.
18:13:57  INFO      Native COPYing subreddits into PostgreSQL...
18:13:58  INFO      Native COPYing posts into PostgreSQL...
18:15:40  INFO      Native COPYing hyperlinks into PostgreSQL...
18:15:56  INFO      PostgreSQL native bulk data load finished in 119.22 s.
18:15:56  INFO      Applying deferred indexes and constraints (schema_indexes.sql)...
18:16:39  INFO      Deferred indexes and constraints applied.
18:16:39  INFO      Running VACUUM ANALYZE to compute table statistics...
18:16:47  INFO      PostgreSQL database ready and optimized.
18:16:47  INFO      === Neo4j: Connecting and applying constraints ===
18:16:47  INFO      Clearing existing Neo4j graph in batches to avoid OOM...
18:26:18  INFO      Starting entity resolution across TSV files...
18:26:18  INFO      Reading soc-redditHyperlinks-body.tsv...
18:26:32  INFO      Reading soc-redditHyperlinks-title.tsv...
18:26:50  INFO      Entity resolution complete in 32.13 s (processed 171697 rows):
18:26:50  INFO        -> Subreddit entities : 22057
18:26:50  INFO        -> Post entities      : 167187
18:26:50  INFO        -> Hyperlink edges    : 171697
18:26:50  INFO      === Exporting native CSV files for bulk loading ===
18:28:15  INFO      CSV export finished in 85.20 s.
18:28:15  INFO      === PostgreSQL: Connecting and applying DDL ===
18:29:07  INFO      PostgreSQL schema reset.
18:29:07  INFO      Native COPYing subreddits into PostgreSQL...
18:29:22  INFO      Native COPYing posts into PostgreSQL...
18:34:03  INFO      Native COPYing hyperlinks into PostgreSQL...
18:34:26  INFO      PostgreSQL native bulk data load finished in 319.75 s.
18:34:27  INFO      Applying deferred indexes and constraints (schema_indexes.sql)...
18:34:43  INFO      Deferred indexes and constraints applied.
18:34:43  INFO      Running VACUUM ANALYZE to compute table statistics...
18:34:46  INFO      PostgreSQL database ready and optimized.
18:34:46  INFO      === Neo4j: Connecting and applying constraints ===
18:34:47  INFO      Clearing existing Neo4j graph in batches to avoid OOM...
18:49:31  ERROR     [#D82E]  _: <CONNECTION> error: Failed to read from defunct connection IPv4Address(('localhost', 7687)) (ResolvedIPv6Address(('::1', 7687, 0, 0))): OSError('No data')
19:02:40  INFO      Starting entity resolution across TSV files...
19:02:40  INFO      Reading soc-redditHyperlinks-body.tsv...
19:02:48  INFO      Reading soc-redditHyperlinks-title.tsv...
19:03:05  INFO      Entity resolution complete in 25.08 s (processed 171697 rows):
19:03:05  INFO        -> Subreddit entities : 22057
19:03:05  INFO        -> Post entities      : 167187
19:03:05  INFO        -> Hyperlink edges    : 171697
19:03:05  INFO      === Exporting native CSV files for bulk loading ===
19:03:28  INFO      CSV export finished in 22.82 s.
19:03:28  INFO      === PostgreSQL: Connecting and applying DDL ===
19:03:31  INFO      PostgreSQL schema reset.
19:03:31  INFO      Native COPYing subreddits into PostgreSQL...
19:03:35  INFO      Native COPYing posts into PostgreSQL...
19:04:17  INFO      Native COPYing hyperlinks into PostgreSQL...
19:04:22  INFO      PostgreSQL native bulk data load finished in 50.88 s.
19:04:22  INFO      Applying deferred indexes and constraints (schema_indexes.sql)...
19:04:48  INFO      Deferred indexes and constraints applied.
19:04:48  INFO      Running VACUUM ANALYZE to compute table statistics...
19:04:49  INFO      PostgreSQL database ready and optimized.
19:04:49  INFO      === Neo4j: Connecting and applying constraints ===
19:04:49  INFO      Clearing relationships via APOC...
19:04:57  INFO      Clearing nodes via APOC...
19:07:58  ERROR     [#C6C7]  _: <CONNECTION> error: Failed to read from defunct connection IPv4Address(('localhost', 7687)) (ResolvedIPv6Address(('::1', 7687, 0, 0))): TimeoutError('timed out')
19:11:05  INFO      Starting entity resolution across TSV files...
19:11:05  INFO      Reading soc-redditHyperlinks-body.tsv...
19:11:15  INFO      Reading soc-redditHyperlinks-title.tsv...
19:11:30  INFO      Entity resolution complete in 25.25 s (processed 171697 rows):
19:11:30  INFO        -> Subreddit entities : 22057
19:11:30  INFO        -> Post entities      : 167187
19:11:30  INFO        -> Hyperlink edges    : 171697
19:11:30  INFO      === Exporting native CSV files for bulk loading ===
19:11:51  INFO      CSV export finished in 20.74 s.
19:11:51  INFO      === PostgreSQL: Connecting and applying DDL ===
19:40:43  INFO      Starting entity resolution across TSV files...
19:40:43  INFO      Reading soc-redditHyperlinks-body.tsv...
19:40:49  INFO      Reading soc-redditHyperlinks-title.tsv...
19:41:02  INFO      Entity resolution complete in 19.43 s (processed 171697 rows):
19:41:02  INFO        -> Subreddit entities : 22057
19:41:02  INFO        -> Post entities      : 167187
19:41:02  INFO        -> Hyperlink edges    : 171697
19:41:02  INFO      === Exporting native CSV files for bulk loading ===
19:41:19  INFO      CSV export finished in 16.43 s.
19:41:19  INFO      === PostgreSQL: Connecting and applying DDL ===
19:41:20  INFO      PostgreSQL schema reset.
19:41:20  INFO      Native COPYing subreddits into PostgreSQL...
19:41:21  INFO      Native COPYing posts into PostgreSQL...
19:41:29  INFO      Native COPYing hyperlinks into PostgreSQL...
19:41:30  INFO      PostgreSQL native bulk data load finished in 9.68 s.
19:41:30  INFO      Applying deferred indexes and constraints (schema_indexes.sql)...
19:41:34  INFO      Deferred indexes and constraints applied.
19:41:34  INFO      Running VACUUM ANALYZE to compute table statistics...
19:41:35  INFO      PostgreSQL database ready and optimized.
19:41:35  INFO      === Neo4j: Connecting and applying constraints ===
19:41:36  INFO      Clearing relationships via APOC...
19:41:37  INFO      Clearing nodes via APOC...
19:43:35  INFO      Received notification from DBMS server: <GqlStatusObject gql_status='00NA0', status_description="note: successful completion - index or constraint already exists. The command 'CREATE CONSTRAINT subreddit_name_unique IF NOT EXISTS FOR (e:Subreddit) REQUIRE (e.name) IS UNIQUE' has no effect. The index or constraint specified by 'CONSTRAINT subreddit_name_unique FOR (e:Subreddit) REQUIRE (e.name) IS UNIQUE' already exists.", position=None, raw_classification='SCHEMA', classification=<NotificationClassification.SCHEMA: 'SCHEMA'>, raw_severity='INFORMATION', severity=<NotificationSeverity.INFORMATION: 'INFORMATION'>, diagnostic_record={'_classification': 'SCHEMA', '_severity': 'INFORMATION', 'OPERATION': '', 'OPERATION_CODE': '0', 'CURRENT_SCHEMA': '/'}> for query: 'CREATE CONSTRAINT subreddit_name_unique IF NOT EXISTS\n    FOR (s:Subreddit)\n    REQUIRE s.name IS UNIQUE'
19:43:35  INFO      Received notification from DBMS server: <GqlStatusObject gql_status='00NA0', status_description="note: successful completion - index or constraint already exists. The command 'CREATE CONSTRAINT post_id_unique IF NOT EXISTS FOR (e:Post) REQUIRE (e.post_id) IS UNIQUE' has no effect. The index or constraint specified by 'CONSTRAINT post_id_unique FOR (e:Post) REQUIRE (e.post_id) IS UNIQUE' already exists.", position=None, raw_classification='SCHEMA', classification=<NotificationClassification.SCHEMA: 'SCHEMA'>, raw_severity='INFORMATION', severity=<NotificationSeverity.INFORMATION: 'INFORMATION'>, diagnostic_record={'_classification': 'SCHEMA', '_severity': 'INFORMATION', 'OPERATION': '', 'OPERATION_CODE': '0', 'CURRENT_SCHEMA': '/'}> for query: 'CREATE CONSTRAINT post_id_unique IF NOT EXISTS\n    FOR (p:Post)\n    REQUIRE p.post_id IS UNIQUE'
19:43:35  INFO      Received notification from DBMS server: <GqlStatusObject gql_status='00NA0', status_description="note: successful completion - index or constraint already exists. The command 'CREATE RANGE INDEX post_idx_label IF NOT EXISTS FOR (e:Post) ON (e.post_label)' has no effect. The index or constraint specified by 'RANGE INDEX post_idx_label FOR (e:Post) ON (e.post_label)' already exists.", position=None, raw_classification='SCHEMA', classification=<NotificationClassification.SCHEMA: 'SCHEMA'>, raw_severity='INFORMATION', severity=<NotificationSeverity.INFORMATION: 'INFORMATION'>, diagnostic_record={'_classification': 'SCHEMA', '_severity': 'INFORMATION', 'OPERATION': '', 'OPERATION_CODE': '0', 'CURRENT_SCHEMA': '/'}> for query: 'CREATE INDEX post_idx_label IF NOT EXISTS\n    FOR (p:Post)\n    ON (p.post_label)'
19:43:35  INFO      Received notification from DBMS server: <GqlStatusObject gql_status='00NA0', status_description="note: successful completion - index or constraint already exists. The command 'CREATE RANGE INDEX post_idx_label_type IF NOT EXISTS FOR (e:Post) ON (e.post_label, e.source_type)' has no effect. The index or constraint specified by 'RANGE INDEX post_idx_label_type FOR (e:Post) ON (e.post_label, e.source_type)' already exists.", position=None, raw_classification='SCHEMA', classification=<NotificationClassification.SCHEMA: 'SCHEMA'>, raw_severity='INFORMATION', severity=<NotificationSeverity.INFORMATION: 'INFORMATION'>, diagnostic_record={'_classification': 'SCHEMA', '_severity': 'INFORMATION', 'OPERATION': '', 'OPERATION_CODE': '0', 'CURRENT_SCHEMA': '/'}> for query: 'CREATE INDEX post_idx_label_type IF NOT EXISTS\n    FOR (p:Post)\n    ON (p.post_label, p.source_type)'
19:43:35  INFO      Received notification from DBMS server: <GqlStatusObject gql_status='00NA0', status_description="note: successful completion - index or constraint already exists. The command 'CREATE RANGE INDEX post_idx_timestamp IF NOT EXISTS FOR (e:Post) ON (e.timestamp)' has no effect. The index or constraint specified by 'RANGE INDEX post_idx_timestamp FOR (e:Post) ON (e.timestamp)' already exists.", position=None, raw_classification='SCHEMA', classification=<NotificationClassification.SCHEMA: 'SCHEMA'>, raw_severity='INFORMATION', severity=<NotificationSeverity.INFORMATION: 'INFORMATION'>, diagnostic_record={'_classification': 'SCHEMA', '_severity': 'INFORMATION', 'OPERATION': '', 'OPERATION_CODE': '0', 'CURRENT_SCHEMA': '/'}> for query: 'CREATE INDEX post_idx_timestamp IF NOT EXISTS\n    FOR (p:Post)\n    ON (p.timestamp)'
19:43:35  INFO      Received notification from DBMS server: <GqlStatusObject gql_status='00NA0', status_description="note: successful completion - index or constraint already exists. The command 'CREATE RANGE INDEX linked_to_idx_label IF NOT EXISTS FOR ()-[e:LINKED_TO]-() ON (e.post_label)' has no effect. The index or constraint specified by 'RANGE INDEX linked_to_idx_label FOR ()-[e:LINKED_TO]-() ON (e.post_label)' already exists.", position=None, raw_classification='SCHEMA', classification=<NotificationClassification.SCHEMA: 'SCHEMA'>, raw_severity='INFORMATION', severity=<NotificationSeverity.INFORMATION: 'INFORMATION'>, diagnostic_record={'_classification': 'SCHEMA', '_severity': 'INFORMATION', 'OPERATION': '', 'OPERATION_CODE': '0', 'CURRENT_SCHEMA': '/'}> for query: 'CREATE INDEX linked_to_idx_label IF NOT EXISTS\n    FOR ()-[r:LINKED_TO]-()\n    ON (r.post_label)'
19:43:35  INFO      Received notification from DBMS server: <GqlStatusObject gql_status='00NA0', status_description="note: successful completion - index or constraint already exists. The command 'CREATE RANGE INDEX linked_to_idx_timestamp IF NOT EXISTS FOR ()-[e:LINKED_TO]-() ON (e.timestamp)' has no effect. The index or constraint specified by 'RANGE INDEX linked_to_idx_timestamp FOR ()-[e:LINKED_TO]-() ON (e.timestamp)' already exists.", position=None, raw_classification='SCHEMA', classification=<NotificationClassification.SCHEMA: 'SCHEMA'>, raw_severity='INFORMATION', severity=<NotificationSeverity.INFORMATION: 'INFORMATION'>, diagnostic_record={'_classification': 'SCHEMA', '_severity': 'INFORMATION', 'OPERATION': '', 'OPERATION_CODE': '0', 'CURRENT_SCHEMA': '/'}> for query: 'CREATE INDEX linked_to_idx_timestamp IF NOT EXISTS\n    FOR ()-[r:LINKED_TO]-()\n    ON (r.timestamp)'
19:43:35  INFO      Neo4j schema and constraints applied.
19:43:35  INFO      Loading Subreddit nodes natively via LOAD CSV...
19:43:40  INFO      Loading Post nodes natively via LOAD CSV...
19:44:56  INFO      Loading Hyperlink edges natively via LOAD CSV...
19:45:24  INFO      Neo4j native bulk data load finished in 109.19 s.
19:45:24  INFO      === ETL Pipeline Complete! Ready for benchmarking ===
19:45:24  INFO      ETL metrics saved to data/etl_metrics.json
19:48:28  INFO      Starting entity resolution across TSV files...
19:48:28  INFO      Reading soc-redditHyperlinks-body.tsv...
19:48:46  INFO      Reading soc-redditHyperlinks-title.tsv...
19:49:16  INFO      Entity resolution complete in 47.70 s (processed 429245 rows):
19:49:16  INFO        -> Subreddit entities : 40889
19:49:16  INFO        -> Post entities      : 417877
19:49:16  INFO        -> Hyperlink edges    : 429245
19:49:16  INFO      === Exporting native CSV files for bulk loading ===
19:50:13  INFO      CSV export finished in 57.41 s.
19:50:13  INFO      === PostgreSQL: Connecting and applying DDL ===
19:50:15  INFO      PostgreSQL schema reset.
19:50:15  INFO      Native COPYing subreddits into PostgreSQL...
19:50:17  INFO      Native COPYing posts into PostgreSQL...
19:50:55  INFO      Native COPYing hyperlinks into PostgreSQL...
19:50:59  INFO      PostgreSQL native bulk data load finished in 43.23 s.
19:50:59  INFO      Applying deferred indexes and constraints (schema_indexes.sql)...
19:51:11  INFO      Deferred indexes and constraints applied.
19:51:11  INFO      Running VACUUM ANALYZE to compute table statistics...
19:51:16  INFO      PostgreSQL database ready and optimized.
19:51:16  INFO      === Neo4j: Connecting and applying constraints ===
19:51:16  INFO      Clearing relationships via APOC...
19:51:16  INFO      Clearing nodes via APOC...
19:53:13  INFO      Received notification from DBMS server: <GqlStatusObject gql_status='00NA0', status_description="note: successful completion - index or constraint already exists. The command 'CREATE CONSTRAINT subreddit_name_unique IF NOT EXISTS FOR (e:Subreddit) REQUIRE (e.name) IS UNIQUE' has no effect. The index or constraint specified by 'CONSTRAINT subreddit_name_unique FOR (e:Subreddit) REQUIRE (e.name) IS UNIQUE' already exists.", position=None, raw_classification='SCHEMA', classification=<NotificationClassification.SCHEMA: 'SCHEMA'>, raw_severity='INFORMATION', severity=<NotificationSeverity.INFORMATION: 'INFORMATION'>, diagnostic_record={'_classification': 'SCHEMA', '_severity': 'INFORMATION', 'OPERATION': '', 'OPERATION_CODE': '0', 'CURRENT_SCHEMA': '/'}> for query: 'CREATE CONSTRAINT subreddit_name_unique IF NOT EXISTS\n    FOR (s:Subreddit)\n    REQUIRE s.name IS UNIQUE'
19:53:13  INFO      Received notification from DBMS server: <GqlStatusObject gql_status='00NA0', status_description="note: successful completion - index or constraint already exists. The command 'CREATE CONSTRAINT post_id_unique IF NOT EXISTS FOR (e:Post) REQUIRE (e.post_id) IS UNIQUE' has no effect. The index or constraint specified by 'CONSTRAINT post_id_unique FOR (e:Post) REQUIRE (e.post_id) IS UNIQUE' already exists.", position=None, raw_classification='SCHEMA', classification=<NotificationClassification.SCHEMA: 'SCHEMA'>, raw_severity='INFORMATION', severity=<NotificationSeverity.INFORMATION: 'INFORMATION'>, diagnostic_record={'_classification': 'SCHEMA', '_severity': 'INFORMATION', 'OPERATION': '', 'OPERATION_CODE': '0', 'CURRENT_SCHEMA': '/'}> for query: 'CREATE CONSTRAINT post_id_unique IF NOT EXISTS\n    FOR (p:Post)\n    REQUIRE p.post_id IS UNIQUE'
19:53:13  INFO      Received notification from DBMS server: <GqlStatusObject gql_status='00NA0', status_description="note: successful completion - index or constraint already exists. The command 'CREATE RANGE INDEX post_idx_label IF NOT EXISTS FOR (e:Post) ON (e.post_label)' has no effect. The index or constraint specified by 'RANGE INDEX post_idx_label FOR (e:Post) ON (e.post_label)' already exists.", position=None, raw_classification='SCHEMA', classification=<NotificationClassification.SCHEMA: 'SCHEMA'>, raw_severity='INFORMATION', severity=<NotificationSeverity.INFORMATION: 'INFORMATION'>, diagnostic_record={'_classification': 'SCHEMA', '_severity': 'INFORMATION', 'OPERATION': '', 'OPERATION_CODE': '0', 'CURRENT_SCHEMA': '/'}> for query: 'CREATE INDEX post_idx_label IF NOT EXISTS\n    FOR (p:Post)\n    ON (p.post_label)'
19:53:13  INFO      Received notification from DBMS server: <GqlStatusObject gql_status='00NA0', status_description="note: successful completion - index or constraint already exists. The command 'CREATE RANGE INDEX post_idx_label_type IF NOT EXISTS FOR (e:Post) ON (e.post_label, e.source_type)' has no effect. The index or constraint specified by 'RANGE INDEX post_idx_label_type FOR (e:Post) ON (e.post_label, e.source_type)' already exists.", position=None, raw_classification='SCHEMA', classification=<NotificationClassification.SCHEMA: 'SCHEMA'>, raw_severity='INFORMATION', severity=<NotificationSeverity.INFORMATION: 'INFORMATION'>, diagnostic_record={'_classification': 'SCHEMA', '_severity': 'INFORMATION', 'OPERATION': '', 'OPERATION_CODE': '0', 'CURRENT_SCHEMA': '/'}> for query: 'CREATE INDEX post_idx_label_type IF NOT EXISTS\n    FOR (p:Post)\n    ON (p.post_label, p.source_type)'
19:53:13  INFO      Received notification from DBMS server: <GqlStatusObject gql_status='00NA0', status_description="note: successful completion - index or constraint already exists. The command 'CREATE RANGE INDEX post_idx_timestamp IF NOT EXISTS FOR (e:Post) ON (e.timestamp)' has no effect. The index or constraint specified by 'RANGE INDEX post_idx_timestamp FOR (e:Post) ON (e.timestamp)' already exists.", position=None, raw_classification='SCHEMA', classification=<NotificationClassification.SCHEMA: 'SCHEMA'>, raw_severity='INFORMATION', severity=<NotificationSeverity.INFORMATION: 'INFORMATION'>, diagnostic_record={'_classification': 'SCHEMA', '_severity': 'INFORMATION', 'OPERATION': '', 'OPERATION_CODE': '0', 'CURRENT_SCHEMA': '/'}> for query: 'CREATE INDEX post_idx_timestamp IF NOT EXISTS\n    FOR (p:Post)\n    ON (p.timestamp)'
19:53:13  INFO      Received notification from DBMS server: <GqlStatusObject gql_status='00NA0', status_description="note: successful completion - index or constraint already exists. The command 'CREATE RANGE INDEX linked_to_idx_label IF NOT EXISTS FOR ()-[e:LINKED_TO]-() ON (e.post_label)' has no effect. The index or constraint specified by 'RANGE INDEX linked_to_idx_label FOR ()-[e:LINKED_TO]-() ON (e.post_label)' already exists.", position=None, raw_classification='SCHEMA', classification=<NotificationClassification.SCHEMA: 'SCHEMA'>, raw_severity='INFORMATION', severity=<NotificationSeverity.INFORMATION: 'INFORMATION'>, diagnostic_record={'_classification': 'SCHEMA', '_severity': 'INFORMATION', 'OPERATION': '', 'OPERATION_CODE': '0', 'CURRENT_SCHEMA': '/'}> for query: 'CREATE INDEX linked_to_idx_label IF NOT EXISTS\n    FOR ()-[r:LINKED_TO]-()\n    ON (r.post_label)'
19:53:13  INFO      Received notification from DBMS server: <GqlStatusObject gql_status='00NA0', status_description="note: successful completion - index or constraint already exists. The command 'CREATE RANGE INDEX linked_to_idx_timestamp IF NOT EXISTS FOR ()-[e:LINKED_TO]-() ON (e.timestamp)' has no effect. The index or constraint specified by 'RANGE INDEX linked_to_idx_timestamp FOR ()-[e:LINKED_TO]-() ON (e.timestamp)' already exists.", position=None, raw_classification='SCHEMA', classification=<NotificationClassification.SCHEMA: 'SCHEMA'>, raw_severity='INFORMATION', severity=<NotificationSeverity.INFORMATION: 'INFORMATION'>, diagnostic_record={'_classification': 'SCHEMA', '_severity': 'INFORMATION', 'OPERATION': '', 'OPERATION_CODE': '0', 'CURRENT_SCHEMA': '/'}> for query: 'CREATE INDEX linked_to_idx_timestamp IF NOT EXISTS\n    FOR ()-[r:LINKED_TO]-()\n    ON (r.timestamp)'
19:53:13  INFO      Neo4j schema and constraints applied.
19:53:13  INFO      Loading Subreddit nodes natively via LOAD CSV...
19:53:15  INFO      Loading Post nodes natively via LOAD CSV...
19:55:40  INFO      Loading Hyperlink edges natively via LOAD CSV...
19:56:43  INFO      Neo4j native bulk data load finished in 210.82 s.
19:56:44  INFO      === ETL Pipeline Complete! Ready for benchmarking ===
19:56:44  INFO      ETL metrics saved to data/etl_metrics.json
20:05:16  INFO      Starting entity resolution across TSV files...
20:05:16  INFO      Reading soc-redditHyperlinks-body.tsv...
20:06:02  INFO      Reading soc-redditHyperlinks-title.tsv...
20:12:21  INFO      Entity resolution complete in 425.18 s (processed 858488 rows):
20:12:21  INFO        -> Subreddit entities : 67180
20:12:21  INFO        -> Post entities      : 831014
20:12:21  INFO        -> Hyperlink edges    : 858488
20:12:21  INFO      === Exporting native CSV files for bulk loading ===
20:18:36  INFO      CSV export finished in 375.44 s.
20:18:57  INFO      === PostgreSQL: Connecting and applying DDL ===
20:19:08  INFO      PostgreSQL schema reset.
20:19:08  INFO      Native COPYing subreddits into PostgreSQL...
20:19:10  INFO      Native COPYing posts into PostgreSQL...
20:20:51  INFO      Native COPYing hyperlinks into PostgreSQL...
20:21:04  INFO      PostgreSQL native bulk data load finished in 116.10 s.
20:21:04  INFO      Applying deferred indexes and constraints (schema_indexes.sql)...
20:21:45  INFO      Deferred indexes and constraints applied.
20:21:45  INFO      Running VACUUM ANALYZE to compute table statistics...
20:21:54  INFO      PostgreSQL database ready and optimized.
20:21:54  INFO      === Neo4j: Connecting and applying constraints ===
20:21:54  INFO      Clearing relationships via APOC...
20:21:54  INFO      Clearing nodes via APOC...
20:25:27  INFO      Received notification from DBMS server: <GqlStatusObject gql_status='00NA0', status_description="note: successful completion - index or constraint already exists. The command 'CREATE CONSTRAINT subreddit_name_unique IF NOT EXISTS FOR (e:Subreddit) REQUIRE (e.name) IS UNIQUE' has no effect. The index or constraint specified by 'CONSTRAINT subreddit_name_unique FOR (e:Subreddit) REQUIRE (e.name) IS UNIQUE' already exists.", position=None, raw_classification='SCHEMA', classification=<NotificationClassification.SCHEMA: 'SCHEMA'>, raw_severity='INFORMATION', severity=<NotificationSeverity.INFORMATION: 'INFORMATION'>, diagnostic_record={'_classification': 'SCHEMA', '_severity': 'INFORMATION', 'OPERATION': '', 'OPERATION_CODE': '0', 'CURRENT_SCHEMA': '/'}> for query: 'CREATE CONSTRAINT subreddit_name_unique IF NOT EXISTS\n    FOR (s:Subreddit)\n    REQUIRE s.name IS UNIQUE'
20:25:27  INFO      Received notification from DBMS server: <GqlStatusObject gql_status='00NA0', status_description="note: successful completion - index or constraint already exists. The command 'CREATE CONSTRAINT post_id_unique IF NOT EXISTS FOR (e:Post) REQUIRE (e.post_id) IS UNIQUE' has no effect. The index or constraint specified by 'CONSTRAINT post_id_unique FOR (e:Post) REQUIRE (e.post_id) IS UNIQUE' already exists.", position=None, raw_classification='SCHEMA', classification=<NotificationClassification.SCHEMA: 'SCHEMA'>, raw_severity='INFORMATION', severity=<NotificationSeverity.INFORMATION: 'INFORMATION'>, diagnostic_record={'_classification': 'SCHEMA', '_severity': 'INFORMATION', 'OPERATION': '', 'OPERATION_CODE': '0', 'CURRENT_SCHEMA': '/'}> for query: 'CREATE CONSTRAINT post_id_unique IF NOT EXISTS\n    FOR (p:Post)\n    REQUIRE p.post_id IS UNIQUE'
20:25:27  INFO      Received notification from DBMS server: <GqlStatusObject gql_status='00NA0', status_description="note: successful completion - index or constraint already exists. The command 'CREATE RANGE INDEX post_idx_label IF NOT EXISTS FOR (e:Post) ON (e.post_label)' has no effect. The index or constraint specified by 'RANGE INDEX post_idx_label FOR (e:Post) ON (e.post_label)' already exists.", position=None, raw_classification='SCHEMA', classification=<NotificationClassification.SCHEMA: 'SCHEMA'>, raw_severity='INFORMATION', severity=<NotificationSeverity.INFORMATION: 'INFORMATION'>, diagnostic_record={'_classification': 'SCHEMA', '_severity': 'INFORMATION', 'OPERATION': '', 'OPERATION_CODE': '0', 'CURRENT_SCHEMA': '/'}> for query: 'CREATE INDEX post_idx_label IF NOT EXISTS\n    FOR (p:Post)\n    ON (p.post_label)'
20:25:28  INFO      Received notification from DBMS server: <GqlStatusObject gql_status='00NA0', status_description="note: successful completion - index or constraint already exists. The command 'CREATE RANGE INDEX post_idx_label_type IF NOT EXISTS FOR (e:Post) ON (e.post_label, e.source_type)' has no effect. The index or constraint specified by 'RANGE INDEX post_idx_label_type FOR (e:Post) ON (e.post_label, e.source_type)' already exists.", position=None, raw_classification='SCHEMA', classification=<NotificationClassification.SCHEMA: 'SCHEMA'>, raw_severity='INFORMATION', severity=<NotificationSeverity.INFORMATION: 'INFORMATION'>, diagnostic_record={'_classification': 'SCHEMA', '_severity': 'INFORMATION', 'OPERATION': '', 'OPERATION_CODE': '0', 'CURRENT_SCHEMA': '/'}> for query: 'CREATE INDEX post_idx_label_type IF NOT EXISTS\n    FOR (p:Post)\n    ON (p.post_label, p.source_type)'
20:25:28  INFO      Received notification from DBMS server: <GqlStatusObject gql_status='00NA0', status_description="note: successful completion - index or constraint already exists. The command 'CREATE RANGE INDEX post_idx_timestamp IF NOT EXISTS FOR (e:Post) ON (e.timestamp)' has no effect. The index or constraint specified by 'RANGE INDEX post_idx_timestamp FOR (e:Post) ON (e.timestamp)' already exists.", position=None, raw_classification='SCHEMA', classification=<NotificationClassification.SCHEMA: 'SCHEMA'>, raw_severity='INFORMATION', severity=<NotificationSeverity.INFORMATION: 'INFORMATION'>, diagnostic_record={'_classification': 'SCHEMA', '_severity': 'INFORMATION', 'OPERATION': '', 'OPERATION_CODE': '0', 'CURRENT_SCHEMA': '/'}> for query: 'CREATE INDEX post_idx_timestamp IF NOT EXISTS\n    FOR (p:Post)\n    ON (p.timestamp)'
20:25:28  INFO      Received notification from DBMS server: <GqlStatusObject gql_status='00NA0', status_description="note: successful completion - index or constraint already exists. The command 'CREATE RANGE INDEX linked_to_idx_label IF NOT EXISTS FOR ()-[e:LINKED_TO]-() ON (e.post_label)' has no effect. The index or constraint specified by 'RANGE INDEX linked_to_idx_label FOR ()-[e:LINKED_TO]-() ON (e.post_label)' already exists.", position=None, raw_classification='SCHEMA', classification=<NotificationClassification.SCHEMA: 'SCHEMA'>, raw_severity='INFORMATION', severity=<NotificationSeverity.INFORMATION: 'INFORMATION'>, diagnostic_record={'_classification': 'SCHEMA', '_severity': 'INFORMATION', 'OPERATION': '', 'OPERATION_CODE': '0', 'CURRENT_SCHEMA': '/'}> for query: 'CREATE INDEX linked_to_idx_label IF NOT EXISTS\n    FOR ()-[r:LINKED_TO]-()\n    ON (r.post_label)'
20:25:28  INFO      Received notification from DBMS server: <GqlStatusObject gql_status='00NA0', status_description="note: successful completion - index or constraint already exists. The command 'CREATE RANGE INDEX linked_to_idx_timestamp IF NOT EXISTS FOR ()-[e:LINKED_TO]-() ON (e.timestamp)' has no effect. The index or constraint specified by 'RANGE INDEX linked_to_idx_timestamp FOR ()-[e:LINKED_TO]-() ON (e.timestamp)' already exists.", position=None, raw_classification='SCHEMA', classification=<NotificationClassification.SCHEMA: 'SCHEMA'>, raw_severity='INFORMATION', severity=<NotificationSeverity.INFORMATION: 'INFORMATION'>, diagnostic_record={'_classification': 'SCHEMA', '_severity': 'INFORMATION', 'OPERATION': '', 'OPERATION_CODE': '0', 'CURRENT_SCHEMA': '/'}> for query: 'CREATE INDEX linked_to_idx_timestamp IF NOT EXISTS\n    FOR ()-[r:LINKED_TO]-()\n    ON (r.timestamp)'
20:25:28  INFO      Neo4j schema and constraints applied.
20:25:28  INFO      Loading Subreddit nodes natively via LOAD CSV...
20:25:33  INFO      Loading Post nodes natively via LOAD CSV...
20:30:54  INFO      Loading Hyperlink edges natively via LOAD CSV...
20:34:21  INFO      Neo4j native bulk data load finished in 533.68 s.
20:34:21  INFO      === ETL Pipeline Complete! Ready for benchmarking ===
20:34:21  INFO      ETL metrics saved to data/etl_metrics.json
21:39:09  INFO      Starting entity resolution across TSV files...
21:39:09  INFO      Reading soc-redditHyperlinks-body.tsv...
21:39:37  INFO      Reading soc-redditHyperlinks-title.tsv...
21:40:19  INFO      Entity resolution complete in 70.32 s (processed 171697 rows):
21:40:19  INFO        -> Subreddit entities : 22057
21:40:19  INFO        -> Post entities      : 167187
21:40:19  INFO        -> Hyperlink edges    : 171697
21:40:19  INFO      === Exporting native CSV files for bulk loading ===
21:40:42  INFO      CSV export finished in 23.12 s.
21:40:42  INFO      === PostgreSQL: Connecting and applying DDL ===
22:06:31  INFO      PostgreSQL schema reset.
22:06:32  INFO      Native COPYing subreddits into PostgreSQL...
22:06:32  INFO      Native COPYing posts into PostgreSQL...
22:06:48  INFO      Native COPYing hyperlinks into PostgreSQL...
22:06:50  INFO      PostgreSQL native bulk data load finished in 18.30 s.
22:06:50  INFO      Applying deferred indexes and constraints (schema_indexes.sql)...
22:06:52  INFO      Deferred indexes and constraints applied.
22:06:52  INFO      Running VACUUM ANALYZE to compute table statistics...
22:06:53  INFO      PostgreSQL database ready and optimized.
22:06:53  INFO      === Neo4j: Connecting and applying constraints ===
22:06:53  INFO      Clearing relationships via APOC...
22:07:01  INFO      Clearing nodes via APOC...
22:13:23  INFO      Received notification from DBMS server: <GqlStatusObject gql_status='00NA0', status_description="note: successful completion - index or constraint already exists. The command 'CREATE CONSTRAINT subreddit_name_unique IF NOT EXISTS FOR (e:Subreddit) REQUIRE (e.name) IS UNIQUE' has no effect. The index or constraint specified by 'CONSTRAINT subreddit_name_unique FOR (e:Subreddit) REQUIRE (e.name) IS UNIQUE' already exists.", position=None, raw_classification='SCHEMA', classification=<NotificationClassification.SCHEMA: 'SCHEMA'>, raw_severity='INFORMATION', severity=<NotificationSeverity.INFORMATION: 'INFORMATION'>, diagnostic_record={'_classification': 'SCHEMA', '_severity': 'INFORMATION', 'OPERATION': '', 'OPERATION_CODE': '0', 'CURRENT_SCHEMA': '/'}> for query: 'CREATE CONSTRAINT subreddit_name_unique IF NOT EXISTS\n    FOR (s:Subreddit)\n    REQUIRE s.name IS UNIQUE'
22:13:23  INFO      Received notification from DBMS server: <GqlStatusObject gql_status='00NA0', status_description="note: successful completion - index or constraint already exists. The command 'CREATE CONSTRAINT post_id_unique IF NOT EXISTS FOR (e:Post) REQUIRE (e.post_id) IS UNIQUE' has no effect. The index or constraint specified by 'CONSTRAINT post_id_unique FOR (e:Post) REQUIRE (e.post_id) IS UNIQUE' already exists.", position=None, raw_classification='SCHEMA', classification=<NotificationClassification.SCHEMA: 'SCHEMA'>, raw_severity='INFORMATION', severity=<NotificationSeverity.INFORMATION: 'INFORMATION'>, diagnostic_record={'_classification': 'SCHEMA', '_severity': 'INFORMATION', 'OPERATION': '', 'OPERATION_CODE': '0', 'CURRENT_SCHEMA': '/'}> for query: 'CREATE CONSTRAINT post_id_unique IF NOT EXISTS\n    FOR (p:Post)\n    REQUIRE p.post_id IS UNIQUE'
22:13:24  INFO      Received notification from DBMS server: <GqlStatusObject gql_status='00NA0', status_description="note: successful completion - index or constraint already exists. The command 'CREATE RANGE INDEX post_idx_label IF NOT EXISTS FOR (e:Post) ON (e.post_label)' has no effect. The index or constraint specified by 'RANGE INDEX post_idx_label FOR (e:Post) ON (e.post_label)' already exists.", position=None, raw_classification='SCHEMA', classification=<NotificationClassification.SCHEMA: 'SCHEMA'>, raw_severity='INFORMATION', severity=<NotificationSeverity.INFORMATION: 'INFORMATION'>, diagnostic_record={'_classification': 'SCHEMA', '_severity': 'INFORMATION', 'OPERATION': '', 'OPERATION_CODE': '0', 'CURRENT_SCHEMA': '/'}> for query: 'CREATE INDEX post_idx_label IF NOT EXISTS\n    FOR (p:Post)\n    ON (p.post_label)'
22:13:24  INFO      Received notification from DBMS server: <GqlStatusObject gql_status='00NA0', status_description="note: successful completion - index or constraint already exists. The command 'CREATE RANGE INDEX post_idx_label_type IF NOT EXISTS FOR (e:Post) ON (e.post_label, e.source_type)' has no effect. The index or constraint specified by 'RANGE INDEX post_idx_label_type FOR (e:Post) ON (e.post_label, e.source_type)' already exists.", position=None, raw_classification='SCHEMA', classification=<NotificationClassification.SCHEMA: 'SCHEMA'>, raw_severity='INFORMATION', severity=<NotificationSeverity.INFORMATION: 'INFORMATION'>, diagnostic_record={'_classification': 'SCHEMA', '_severity': 'INFORMATION', 'OPERATION': '', 'OPERATION_CODE': '0', 'CURRENT_SCHEMA': '/'}> for query: 'CREATE INDEX post_idx_label_type IF NOT EXISTS\n    FOR (p:Post)\n    ON (p.post_label, p.source_type)'
22:13:24  INFO      Received notification from DBMS server: <GqlStatusObject gql_status='00NA0', status_description="note: successful completion - index or constraint already exists. The command 'CREATE RANGE INDEX post_idx_timestamp IF NOT EXISTS FOR (e:Post) ON (e.timestamp)' has no effect. The index or constraint specified by 'RANGE INDEX post_idx_timestamp FOR (e:Post) ON (e.timestamp)' already exists.", position=None, raw_classification='SCHEMA', classification=<NotificationClassification.SCHEMA: 'SCHEMA'>, raw_severity='INFORMATION', severity=<NotificationSeverity.INFORMATION: 'INFORMATION'>, diagnostic_record={'_classification': 'SCHEMA', '_severity': 'INFORMATION', 'OPERATION': '', 'OPERATION_CODE': '0', 'CURRENT_SCHEMA': '/'}> for query: 'CREATE INDEX post_idx_timestamp IF NOT EXISTS\n    FOR (p:Post)\n    ON (p.timestamp)'
22:13:24  INFO      Received notification from DBMS server: <GqlStatusObject gql_status='00NA0', status_description="note: successful completion - index or constraint already exists. The command 'CREATE RANGE INDEX linked_to_idx_label IF NOT EXISTS FOR ()-[e:LINKED_TO]-() ON (e.post_label)' has no effect. The index or constraint specified by 'RANGE INDEX linked_to_idx_label FOR ()-[e:LINKED_TO]-() ON (e.post_label)' already exists.", position=None, raw_classification='SCHEMA', classification=<NotificationClassification.SCHEMA: 'SCHEMA'>, raw_severity='INFORMATION', severity=<NotificationSeverity.INFORMATION: 'INFORMATION'>, diagnostic_record={'_classification': 'SCHEMA', '_severity': 'INFORMATION', 'OPERATION': '', 'OPERATION_CODE': '0', 'CURRENT_SCHEMA': '/'}> for query: 'CREATE INDEX linked_to_idx_label IF NOT EXISTS\n    FOR ()-[r:LINKED_TO]-()\n    ON (r.post_label)'
22:13:24  INFO      Received notification from DBMS server: <GqlStatusObject gql_status='00NA0', status_description="note: successful completion - index or constraint already exists. The command 'CREATE RANGE INDEX linked_to_idx_timestamp IF NOT EXISTS FOR ()-[e:LINKED_TO]-() ON (e.timestamp)' has no effect. The index or constraint specified by 'RANGE INDEX linked_to_idx_timestamp FOR ()-[e:LINKED_TO]-() ON (e.timestamp)' already exists.", position=None, raw_classification='SCHEMA', classification=<NotificationClassification.SCHEMA: 'SCHEMA'>, raw_severity='INFORMATION', severity=<NotificationSeverity.INFORMATION: 'INFORMATION'>, diagnostic_record={'_classification': 'SCHEMA', '_severity': 'INFORMATION', 'OPERATION': '', 'OPERATION_CODE': '0', 'CURRENT_SCHEMA': '/'}> for query: 'CREATE INDEX linked_to_idx_timestamp IF NOT EXISTS\n    FOR ()-[r:LINKED_TO]-()\n    ON (r.timestamp)'
22:13:24  INFO      Neo4j schema and constraints applied.
22:13:24  INFO      Loading Subreddit nodes natively via LOAD CSV...
22:13:34  INFO      Loading Post nodes natively via LOAD CSV...
22:15:01  INFO      Loading Hyperlink edges natively via LOAD CSV...
22:15:54  INFO      Neo4j native bulk data load finished in 150.30 s.
22:15:54  INFO      === ETL Pipeline Complete! Ready for benchmarking ===
22:15:54  INFO      ETL metrics saved to data/etl_metrics.json
22:19:29  INFO      Starting entity resolution across TSV files...
22:19:29  INFO      Reading soc-redditHyperlinks-body.tsv...
22:19:51  INFO      Reading soc-redditHyperlinks-title.tsv...
22:20:21  INFO      Entity resolution complete in 51.48 s (processed 429245 rows):
22:20:21  INFO        -> Subreddit entities : 40889
22:20:21  INFO        -> Post entities      : 417877
22:20:21  INFO        -> Hyperlink edges    : 429245
22:20:21  INFO      === Exporting native CSV files for bulk loading ===
22:21:01  INFO      CSV export finished in 40.60 s.
22:21:01  INFO      === PostgreSQL: Connecting and applying DDL ===
22:21:03  INFO      PostgreSQL schema reset.
22:21:03  INFO      Native COPYing subreddits into PostgreSQL...
22:21:10  INFO      Native COPYing posts into PostgreSQL...
22:21:41  INFO      Native COPYing hyperlinks into PostgreSQL...
22:21:48  INFO      PostgreSQL native bulk data load finished in 44.28 s.
22:21:48  INFO      Applying deferred indexes and constraints (schema_indexes.sql)...
22:22:02  INFO      Deferred indexes and constraints applied.
22:22:02  INFO      Running VACUUM ANALYZE to compute table statistics...
22:22:07  INFO      PostgreSQL database ready and optimized.
22:22:07  INFO      === Neo4j: Connecting and applying constraints ===
22:22:08  INFO      Clearing relationships via APOC...
22:22:11  INFO      Clearing nodes via APOC...
22:23:46  ERROR     [#F6F6]  _: <CONNECTION> error: Failed to read from defunct connection IPv4Address(('localhost', 7687)) (ResolvedIPv6Address(('::1', 7687, 0, 0))): OSError('No data')
22:25:22  INFO      Starting entity resolution across TSV files...
22:25:22  INFO      Reading soc-redditHyperlinks-body.tsv...
22:26:04  INFO      Reading soc-redditHyperlinks-title.tsv...
22:36:57  INFO      Entity resolution complete in 694.53 s (processed 858488 rows):
22:36:57  INFO        -> Subreddit entities : 67180
22:36:57  INFO        -> Post entities      : 831014
22:36:57  INFO        -> Hyperlink edges    : 858488
22:36:57  INFO      === Exporting native CSV files for bulk loading ===
22:51:31  INFO      CSV export finished in 874.41 s.
22:53:59  INFO      === PostgreSQL: Connecting and applying DDL ===
12:32:54  INFO      Starting entity resolution across TSV files...
12:32:54  INFO      Reading soc-redditHyperlinks-body.tsv...
12:32:59  INFO      Reading soc-redditHyperlinks-title.tsv...
12:33:17  INFO      Entity resolution complete in 22.50 s (processed 130535 rows):
12:33:17  INFO        -> Subreddit entities : 19136
12:33:17  INFO        -> Post entities      : 129040
12:33:17  INFO        -> Hyperlink edges    : 130535
12:33:17  INFO      === Exporting native CSV files for bulk loading ===
12:33:35  INFO      CSV export finished in 17.74 s.
12:33:35  INFO      === PostgreSQL: Connecting and applying DDL ===
12:34:07  INFO      PostgreSQL schema reset.
12:34:07  INFO      Native COPYing subreddits into PostgreSQL...
12:34:07  INFO      Native COPYing posts into PostgreSQL...
12:34:39  INFO      Native COPYing hyperlinks into PostgreSQL...
12:35:09  INFO      PostgreSQL native bulk data load finished in 62.65 s.
12:35:09  INFO      Applying deferred indexes and constraints (schema_indexes.sql)...
12:35:20  INFO      Deferred indexes and constraints applied.
12:35:20  INFO      Running VACUUM ANALYZE to compute table statistics...
12:35:21  INFO      PostgreSQL database ready and optimized.
12:35:21  INFO      === Neo4j: Connecting and applying constraints ===
12:35:21  INFO      Clearing relationships via APOC...
12:35:50  INFO      Clearing nodes via APOC...
12:40:19  ERROR     [#F183]  _: <CONNECTION> error: Failed to read from defunct connection IPv4Address(('localhost', 7687)) (ResolvedIPv6Address(('::1', 7687, 0, 0))): TimeoutError('timed out')
13:12:05  INFO      Starting entity resolution across TSV files...
13:12:05  INFO      Reading soc-redditHyperlinks-body.tsv...
13:12:07  INFO      Reading soc-redditHyperlinks-title.tsv...
13:12:15  INFO      Entity resolution complete in 9.85 s (processed 130535 rows):
13:12:15  INFO        -> Subreddit entities : 19136
13:12:15  INFO        -> Post entities      : 129040
13:12:15  INFO        -> Hyperlink edges    : 130535
13:12:15  INFO      === Exporting native CSV files for bulk loading ===
13:12:24  INFO      CSV export finished in 9.28 s.
13:12:24  INFO      === PostgreSQL: Connecting and applying DDL ===
13:12:26  INFO      PostgreSQL schema reset.
13:12:26  INFO      Native COPYing subreddits into PostgreSQL...
13:12:26  INFO      Native COPYing posts into PostgreSQL...
13:12:38  INFO      Native COPYing hyperlinks into PostgreSQL...
13:12:39  INFO      PostgreSQL native bulk data load finished in 13.58 s.
13:12:39  INFO      Applying deferred indexes and constraints (schema_indexes.sql)...
13:12:48  INFO      Deferred indexes and constraints applied.
13:12:48  INFO      Running VACUUM ANALYZE to compute table statistics...
13:12:49  INFO      PostgreSQL database ready and optimized.
13:12:49  INFO      === Neo4j: Connecting and applying constraints ===
13:12:49  INFO      Clearing relationships via APOC...
13:13:00  INFO      Clearing nodes via APOC...
13:15:33  INFO      Received notification from DBMS server: <GqlStatusObject gql_status='00NA0', status_description="note: successful completion - index or constraint already exists. The command 'CREATE CONSTRAINT subreddit_name_unique IF NOT EXISTS FOR (e:Subreddit) REQUIRE (e.name) IS UNIQUE' has no effect. The index or constraint specified by 'CONSTRAINT subreddit_name_unique FOR (e:Subreddit) REQUIRE (e.name) IS UNIQUE' already exists.", position=None, raw_classification='SCHEMA', classification=<NotificationClassification.SCHEMA: 'SCHEMA'>, raw_severity='INFORMATION', severity=<NotificationSeverity.INFORMATION: 'INFORMATION'>, diagnostic_record={'_classification': 'SCHEMA', '_severity': 'INFORMATION', 'OPERATION': '', 'OPERATION_CODE': '0', 'CURRENT_SCHEMA': '/'}> for query: 'CREATE CONSTRAINT subreddit_name_unique IF NOT EXISTS\n    FOR (s:Subreddit)\n    REQUIRE s.name IS UNIQUE'
13:15:33  INFO      Received notification from DBMS server: <GqlStatusObject gql_status='00NA0', status_description="note: successful completion - index or constraint already exists. The command 'CREATE CONSTRAINT post_id_unique IF NOT EXISTS FOR (e:Post) REQUIRE (e.post_id) IS UNIQUE' has no effect. The index or constraint specified by 'CONSTRAINT post_id_unique FOR (e:Post) REQUIRE (e.post_id) IS UNIQUE' already exists.", position=None, raw_classification='SCHEMA', classification=<NotificationClassification.SCHEMA: 'SCHEMA'>, raw_severity='INFORMATION', severity=<NotificationSeverity.INFORMATION: 'INFORMATION'>, diagnostic_record={'_classification': 'SCHEMA', '_severity': 'INFORMATION', 'OPERATION': '', 'OPERATION_CODE': '0', 'CURRENT_SCHEMA': '/'}> for query: 'CREATE CONSTRAINT post_id_unique IF NOT EXISTS\n    FOR (p:Post)\n    REQUIRE p.post_id IS UNIQUE'
13:15:34  INFO      Received notification from DBMS server: <GqlStatusObject gql_status='00NA0', status_description="note: successful completion - index or constraint already exists. The command 'CREATE RANGE INDEX post_idx_label IF NOT EXISTS FOR (e:Post) ON (e.post_label)' has no effect. The index or constraint specified by 'RANGE INDEX post_idx_label FOR (e:Post) ON (e.post_label)' already exists.", position=None, raw_classification='SCHEMA', classification=<NotificationClassification.SCHEMA: 'SCHEMA'>, raw_severity='INFORMATION', severity=<NotificationSeverity.INFORMATION: 'INFORMATION'>, diagnostic_record={'_classification': 'SCHEMA', '_severity': 'INFORMATION', 'OPERATION': '', 'OPERATION_CODE': '0', 'CURRENT_SCHEMA': '/'}> for query: 'CREATE INDEX post_idx_label IF NOT EXISTS\n    FOR (p:Post)\n    ON (p.post_label)'
13:15:34  INFO      Received notification from DBMS server: <GqlStatusObject gql_status='00NA0', status_description="note: successful completion - index or constraint already exists. The command 'CREATE RANGE INDEX post_idx_label_type IF NOT EXISTS FOR (e:Post) ON (e.post_label, e.source_type)' has no effect. The index or constraint specified by 'RANGE INDEX post_idx_label_type FOR (e:Post) ON (e.post_label, e.source_type)' already exists.", position=None, raw_classification='SCHEMA', classification=<NotificationClassification.SCHEMA: 'SCHEMA'>, raw_severity='INFORMATION', severity=<NotificationSeverity.INFORMATION: 'INFORMATION'>, diagnostic_record={'_classification': 'SCHEMA', '_severity': 'INFORMATION', 'OPERATION': '', 'OPERATION_CODE': '0', 'CURRENT_SCHEMA': '/'}> for query: 'CREATE INDEX post_idx_label_type IF NOT EXISTS\n    FOR (p:Post)\n    ON (p.post_label, p.source_type)'
13:15:34  INFO      Received notification from DBMS server: <GqlStatusObject gql_status='00NA0', status_description="note: successful completion - index or constraint already exists. The command 'CREATE RANGE INDEX post_idx_timestamp IF NOT EXISTS FOR (e:Post) ON (e.timestamp)' has no effect. The index or constraint specified by 'RANGE INDEX post_idx_timestamp FOR (e:Post) ON (e.timestamp)' already exists.", position=None, raw_classification='SCHEMA', classification=<NotificationClassification.SCHEMA: 'SCHEMA'>, raw_severity='INFORMATION', severity=<NotificationSeverity.INFORMATION: 'INFORMATION'>, diagnostic_record={'_classification': 'SCHEMA', '_severity': 'INFORMATION', 'OPERATION': '', 'OPERATION_CODE': '0', 'CURRENT_SCHEMA': '/'}> for query: 'CREATE INDEX post_idx_timestamp IF NOT EXISTS\n    FOR (p:Post)\n    ON (p.timestamp)'
13:15:34  INFO      Received notification from DBMS server: <GqlStatusObject gql_status='00NA0', status_description="note: successful completion - index or constraint already exists. The command 'CREATE RANGE INDEX linked_to_idx_label IF NOT EXISTS FOR ()-[e:LINKED_TO]-() ON (e.post_label)' has no effect. The index or constraint specified by 'RANGE INDEX linked_to_idx_label FOR ()-[e:LINKED_TO]-() ON (e.post_label)' already exists.", position=None, raw_classification='SCHEMA', classification=<NotificationClassification.SCHEMA: 'SCHEMA'>, raw_severity='INFORMATION', severity=<NotificationSeverity.INFORMATION: 'INFORMATION'>, diagnostic_record={'_classification': 'SCHEMA', '_severity': 'INFORMATION', 'OPERATION': '', 'OPERATION_CODE': '0', 'CURRENT_SCHEMA': '/'}> for query: 'CREATE INDEX linked_to_idx_label IF NOT EXISTS\n    FOR ()-[r:LINKED_TO]-()\n    ON (r.post_label)'
13:15:34  INFO      Received notification from DBMS server: <GqlStatusObject gql_status='00NA0', status_description="note: successful completion - index or constraint already exists. The command 'CREATE RANGE INDEX linked_to_idx_timestamp IF NOT EXISTS FOR ()-[e:LINKED_TO]-() ON (e.timestamp)' has no effect. The index or constraint specified by 'RANGE INDEX linked_to_idx_timestamp FOR ()-[e:LINKED_TO]-() ON (e.timestamp)' already exists.", position=None, raw_classification='SCHEMA', classification=<NotificationClassification.SCHEMA: 'SCHEMA'>, raw_severity='INFORMATION', severity=<NotificationSeverity.INFORMATION: 'INFORMATION'>, diagnostic_record={'_classification': 'SCHEMA', '_severity': 'INFORMATION', 'OPERATION': '', 'OPERATION_CODE': '0', 'CURRENT_SCHEMA': '/'}> for query: 'CREATE INDEX linked_to_idx_timestamp IF NOT EXISTS\n    FOR ()-[r:LINKED_TO]-()\n    ON (r.timestamp)'
13:15:34  INFO      Neo4j schema and constraints applied.
14:00:15  INFO      Starting entity resolution across TSV files...
14:00:15  INFO      Reading soc-redditHyperlinks-body.tsv...
14:00:17  INFO      Reading soc-redditHyperlinks-title.tsv...
14:00:29  INFO      Entity resolution complete in 13.97 s (processed 130535 rows):
14:00:29  INFO        -> Subreddit entities : 19136
14:00:29  INFO        -> Post entities      : 129040
14:00:29  INFO        -> Hyperlink edges    : 130535
14:00:29  INFO      === Exporting native CSV files for bulk loading ===
14:00:37  INFO      CSV export finished in 7.97 s.
14:00:37  INFO      === PostgreSQL: Connecting and applying DDL ===
14:00:39  INFO      PostgreSQL schema reset.
14:00:39  INFO      Native COPYing subreddits into PostgreSQL...
14:00:40  INFO      Native COPYing posts into PostgreSQL...
14:00:54  INFO      Native COPYing hyperlinks into PostgreSQL...
14:00:56  INFO      PostgreSQL native bulk data load finished in 17.29 s.
14:00:56  INFO      Applying deferred indexes and constraints (schema_indexes.sql)...
14:01:04  INFO      Deferred indexes and constraints applied.
14:01:04  INFO      Running VACUUM ANALYZE to compute table statistics...
14:01:05  INFO      PostgreSQL database ready and optimized.
14:01:05  INFO      === Neo4j: Connecting and applying constraints ===
14:01:05  INFO      Clearing relationships via APOC...
14:01:09  INFO      Clearing nodes via APOC...
14:01:27  INFO      Received notification from DBMS server: <GqlStatusObject gql_status='00NA0', status_description="note: successful completion - index or constraint already exists. The command 'CREATE CONSTRAINT subreddit_name_unique IF NOT EXISTS FOR (e:Subreddit) REQUIRE (e.name) IS UNIQUE' has no effect. The index or constraint specified by 'CONSTRAINT subreddit_name_unique FOR (e:Subreddit) REQUIRE (e.name) IS UNIQUE' already exists.", position=None, raw_classification='SCHEMA', classification=<NotificationClassification.SCHEMA: 'SCHEMA'>, raw_severity='INFORMATION', severity=<NotificationSeverity.INFORMATION: 'INFORMATION'>, diagnostic_record={'_classification': 'SCHEMA', '_severity': 'INFORMATION', 'OPERATION': '', 'OPERATION_CODE': '0', 'CURRENT_SCHEMA': '/'}> for query: 'CREATE CONSTRAINT subreddit_name_unique IF NOT EXISTS\n    FOR (s:Subreddit)\n    REQUIRE s.name IS UNIQUE'
14:01:27  INFO      Received notification from DBMS server: <GqlStatusObject gql_status='00NA0', status_description="note: successful completion - index or constraint already exists. The command 'CREATE CONSTRAINT post_id_unique IF NOT EXISTS FOR (e:Post) REQUIRE (e.post_id) IS UNIQUE' has no effect. The index or constraint specified by 'CONSTRAINT post_id_unique FOR (e:Post) REQUIRE (e.post_id) IS UNIQUE' already exists.", position=None, raw_classification='SCHEMA', classification=<NotificationClassification.SCHEMA: 'SCHEMA'>, raw_severity='INFORMATION', severity=<NotificationSeverity.INFORMATION: 'INFORMATION'>, diagnostic_record={'_classification': 'SCHEMA', '_severity': 'INFORMATION', 'OPERATION': '', 'OPERATION_CODE': '0', 'CURRENT_SCHEMA': '/'}> for query: 'CREATE CONSTRAINT post_id_unique IF NOT EXISTS\n    FOR (p:Post)\n    REQUIRE p.post_id IS UNIQUE'
14:01:27  INFO      Received notification from DBMS server: <GqlStatusObject gql_status='00NA0', status_description="note: successful completion - index or constraint already exists. The command 'CREATE RANGE INDEX post_idx_label IF NOT EXISTS FOR (e:Post) ON (e.post_label)' has no effect. The index or constraint specified by 'RANGE INDEX post_idx_label FOR (e:Post) ON (e.post_label)' already exists.", position=None, raw_classification='SCHEMA', classification=<NotificationClassification.SCHEMA: 'SCHEMA'>, raw_severity='INFORMATION', severity=<NotificationSeverity.INFORMATION: 'INFORMATION'>, diagnostic_record={'_classification': 'SCHEMA', '_severity': 'INFORMATION', 'OPERATION': '', 'OPERATION_CODE': '0', 'CURRENT_SCHEMA': '/'}> for query: 'CREATE INDEX post_idx_label IF NOT EXISTS\n    FOR (p:Post)\n    ON (p.post_label)'
14:01:27  INFO      Received notification from DBMS server: <GqlStatusObject gql_status='00NA0', status_description="note: successful completion - index or constraint already exists. The command 'CREATE RANGE INDEX post_idx_label_type IF NOT EXISTS FOR (e:Post) ON (e.post_label, e.source_type)' has no effect. The index or constraint specified by 'RANGE INDEX post_idx_label_type FOR (e:Post) ON (e.post_label, e.source_type)' already exists.", position=None, raw_classification='SCHEMA', classification=<NotificationClassification.SCHEMA: 'SCHEMA'>, raw_severity='INFORMATION', severity=<NotificationSeverity.INFORMATION: 'INFORMATION'>, diagnostic_record={'_classification': 'SCHEMA', '_severity': 'INFORMATION', 'OPERATION': '', 'OPERATION_CODE': '0', 'CURRENT_SCHEMA': '/'}> for query: 'CREATE INDEX post_idx_label_type IF NOT EXISTS\n    FOR (p:Post)\n    ON (p.post_label, p.source_type)'
14:01:27  INFO      Received notification from DBMS server: <GqlStatusObject gql_status='00NA0', status_description="note: successful completion - index or constraint already exists. The command 'CREATE RANGE INDEX post_idx_timestamp IF NOT EXISTS FOR (e:Post) ON (e.timestamp)' has no effect. The index or constraint specified by 'RANGE INDEX post_idx_timestamp FOR (e:Post) ON (e.timestamp)' already exists.", position=None, raw_classification='SCHEMA', classification=<NotificationClassification.SCHEMA: 'SCHEMA'>, raw_severity='INFORMATION', severity=<NotificationSeverity.INFORMATION: 'INFORMATION'>, diagnostic_record={'_classification': 'SCHEMA', '_severity': 'INFORMATION', 'OPERATION': '', 'OPERATION_CODE': '0', 'CURRENT_SCHEMA': '/'}> for query: 'CREATE INDEX post_idx_timestamp IF NOT EXISTS\n    FOR (p:Post)\n    ON (p.timestamp)'
14:01:27  INFO      Received notification from DBMS server: <GqlStatusObject gql_status='00NA0', status_description="note: successful completion - index or constraint already exists. The command 'CREATE RANGE INDEX linked_to_idx_label IF NOT EXISTS FOR ()-[e:LINKED_TO]-() ON (e.post_label)' has no effect. The index or constraint specified by 'RANGE INDEX linked_to_idx_label FOR ()-[e:LINKED_TO]-() ON (e.post_label)' already exists.", position=None, raw_classification='SCHEMA', classification=<NotificationClassification.SCHEMA: 'SCHEMA'>, raw_severity='INFORMATION', severity=<NotificationSeverity.INFORMATION: 'INFORMATION'>, diagnostic_record={'_classification': 'SCHEMA', '_severity': 'INFORMATION', 'OPERATION': '', 'OPERATION_CODE': '0', 'CURRENT_SCHEMA': '/'}> for query: 'CREATE INDEX linked_to_idx_label IF NOT EXISTS\n    FOR ()-[r:LINKED_TO]-()\n    ON (r.post_label)'
14:01:27  INFO      Received notification from DBMS server: <GqlStatusObject gql_status='00NA0', status_description="note: successful completion - index or constraint already exists. The command 'CREATE RANGE INDEX linked_to_idx_timestamp IF NOT EXISTS FOR ()-[e:LINKED_TO]-() ON (e.timestamp)' has no effect. The index or constraint specified by 'RANGE INDEX linked_to_idx_timestamp FOR ()-[e:LINKED_TO]-() ON (e.timestamp)' already exists.", position=None, raw_classification='SCHEMA', classification=<NotificationClassification.SCHEMA: 'SCHEMA'>, raw_severity='INFORMATION', severity=<NotificationSeverity.INFORMATION: 'INFORMATION'>, diagnostic_record={'_classification': 'SCHEMA', '_severity': 'INFORMATION', 'OPERATION': '', 'OPERATION_CODE': '0', 'CURRENT_SCHEMA': '/'}> for query: 'CREATE INDEX linked_to_idx_timestamp IF NOT EXISTS\n    FOR ()-[r:LINKED_TO]-()\n    ON (r.timestamp)'
14:01:27  INFO      Neo4j schema and constraints applied.
14:01:27  INFO      Loading Subreddit nodes natively via LOAD CSV...
14:01:47  INFO      Loading Post nodes natively via LOAD CSV...
14:03:52  INFO      Loading Hyperlink edges natively via LOAD CSV...
14:04:30  INFO      Neo4j native bulk data load finished in 182.95 s.
14:04:30  INFO      === ETL Pipeline Complete! Ready for benchmarking ===
14:04:30  INFO      ETL metrics saved to data/etl_metrics.json
14:07:18  INFO      Starting entity resolution across TSV files...
14:07:18  INFO      Reading soc-redditHyperlinks-body.tsv...
14:07:22  INFO      Reading soc-redditHyperlinks-title.tsv...
14:07:52  INFO      Entity resolution complete in 34.02 s (processed 326339 rows):
14:07:52  INFO        -> Subreddit entities : 35207
14:07:52  INFO        -> Post entities      : 323004
14:07:52  INFO        -> Hyperlink edges    : 326339
14:07:52  INFO      === Exporting native CSV files for bulk loading ===
14:08:29  INFO      CSV export finished in 36.96 s.
14:08:29  INFO      === PostgreSQL: Connecting and applying DDL ===
14:08:36  INFO      PostgreSQL schema reset.
14:08:36  INFO      Native COPYing subreddits into PostgreSQL...
14:08:37  INFO      Native COPYing posts into PostgreSQL...
14:09:12  INFO      Native COPYing hyperlinks into PostgreSQL...
14:09:17  INFO      PostgreSQL native bulk data load finished in 40.19 s.
14:09:17  INFO      Applying deferred indexes and constraints (schema_indexes.sql)...
14:09:34  INFO      Deferred indexes and constraints applied.
14:09:34  INFO      Running VACUUM ANALYZE to compute table statistics...
14:09:36  INFO      PostgreSQL database ready and optimized.
14:09:36  INFO      === Neo4j: Connecting and applying constraints ===
14:09:36  INFO      Clearing relationships via APOC...
14:09:39  INFO      Clearing nodes via APOC...
14:12:09  INFO      Received notification from DBMS server: <GqlStatusObject gql_status='00NA0', status_description="note: successful completion - index or constraint already exists. The command 'CREATE CONSTRAINT subreddit_name_unique IF NOT EXISTS FOR (e:Subreddit) REQUIRE (e.name) IS UNIQUE' has no effect. The index or constraint specified by 'CONSTRAINT subreddit_name_unique FOR (e:Subreddit) REQUIRE (e.name) IS UNIQUE' already exists.", position=None, raw_classification='SCHEMA', classification=<NotificationClassification.SCHEMA: 'SCHEMA'>, raw_severity='INFORMATION', severity=<NotificationSeverity.INFORMATION: 'INFORMATION'>, diagnostic_record={'_classification': 'SCHEMA', '_severity': 'INFORMATION', 'OPERATION': '', 'OPERATION_CODE': '0', 'CURRENT_SCHEMA': '/'}> for query: 'CREATE CONSTRAINT subreddit_name_unique IF NOT EXISTS\n    FOR (s:Subreddit)\n    REQUIRE s.name IS UNIQUE'
14:12:09  INFO      Received notification from DBMS server: <GqlStatusObject gql_status='00NA0', status_description="note: successful completion - index or constraint already exists. The command 'CREATE CONSTRAINT post_id_unique IF NOT EXISTS FOR (e:Post) REQUIRE (e.post_id) IS UNIQUE' has no effect. The index or constraint specified by 'CONSTRAINT post_id_unique FOR (e:Post) REQUIRE (e.post_id) IS UNIQUE' already exists.", position=None, raw_classification='SCHEMA', classification=<NotificationClassification.SCHEMA: 'SCHEMA'>, raw_severity='INFORMATION', severity=<NotificationSeverity.INFORMATION: 'INFORMATION'>, diagnostic_record={'_classification': 'SCHEMA', '_severity': 'INFORMATION', 'OPERATION': '', 'OPERATION_CODE': '0', 'CURRENT_SCHEMA': '/'}> for query: 'CREATE CONSTRAINT post_id_unique IF NOT EXISTS\n    FOR (p:Post)\n    REQUIRE p.post_id IS UNIQUE'
14:12:09  INFO      Received notification from DBMS server: <GqlStatusObject gql_status='00NA0', status_description="note: successful completion - index or constraint already exists. The command 'CREATE RANGE INDEX post_idx_label IF NOT EXISTS FOR (e:Post) ON (e.post_label)' has no effect. The index or constraint specified by 'RANGE INDEX post_idx_label FOR (e:Post) ON (e.post_label)' already exists.", position=None, raw_classification='SCHEMA', classification=<NotificationClassification.SCHEMA: 'SCHEMA'>, raw_severity='INFORMATION', severity=<NotificationSeverity.INFORMATION: 'INFORMATION'>, diagnostic_record={'_classification': 'SCHEMA', '_severity': 'INFORMATION', 'OPERATION': '', 'OPERATION_CODE': '0', 'CURRENT_SCHEMA': '/'}> for query: 'CREATE INDEX post_idx_label IF NOT EXISTS\n    FOR (p:Post)\n    ON (p.post_label)'
14:12:09  INFO      Received notification from DBMS server: <GqlStatusObject gql_status='00NA0', status_description="note: successful completion - index or constraint already exists. The command 'CREATE RANGE INDEX post_idx_label_type IF NOT EXISTS FOR (e:Post) ON (e.post_label, e.source_type)' has no effect. The index or constraint specified by 'RANGE INDEX post_idx_label_type FOR (e:Post) ON (e.post_label, e.source_type)' already exists.", position=None, raw_classification='SCHEMA', classification=<NotificationClassification.SCHEMA: 'SCHEMA'>, raw_severity='INFORMATION', severity=<NotificationSeverity.INFORMATION: 'INFORMATION'>, diagnostic_record={'_classification': 'SCHEMA', '_severity': 'INFORMATION', 'OPERATION': '', 'OPERATION_CODE': '0', 'CURRENT_SCHEMA': '/'}> for query: 'CREATE INDEX post_idx_label_type IF NOT EXISTS\n    FOR (p:Post)\n    ON (p.post_label, p.source_type)'
14:12:09  INFO      Received notification from DBMS server: <GqlStatusObject gql_status='00NA0', status_description="note: successful completion - index or constraint already exists. The command 'CREATE RANGE INDEX post_idx_timestamp IF NOT EXISTS FOR (e:Post) ON (e.timestamp)' has no effect. The index or constraint specified by 'RANGE INDEX post_idx_timestamp FOR (e:Post) ON (e.timestamp)' already exists.", position=None, raw_classification='SCHEMA', classification=<NotificationClassification.SCHEMA: 'SCHEMA'>, raw_severity='INFORMATION', severity=<NotificationSeverity.INFORMATION: 'INFORMATION'>, diagnostic_record={'_classification': 'SCHEMA', '_severity': 'INFORMATION', 'OPERATION': '', 'OPERATION_CODE': '0', 'CURRENT_SCHEMA': '/'}> for query: 'CREATE INDEX post_idx_timestamp IF NOT EXISTS\n    FOR (p:Post)\n    ON (p.timestamp)'
14:12:09  INFO      Received notification from DBMS server: <GqlStatusObject gql_status='00NA0', status_description="note: successful completion - index or constraint already exists. The command 'CREATE RANGE INDEX linked_to_idx_label IF NOT EXISTS FOR ()-[e:LINKED_TO]-() ON (e.post_label)' has no effect. The index or constraint specified by 'RANGE INDEX linked_to_idx_label FOR ()-[e:LINKED_TO]-() ON (e.post_label)' already exists.", position=None, raw_classification='SCHEMA', classification=<NotificationClassification.SCHEMA: 'SCHEMA'>, raw_severity='INFORMATION', severity=<NotificationSeverity.INFORMATION: 'INFORMATION'>, diagnostic_record={'_classification': 'SCHEMA', '_severity': 'INFORMATION', 'OPERATION': '', 'OPERATION_CODE': '0', 'CURRENT_SCHEMA': '/'}> for query: 'CREATE INDEX linked_to_idx_label IF NOT EXISTS\n    FOR ()-[r:LINKED_TO]-()\n    ON (r.post_label)'
14:12:09  INFO      Received notification from DBMS server: <GqlStatusObject gql_status='00NA0', status_description="note: successful completion - index or constraint already exists. The command 'CREATE RANGE INDEX linked_to_idx_timestamp IF NOT EXISTS FOR ()-[e:LINKED_TO]-() ON (e.timestamp)' has no effect. The index or constraint specified by 'RANGE INDEX linked_to_idx_timestamp FOR ()-[e:LINKED_TO]-() ON (e.timestamp)' already exists.", position=None, raw_classification='SCHEMA', classification=<NotificationClassification.SCHEMA: 'SCHEMA'>, raw_severity='INFORMATION', severity=<NotificationSeverity.INFORMATION: 'INFORMATION'>, diagnostic_record={'_classification': 'SCHEMA', '_severity': 'INFORMATION', 'OPERATION': '', 'OPERATION_CODE': '0', 'CURRENT_SCHEMA': '/'}> for query: 'CREATE INDEX linked_to_idx_timestamp IF NOT EXISTS\n    FOR ()-[r:LINKED_TO]-()\n    ON (r.timestamp)'
14:12:09  INFO      Neo4j schema and constraints applied.
14:12:09  INFO      Loading Subreddit nodes natively via LOAD CSV...
14:12:17  INFO      Loading Post nodes natively via LOAD CSV...
14:15:37  INFO      Loading Hyperlink edges natively via LOAD CSV...
14:16:50  INFO      Neo4j native bulk data load finished in 281.77 s.
14:16:50  INFO      === ETL Pipeline Complete! Ready for benchmarking ===
14:16:50  INFO      ETL metrics saved to data/etl_metrics.json
14:44:03  INFO      Starting entity resolution across TSV files...
14:44:03  INFO      Reading soc-redditHyperlinks-body.tsv...
14:44:16  INFO      Reading soc-redditHyperlinks-title.tsv...
14:45:43  INFO      Entity resolution complete in 99.84 s (processed 652677 rows):
14:45:43  INFO        -> Subreddit entities : 57754
14:45:43  INFO        -> Post entities      : 646276
14:45:43  INFO        -> Hyperlink edges    : 652677
14:45:43  INFO      === Exporting native CSV files for bulk loading ===
14:48:10  INFO      CSV export finished in 147.60 s.
14:48:11  INFO      === PostgreSQL: Connecting and applying DDL ===
14:48:13  INFO      PostgreSQL schema reset.
14:48:13  INFO      Native COPYing subreddits into PostgreSQL...
14:48:15  INFO      Native COPYing posts into PostgreSQL...
14:49:16  INFO      Native COPYing hyperlinks into PostgreSQL...
14:49:27  INFO      PostgreSQL native bulk data load finished in 74.39 s.
14:49:27  INFO      Applying deferred indexes and constraints (schema_indexes.sql)...
14:49:49  INFO      Deferred indexes and constraints applied.
14:49:49  INFO      Running VACUUM ANALYZE to compute table statistics...
14:50:03  INFO      PostgreSQL database ready and optimized.
14:50:03  INFO      === Neo4j: Connecting and applying constraints ===
14:50:03  INFO      Clearing relationships via APOC...
14:50:23  INFO      Clearing nodes via APOC...
14:52:19  ERROR     [#EE9B]  _: <CONNECTION> error: Failed to read from defunct connection IPv4Address(('localhost', 7687)) (ResolvedIPv6Address(('::1', 7687, 0, 0))): OSError('No data')
14:52:20  WARNING   Connection interrupted (Failed to read from defunct connection IPv4Address(('localhost', 7687)) (ResolvedIPv6Address(('::1', 7687, 0, 0)))). Polling until nodes are deleted...
17:13:44  INFO      Starting entity resolution across TSV files...
17:13:44  INFO      Reading soc-redditHyperlinks-body.tsv...
17:13:47  INFO      Reading soc-redditHyperlinks-title.tsv...
17:13:59  INFO      Entity resolution complete in 14.74 s (processed 130535 rows):
17:13:59  INFO        -> Subreddit entities : 19136
17:13:59  INFO        -> Post entities      : 129040
17:13:59  INFO        -> Hyperlink edges    : 130535
17:13:59  INFO      === Exporting native CSV files for bulk loading ===
17:14:12  INFO      CSV export finished in 12.93 s.
17:14:12  INFO      === PostgreSQL: Connecting and applying DDL ===
17:14:13  INFO      PostgreSQL schema reset.
17:14:13  INFO      Native COPYing subreddits into PostgreSQL...
17:14:14  INFO      Native COPYing posts into PostgreSQL...
17:14:28  INFO      Native COPYing hyperlinks into PostgreSQL...
17:14:29  INFO      PostgreSQL native bulk data load finished in 15.90 s.
17:14:29  INFO      Applying deferred indexes and constraints (schema_indexes.sql)...
17:14:34  INFO      Deferred indexes and constraints applied.
17:14:34  INFO      Running VACUUM ANALYZE to compute table statistics...
17:14:35  INFO      PostgreSQL database ready and optimized.
17:14:35  INFO      === Neo4j: Connecting and applying constraints ===
17:14:35  INFO      Clearing relationships in batches (preventing timeouts/OOM)...
17:16:19  INFO      Clearing nodes in batches...
17:17:56  INFO      Received notification from DBMS server: <GqlStatusObject gql_status='00NA0', status_description="note: successful completion - index or constraint already exists. The command 'CREATE CONSTRAINT subreddit_name_unique IF NOT EXISTS FOR (e:Subreddit) REQUIRE (e.name) IS UNIQUE' has no effect. The index or constraint specified by 'CONSTRAINT subreddit_name_unique FOR (e:Subreddit) REQUIRE (e.name) IS UNIQUE' already exists.", position=None, raw_classification='SCHEMA', classification=<NotificationClassification.SCHEMA: 'SCHEMA'>, raw_severity='INFORMATION', severity=<NotificationSeverity.INFORMATION: 'INFORMATION'>, diagnostic_record={'_classification': 'SCHEMA', '_severity': 'INFORMATION', 'OPERATION': '', 'OPERATION_CODE': '0', 'CURRENT_SCHEMA': '/'}> for query: 'CREATE CONSTRAINT subreddit_name_unique IF NOT EXISTS\n    FOR (s:Subreddit)\n    REQUIRE s.name IS UNIQUE'
17:17:56  INFO      Received notification from DBMS server: <GqlStatusObject gql_status='00NA0', status_description="note: successful completion - index or constraint already exists. The command 'CREATE CONSTRAINT post_id_unique IF NOT EXISTS FOR (e:Post) REQUIRE (e.post_id) IS UNIQUE' has no effect. The index or constraint specified by 'CONSTRAINT post_id_unique FOR (e:Post) REQUIRE (e.post_id) IS UNIQUE' already exists.", position=None, raw_classification='SCHEMA', classification=<NotificationClassification.SCHEMA: 'SCHEMA'>, raw_severity='INFORMATION', severity=<NotificationSeverity.INFORMATION: 'INFORMATION'>, diagnostic_record={'_classification': 'SCHEMA', '_severity': 'INFORMATION', 'OPERATION': '', 'OPERATION_CODE': '0', 'CURRENT_SCHEMA': '/'}> for query: 'CREATE CONSTRAINT post_id_unique IF NOT EXISTS\n    FOR (p:Post)\n    REQUIRE p.post_id IS UNIQUE'
17:17:56  INFO      Received notification from DBMS server: <GqlStatusObject gql_status='00NA0', status_description="note: successful completion - index or constraint already exists. The command 'CREATE RANGE INDEX post_idx_label IF NOT EXISTS FOR (e:Post) ON (e.post_label)' has no effect. The index or constraint specified by 'RANGE INDEX post_idx_label FOR (e:Post) ON (e.post_label)' already exists.", position=None, raw_classification='SCHEMA', classification=<NotificationClassification.SCHEMA: 'SCHEMA'>, raw_severity='INFORMATION', severity=<NotificationSeverity.INFORMATION: 'INFORMATION'>, diagnostic_record={'_classification': 'SCHEMA', '_severity': 'INFORMATION', 'OPERATION': '', 'OPERATION_CODE': '0', 'CURRENT_SCHEMA': '/'}> for query: 'CREATE INDEX post_idx_label IF NOT EXISTS\n    FOR (p:Post)\n    ON (p.post_label)'
17:17:56  INFO      Received notification from DBMS server: <GqlStatusObject gql_status='00NA0', status_description="note: successful completion - index or constraint already exists. The command 'CREATE RANGE INDEX post_idx_label_type IF NOT EXISTS FOR (e:Post) ON (e.post_label, e.source_type)' has no effect. The index or constraint specified by 'RANGE INDEX post_idx_label_type FOR (e:Post) ON (e.post_label, e.source_type)' already exists.", position=None, raw_classification='SCHEMA', classification=<NotificationClassification.SCHEMA: 'SCHEMA'>, raw_severity='INFORMATION', severity=<NotificationSeverity.INFORMATION: 'INFORMATION'>, diagnostic_record={'_classification': 'SCHEMA', '_severity': 'INFORMATION', 'OPERATION': '', 'OPERATION_CODE': '0', 'CURRENT_SCHEMA': '/'}> for query: 'CREATE INDEX post_idx_label_type IF NOT EXISTS\n    FOR (p:Post)\n    ON (p.post_label, p.source_type)'
17:17:56  INFO      Received notification from DBMS server: <GqlStatusObject gql_status='00NA0', status_description="note: successful completion - index or constraint already exists. The command 'CREATE RANGE INDEX post_idx_timestamp IF NOT EXISTS FOR (e:Post) ON (e.timestamp)' has no effect. The index or constraint specified by 'RANGE INDEX post_idx_timestamp FOR (e:Post) ON (e.timestamp)' already exists.", position=None, raw_classification='SCHEMA', classification=<NotificationClassification.SCHEMA: 'SCHEMA'>, raw_severity='INFORMATION', severity=<NotificationSeverity.INFORMATION: 'INFORMATION'>, diagnostic_record={'_classification': 'SCHEMA', '_severity': 'INFORMATION', 'OPERATION': '', 'OPERATION_CODE': '0', 'CURRENT_SCHEMA': '/'}> for query: 'CREATE INDEX post_idx_timestamp IF NOT EXISTS\n    FOR (p:Post)\n    ON (p.timestamp)'
17:17:56  INFO      Received notification from DBMS server: <GqlStatusObject gql_status='00NA0', status_description="note: successful completion - index or constraint already exists. The command 'CREATE RANGE INDEX linked_to_idx_label IF NOT EXISTS FOR ()-[e:LINKED_TO]-() ON (e.post_label)' has no effect. The index or constraint specified by 'RANGE INDEX linked_to_idx_label FOR ()-[e:LINKED_TO]-() ON (e.post_label)' already exists.", position=None, raw_classification='SCHEMA', classification=<NotificationClassification.SCHEMA: 'SCHEMA'>, raw_severity='INFORMATION', severity=<NotificationSeverity.INFORMATION: 'INFORMATION'>, diagnostic_record={'_classification': 'SCHEMA', '_severity': 'INFORMATION', 'OPERATION': '', 'OPERATION_CODE': '0', 'CURRENT_SCHEMA': '/'}> for query: 'CREATE INDEX linked_to_idx_label IF NOT EXISTS\n    FOR ()-[r:LINKED_TO]-()\n    ON (r.post_label)'
17:17:56  INFO      Received notification from DBMS server: <GqlStatusObject gql_status='00NA0', status_description="note: successful completion - index or constraint already exists. The command 'CREATE RANGE INDEX linked_to_idx_timestamp IF NOT EXISTS FOR ()-[e:LINKED_TO]-() ON (e.timestamp)' has no effect. The index or constraint specified by 'RANGE INDEX linked_to_idx_timestamp FOR ()-[e:LINKED_TO]-() ON (e.timestamp)' already exists.", position=None, raw_classification='SCHEMA', classification=<NotificationClassification.SCHEMA: 'SCHEMA'>, raw_severity='INFORMATION', severity=<NotificationSeverity.INFORMATION: 'INFORMATION'>, diagnostic_record={'_classification': 'SCHEMA', '_severity': 'INFORMATION', 'OPERATION': '', 'OPERATION_CODE': '0', 'CURRENT_SCHEMA': '/'}> for query: 'CREATE INDEX linked_to_idx_timestamp IF NOT EXISTS\n    FOR ()-[r:LINKED_TO]-()\n    ON (r.timestamp)'
17:17:56  INFO      Neo4j schema and constraints applied.
17:17:56  INFO      Loading Subreddit nodes natively via LOAD CSV...
17:18:00  INFO      Loading Post nodes natively via LOAD CSV...
17:19:01  INFO      Loading Hyperlink edges natively via LOAD CSV...
17:19:26  INFO      Neo4j native bulk data load finished in 89.99 s.
17:19:26  INFO      === ETL Pipeline Complete! Ready for benchmarking ===
17:19:26  INFO      ETL metrics saved to data/etl_metrics.json
17:22:48  INFO      Starting entity resolution across TSV files...
17:22:48  INFO      Reading soc-redditHyperlinks-body.tsv...
17:22:58  INFO      Reading soc-redditHyperlinks-title.tsv...
17:23:40  INFO      Entity resolution complete in 51.71 s (processed 326339 rows):
17:23:40  INFO        -> Subreddit entities : 35207
17:23:40  INFO        -> Post entities      : 323004
17:23:40  INFO        -> Hyperlink edges    : 326339
17:23:40  INFO      === Exporting native CSV files for bulk loading ===
17:24:11  INFO      CSV export finished in 31.34 s.
17:24:12  INFO      === PostgreSQL: Connecting and applying DDL ===
17:24:14  INFO      PostgreSQL schema reset.
17:24:14  INFO      Native COPYing subreddits into PostgreSQL...
17:24:15  INFO      Native COPYing posts into PostgreSQL...
17:24:52  INFO      Native COPYing hyperlinks into PostgreSQL...
17:24:58  INFO      PostgreSQL native bulk data load finished in 43.47 s.
17:24:58  INFO      Applying deferred indexes and constraints (schema_indexes.sql)...
17:25:05  INFO      Deferred indexes and constraints applied.
17:25:05  INFO      Running VACUUM ANALYZE to compute table statistics...
17:25:09  INFO      PostgreSQL database ready and optimized.
17:25:09  INFO      === Neo4j: Connecting and applying constraints ===
17:25:09  INFO      Clearing relationships in batches (preventing timeouts/OOM)...
17:26:44  INFO      Clearing nodes in batches...
17:27:17  INFO      Received notification from DBMS server: <GqlStatusObject gql_status='00NA0', status_description="note: successful completion - index or constraint already exists. The command 'CREATE CONSTRAINT subreddit_name_unique IF NOT EXISTS FOR (e:Subreddit) REQUIRE (e.name) IS UNIQUE' has no effect. The index or constraint specified by 'CONSTRAINT subreddit_name_unique FOR (e:Subreddit) REQUIRE (e.name) IS UNIQUE' already exists.", position=None, raw_classification='SCHEMA', classification=<NotificationClassification.SCHEMA: 'SCHEMA'>, raw_severity='INFORMATION', severity=<NotificationSeverity.INFORMATION: 'INFORMATION'>, diagnostic_record={'_classification': 'SCHEMA', '_severity': 'INFORMATION', 'OPERATION': '', 'OPERATION_CODE': '0', 'CURRENT_SCHEMA': '/'}> for query: 'CREATE CONSTRAINT subreddit_name_unique IF NOT EXISTS\n    FOR (s:Subreddit)\n    REQUIRE s.name IS UNIQUE'
17:27:18  INFO      Received notification from DBMS server: <GqlStatusObject gql_status='00NA0', status_description="note: successful completion - index or constraint already exists. The command 'CREATE CONSTRAINT post_id_unique IF NOT EXISTS FOR (e:Post) REQUIRE (e.post_id) IS UNIQUE' has no effect. The index or constraint specified by 'CONSTRAINT post_id_unique FOR (e:Post) REQUIRE (e.post_id) IS UNIQUE' already exists.", position=None, raw_classification='SCHEMA', classification=<NotificationClassification.SCHEMA: 'SCHEMA'>, raw_severity='INFORMATION', severity=<NotificationSeverity.INFORMATION: 'INFORMATION'>, diagnostic_record={'_classification': 'SCHEMA', '_severity': 'INFORMATION', 'OPERATION': '', 'OPERATION_CODE': '0', 'CURRENT_SCHEMA': '/'}> for query: 'CREATE CONSTRAINT post_id_unique IF NOT EXISTS\n    FOR (p:Post)\n    REQUIRE p.post_id IS UNIQUE'
17:27:18  INFO      Received notification from DBMS server: <GqlStatusObject gql_status='00NA0', status_description="note: successful completion - index or constraint already exists. The command 'CREATE RANGE INDEX post_idx_label IF NOT EXISTS FOR (e:Post) ON (e.post_label)' has no effect. The index or constraint specified by 'RANGE INDEX post_idx_label FOR (e:Post) ON (e.post_label)' already exists.", position=None, raw_classification='SCHEMA', classification=<NotificationClassification.SCHEMA: 'SCHEMA'>, raw_severity='INFORMATION', severity=<NotificationSeverity.INFORMATION: 'INFORMATION'>, diagnostic_record={'_classification': 'SCHEMA', '_severity': 'INFORMATION', 'OPERATION': '', 'OPERATION_CODE': '0', 'CURRENT_SCHEMA': '/'}> for query: 'CREATE INDEX post_idx_label IF NOT EXISTS\n    FOR (p:Post)\n    ON (p.post_label)'
17:27:18  INFO      Received notification from DBMS server: <GqlStatusObject gql_status='00NA0', status_description="note: successful completion - index or constraint already exists. The command 'CREATE RANGE INDEX post_idx_label_type IF NOT EXISTS FOR (e:Post) ON (e.post_label, e.source_type)' has no effect. The index or constraint specified by 'RANGE INDEX post_idx_label_type FOR (e:Post) ON (e.post_label, e.source_type)' already exists.", position=None, raw_classification='SCHEMA', classification=<NotificationClassification.SCHEMA: 'SCHEMA'>, raw_severity='INFORMATION', severity=<NotificationSeverity.INFORMATION: 'INFORMATION'>, diagnostic_record={'_classification': 'SCHEMA', '_severity': 'INFORMATION', 'OPERATION': '', 'OPERATION_CODE': '0', 'CURRENT_SCHEMA': '/'}> for query: 'CREATE INDEX post_idx_label_type IF NOT EXISTS\n    FOR (p:Post)\n    ON (p.post_label, p.source_type)'
17:27:18  INFO      Received notification from DBMS server: <GqlStatusObject gql_status='00NA0', status_description="note: successful completion - index or constraint already exists. The command 'CREATE RANGE INDEX post_idx_timestamp IF NOT EXISTS FOR (e:Post) ON (e.timestamp)' has no effect. The index or constraint specified by 'RANGE INDEX post_idx_timestamp FOR (e:Post) ON (e.timestamp)' already exists.", position=None, raw_classification='SCHEMA', classification=<NotificationClassification.SCHEMA: 'SCHEMA'>, raw_severity='INFORMATION', severity=<NotificationSeverity.INFORMATION: 'INFORMATION'>, diagnostic_record={'_classification': 'SCHEMA', '_severity': 'INFORMATION', 'OPERATION': '', 'OPERATION_CODE': '0', 'CURRENT_SCHEMA': '/'}> for query: 'CREATE INDEX post_idx_timestamp IF NOT EXISTS\n    FOR (p:Post)\n    ON (p.timestamp)'
17:27:18  INFO      Received notification from DBMS server: <GqlStatusObject gql_status='00NA0', status_description="note: successful completion - index or constraint already exists. The command 'CREATE RANGE INDEX linked_to_idx_label IF NOT EXISTS FOR ()-[e:LINKED_TO]-() ON (e.post_label)' has no effect. The index or constraint specified by 'RANGE INDEX linked_to_idx_label FOR ()-[e:LINKED_TO]-() ON (e.post_label)' already exists.", position=None, raw_classification='SCHEMA', classification=<NotificationClassification.SCHEMA: 'SCHEMA'>, raw_severity='INFORMATION', severity=<NotificationSeverity.INFORMATION: 'INFORMATION'>, diagnostic_record={'_classification': 'SCHEMA', '_severity': 'INFORMATION', 'OPERATION': '', 'OPERATION_CODE': '0', 'CURRENT_SCHEMA': '/'}> for query: 'CREATE INDEX linked_to_idx_label IF NOT EXISTS\n    FOR ()-[r:LINKED_TO]-()\n    ON (r.post_label)'
17:27:18  INFO      Received notification from DBMS server: <GqlStatusObject gql_status='00NA0', status_description="note: successful completion - index or constraint already exists. The command 'CREATE RANGE INDEX linked_to_idx_timestamp IF NOT EXISTS FOR ()-[e:LINKED_TO]-() ON (e.timestamp)' has no effect. The index or constraint specified by 'RANGE INDEX linked_to_idx_timestamp FOR ()-[e:LINKED_TO]-() ON (e.timestamp)' already exists.", position=None, raw_classification='SCHEMA', classification=<NotificationClassification.SCHEMA: 'SCHEMA'>, raw_severity='INFORMATION', severity=<NotificationSeverity.INFORMATION: 'INFORMATION'>, diagnostic_record={'_classification': 'SCHEMA', '_severity': 'INFORMATION', 'OPERATION': '', 'OPERATION_CODE': '0', 'CURRENT_SCHEMA': '/'}> for query: 'CREATE INDEX linked_to_idx_timestamp IF NOT EXISTS\n    FOR ()-[r:LINKED_TO]-()\n    ON (r.timestamp)'
17:27:18  INFO      Neo4j schema and constraints applied.
17:27:18  INFO      Loading Subreddit nodes natively via LOAD CSV...
17:27:20  INFO      Loading Post nodes natively via LOAD CSV...
17:29:47  INFO      Loading Hyperlink edges natively via LOAD CSV...
17:31:03  INFO      Neo4j native bulk data load finished in 225.33 s.
17:31:03  INFO      === ETL Pipeline Complete! Ready for benchmarking ===
17:31:03  INFO      ETL metrics saved to data/etl_metrics.json
17:50:03  INFO      Starting entity resolution across TSV files...
17:50:03  INFO      Reading soc-redditHyperlinks-body.tsv...
17:50:18  INFO      Reading soc-redditHyperlinks-title.tsv...
17:51:38  INFO      Entity resolution complete in 94.86 s (processed 652677 rows):
17:51:38  INFO        -> Subreddit entities : 57754
17:51:38  INFO        -> Post entities      : 646276
17:51:38  INFO        -> Hyperlink edges    : 652677
17:51:38  INFO      === Exporting native CSV files for bulk loading ===
17:54:17  INFO      CSV export finished in 158.68 s.
17:54:17  INFO      === PostgreSQL: Connecting and applying DDL ===
17:54:20  INFO      PostgreSQL schema reset.
17:54:20  INFO      Native COPYing subreddits into PostgreSQL...
17:54:24  INFO      Native COPYing posts into PostgreSQL...
17:55:21  INFO      Native COPYing hyperlinks into PostgreSQL...
17:55:29  INFO      PostgreSQL native bulk data load finished in 69.03 s.
17:55:29  INFO      Applying deferred indexes and constraints (schema_indexes.sql)...
17:55:53  INFO      Deferred indexes and constraints applied.
17:55:53  INFO      Running VACUUM ANALYZE to compute table statistics...
17:56:04  INFO      PostgreSQL database ready and optimized.
17:56:04  INFO      === Neo4j: Connecting and applying constraints ===
17:56:04  INFO      Clearing relationships in batches (preventing timeouts/OOM)...
17:58:15  INFO      Clearing nodes in batches...
17:59:47  INFO      Received notification from DBMS server: <GqlStatusObject gql_status='00NA0', status_description="note: successful completion - index or constraint already exists. The command 'CREATE CONSTRAINT subreddit_name_unique IF NOT EXISTS FOR (e:Subreddit) REQUIRE (e.name) IS UNIQUE' has no effect. The index or constraint specified by 'CONSTRAINT subreddit_name_unique FOR (e:Subreddit) REQUIRE (e.name) IS UNIQUE' already exists.", position=None, raw_classification='SCHEMA', classification=<NotificationClassification.SCHEMA: 'SCHEMA'>, raw_severity='INFORMATION', severity=<NotificationSeverity.INFORMATION: 'INFORMATION'>, diagnostic_record={'_classification': 'SCHEMA', '_severity': 'INFORMATION', 'OPERATION': '', 'OPERATION_CODE': '0', 'CURRENT_SCHEMA': '/'}> for query: 'CREATE CONSTRAINT subreddit_name_unique IF NOT EXISTS\n    FOR (s:Subreddit)\n    REQUIRE s.name IS UNIQUE'
17:59:47  INFO      Received notification from DBMS server: <GqlStatusObject gql_status='00NA0', status_description="note: successful completion - index or constraint already exists. The command 'CREATE CONSTRAINT post_id_unique IF NOT EXISTS FOR (e:Post) REQUIRE (e.post_id) IS UNIQUE' has no effect. The index or constraint specified by 'CONSTRAINT post_id_unique FOR (e:Post) REQUIRE (e.post_id) IS UNIQUE' already exists.", position=None, raw_classification='SCHEMA', classification=<NotificationClassification.SCHEMA: 'SCHEMA'>, raw_severity='INFORMATION', severity=<NotificationSeverity.INFORMATION: 'INFORMATION'>, diagnostic_record={'_classification': 'SCHEMA', '_severity': 'INFORMATION', 'OPERATION': '', 'OPERATION_CODE': '0', 'CURRENT_SCHEMA': '/'}> for query: 'CREATE CONSTRAINT post_id_unique IF NOT EXISTS\n    FOR (p:Post)\n    REQUIRE p.post_id IS UNIQUE'
17:59:48  INFO      Received notification from DBMS server: <GqlStatusObject gql_status='00NA0', status_description="note: successful completion - index or constraint already exists. The command 'CREATE RANGE INDEX post_idx_label IF NOT EXISTS FOR (e:Post) ON (e.post_label)' has no effect. The index or constraint specified by 'RANGE INDEX post_idx_label FOR (e:Post) ON (e.post_label)' already exists.", position=None, raw_classification='SCHEMA', classification=<NotificationClassification.SCHEMA: 'SCHEMA'>, raw_severity='INFORMATION', severity=<NotificationSeverity.INFORMATION: 'INFORMATION'>, diagnostic_record={'_classification': 'SCHEMA', '_severity': 'INFORMATION', 'OPERATION': '', 'OPERATION_CODE': '0', 'CURRENT_SCHEMA': '/'}> for query: 'CREATE INDEX post_idx_label IF NOT EXISTS\n    FOR (p:Post)\n    ON (p.post_label)'
17:59:48  INFO      Received notification from DBMS server: <GqlStatusObject gql_status='00NA0', status_description="note: successful completion - index or constraint already exists. The command 'CREATE RANGE INDEX post_idx_label_type IF NOT EXISTS FOR (e:Post) ON (e.post_label, e.source_type)' has no effect. The index or constraint specified by 'RANGE INDEX post_idx_label_type FOR (e:Post) ON (e.post_label, e.source_type)' already exists.", position=None, raw_classification='SCHEMA', classification=<NotificationClassification.SCHEMA: 'SCHEMA'>, raw_severity='INFORMATION', severity=<NotificationSeverity.INFORMATION: 'INFORMATION'>, diagnostic_record={'_classification': 'SCHEMA', '_severity': 'INFORMATION', 'OPERATION': '', 'OPERATION_CODE': '0', 'CURRENT_SCHEMA': '/'}> for query: 'CREATE INDEX post_idx_label_type IF NOT EXISTS\n    FOR (p:Post)\n    ON (p.post_label, p.source_type)'
17:59:48  INFO      Received notification from DBMS server: <GqlStatusObject gql_status='00NA0', status_description="note: successful completion - index or constraint already exists. The command 'CREATE RANGE INDEX post_idx_timestamp IF NOT EXISTS FOR (e:Post) ON (e.timestamp)' has no effect. The index or constraint specified by 'RANGE INDEX post_idx_timestamp FOR (e:Post) ON (e.timestamp)' already exists.", position=None, raw_classification='SCHEMA', classification=<NotificationClassification.SCHEMA: 'SCHEMA'>, raw_severity='INFORMATION', severity=<NotificationSeverity.INFORMATION: 'INFORMATION'>, diagnostic_record={'_classification': 'SCHEMA', '_severity': 'INFORMATION', 'OPERATION': '', 'OPERATION_CODE': '0', 'CURRENT_SCHEMA': '/'}> for query: 'CREATE INDEX post_idx_timestamp IF NOT EXISTS\n    FOR (p:Post)\n    ON (p.timestamp)'
17:59:48  INFO      Received notification from DBMS server: <GqlStatusObject gql_status='00NA0', status_description="note: successful completion - index or constraint already exists. The command 'CREATE RANGE INDEX linked_to_idx_label IF NOT EXISTS FOR ()-[e:LINKED_TO]-() ON (e.post_label)' has no effect. The index or constraint specified by 'RANGE INDEX linked_to_idx_label FOR ()-[e:LINKED_TO]-() ON (e.post_label)' already exists.", position=None, raw_classification='SCHEMA', classification=<NotificationClassification.SCHEMA: 'SCHEMA'>, raw_severity='INFORMATION', severity=<NotificationSeverity.INFORMATION: 'INFORMATION'>, diagnostic_record={'_classification': 'SCHEMA', '_severity': 'INFORMATION', 'OPERATION': '', 'OPERATION_CODE': '0', 'CURRENT_SCHEMA': '/'}> for query: 'CREATE INDEX linked_to_idx_label IF NOT EXISTS\n    FOR ()-[r:LINKED_TO]-()\n    ON (r.post_label)'
17:59:48  INFO      Received notification from DBMS server: <GqlStatusObject gql_status='00NA0', status_description="note: successful completion - index or constraint already exists. The command 'CREATE RANGE INDEX linked_to_idx_timestamp IF NOT EXISTS FOR ()-[e:LINKED_TO]-() ON (e.timestamp)' has no effect. The index or constraint specified by 'RANGE INDEX linked_to_idx_timestamp FOR ()-[e:LINKED_TO]-() ON (e.timestamp)' already exists.", position=None, raw_classification='SCHEMA', classification=<NotificationClassification.SCHEMA: 'SCHEMA'>, raw_severity='INFORMATION', severity=<NotificationSeverity.INFORMATION: 'INFORMATION'>, diagnostic_record={'_classification': 'SCHEMA', '_severity': 'INFORMATION', 'OPERATION': '', 'OPERATION_CODE': '0', 'CURRENT_SCHEMA': '/'}> for query: 'CREATE INDEX linked_to_idx_timestamp IF NOT EXISTS\n    FOR ()-[r:LINKED_TO]-()\n    ON (r.timestamp)'
17:59:48  INFO      Neo4j schema and constraints applied.
17:59:48  INFO      Loading Subreddit nodes natively via LOAD CSV...
17:59:59  INFO      Loading Post nodes natively via LOAD CSV...
18:05:44  INFO      Loading Hyperlink edges natively via LOAD CSV...
18:07:52  INFO      Neo4j native bulk data load finished in 483.97 s.
18:07:52  INFO      === ETL Pipeline Complete! Ready for benchmarking ===
18:07:52  INFO      ETL metrics saved to data/etl_metrics.json
