16:19:43  INFO      Seeds:  seed=subredditdrama  seed_a=subredditdrama (deg 27636)  seed_b=bestof (deg 21170)  seed_bfs=quityourbullshit (deg 508)
16:19:43  INFO      === PostgreSQL: 10 queries × 5 warm runs ===
17:26:23  INFO      Seeds:  seed=subredditdrama  seed_a=subredditdrama (deg 27636)  seed_b=bestof (deg 21170)  seed_bfs=quityourbullshit (deg 508)
17:26:23  INFO      === PostgreSQL: 10 queries × 5 warm runs ===
17:29:05  INFO      Seeds:  seed=subredditdrama  seed_a=subredditdrama (deg 27636)  seed_b=bestof (deg 21170)  seed_bfs=quityourbullshit (deg 508)
17:29:05  INFO      === PostgreSQL: 10 queries × 5 warm runs ===
17:29:05  INFO      Running T1-B: All outgoing links from seed
17:29:05  INFO        [PG] T1-B cold run...
17:29:05  INFO          cold=488.0 ms  rows=27636
17:29:05  INFO          warm 1/5: exec=136.1 ms  plan=1.13 ms  hits=662760  reads=0
17:29:05  INFO          warm 2/5: exec=131.5 ms  plan=0.87 ms  hits=662760  reads=0
17:29:06  INFO          warm 3/5: exec=149.9 ms  plan=0.81 ms  hits=662760  reads=0
17:29:06  INFO          warm 4/5: exec=143.3 ms  plan=0.92 ms  hits=662760  reads=0
17:29:06  INFO          warm 5/5: exec=220.5 ms  plan=1.03 ms  hits=662760  reads=0
17:29:06  INFO      Running T1-C: Hostile links only from seed
17:29:06  INFO        [PG] T1-C cold run...
17:29:06  INFO          cold=93.3 ms  rows=8987
17:29:06  INFO          warm 1/5: exec=47.2 ms  plan=0.81 ms  hits=224504  reads=0
17:29:06  INFO          warm 2/5: exec=53.9 ms  plan=0.94 ms  hits=224504  reads=0
17:29:06  INFO          warm 3/5: exec=58.4 ms  plan=1.16 ms  hits=224504  reads=0
17:29:06  INFO          warm 4/5: exec=50.8 ms  plan=0.82 ms  hits=224504  reads=0
17:29:06  INFO          warm 5/5: exec=49.4 ms  plan=0.76 ms  hits=224504  reads=0
17:29:06  INFO      Running T2-A: Global in-degree ranking (top 20)
17:29:06  INFO        [PG] T2-A cold run...
17:29:07  INFO          cold=455.9 ms  rows=20
17:29:07  INFO          warm 1/5: exec=543.8 ms  plan=0.45 ms  hits=26016  reads=0
17:29:08  INFO          warm 2/5: exec=515.5 ms  plan=0.60 ms  hits=26016  reads=0
17:29:08  INFO          warm 3/5: exec=439.6 ms  plan=0.35 ms  hits=26016  reads=0
17:29:09  INFO          warm 4/5: exec=439.6 ms  plan=0.33 ms  hits=26016  reads=0
17:29:09  INFO          warm 5/5: exec=439.4 ms  plan=0.35 ms  hits=26016  reads=0
17:29:09  INFO      Running T2-B: Top-20 subreddits by hostile link count
17:29:09  INFO        [PG] T2-B cold run...
17:29:09  INFO          cold=55.6 ms  rows=20
17:29:09  INFO          warm 1/5: exec=65.5 ms  plan=0.41 ms  hits=30101  reads=0
17:29:09  INFO          warm 2/5: exec=63.4 ms  plan=0.55 ms  hits=30101  reads=0
17:29:09  INFO          warm 3/5: exec=64.6 ms  plan=0.54 ms  hits=30101  reads=0
17:29:10  INFO          warm 4/5: exec=64.0 ms  plan=0.64 ms  hits=30101  reads=0
17:29:10  INFO          warm 5/5: exec=64.3 ms  plan=0.34 ms  hits=30101  reads=0
17:29:10  INFO      Running T3-A: 2-hop common targets of seed_a and seed_b
17:29:10  INFO        [PG] T3-A cold run...
17:29:10  INFO          cold=125.8 ms  rows=25
17:29:10  INFO          warm 1/5: exec=125.9 ms  plan=1.08 ms  hits=1473313  reads=0
17:29:10  INFO          warm 2/5: exec=122.7 ms  plan=1.38 ms  hits=1473313  reads=0
17:29:10  INFO          warm 3/5: exec=126.9 ms  plan=0.86 ms  hits=1473313  reads=0
17:29:10  INFO          warm 4/5: exec=124.9 ms  plan=1.12 ms  hits=1473313  reads=0
17:29:10  INFO          warm 5/5: exec=122.3 ms  plan=0.86 ms  hits=1473313  reads=0
17:29:10  INFO      Running T3-C: Common hostile attackers of seed_a and seed_b
17:29:10  INFO        [PG] T3-C cold run...
17:29:11  INFO          cold=168.1 ms  rows=25
17:29:11  INFO          warm 1/5: exec=38.7 ms  plan=1.63 ms  hits=159806  reads=0
17:29:11  INFO          warm 2/5: exec=32.9 ms  plan=1.17 ms  hits=159806  reads=0
17:29:11  INFO          warm 3/5: exec=45.5 ms  plan=1.20 ms  hits=159806  reads=0
17:29:11  INFO          warm 4/5: exec=62.6 ms  plan=1.48 ms  hits=159806  reads=0
17:29:11  INFO          warm 5/5: exec=50.5 ms  plan=1.71 ms  hits=159806  reads=0
17:29:11  INFO      Running T4-A: Global mutual hostile pairs
17:29:11  INFO        [PG] T4-A cold run...
17:29:12  INFO          cold=1013.8 ms  rows=20
17:29:13  INFO          warm 1/5: exec=1406.2 ms  plan=12.79 ms  hits=3971068  reads=0
17:29:15  INFO          warm 2/5: exec=1348.3 ms  plan=12.95 ms  hits=3966644  reads=0
17:29:16  INFO          warm 3/5: exec=1362.0 ms  plan=13.71 ms  hits=3977212  reads=0
17:29:17  INFO          warm 4/5: exec=1165.8 ms  plan=9.89 ms  hits=3971080  reads=0
17:29:18  INFO          warm 5/5: exec=1039.6 ms  plan=9.86 ms  hits=3978796  reads=0
17:29:18  INFO      Running T4-B: Bounded BFS depth 3 from seed_bfs
17:29:18  INFO        [PG] T4-B cold run...
17:30:16  INFO      Seeds:  seed=subredditdrama  seed_a=subredditdrama (deg 27636)  seed_b=bestof (deg 21170)  seed_bfs=quityourbullshit (deg 508)
17:30:16  INFO      === PostgreSQL: 10 queries × 5 warm runs ===
17:30:16  INFO      Running T1-B: All outgoing links from seed
17:30:16  INFO        [PG] T1-B cold run...
17:30:16  INFO          cold=214.0 ms  rows=27636
17:30:16  INFO          warm 1/5: exec=132.3 ms  plan=0.94 ms  hits=662760  reads=0
17:30:17  INFO          warm 2/5: exec=137.3 ms  plan=0.89 ms  hits=662760  reads=0
17:30:17  INFO          warm 3/5: exec=137.8 ms  plan=0.90 ms  hits=662760  reads=0
17:30:17  INFO          warm 4/5: exec=132.5 ms  plan=0.89 ms  hits=662760  reads=0
17:30:17  INFO          warm 5/5: exec=127.7 ms  plan=0.88 ms  hits=662760  reads=0
17:30:17  INFO      Running T1-C: Hostile links only from seed
17:30:17  INFO        [PG] T1-C cold run...
17:30:17  INFO          cold=90.1 ms  rows=8987
17:30:17  INFO          warm 1/5: exec=52.8 ms  plan=1.01 ms  hits=224504  reads=0
17:30:17  INFO          warm 2/5: exec=53.2 ms  plan=0.97 ms  hits=224504  reads=0
17:30:17  INFO          warm 3/5: exec=52.9 ms  plan=0.89 ms  hits=224504  reads=0
17:30:17  INFO          warm 4/5: exec=51.8 ms  plan=0.82 ms  hits=224504  reads=0
17:30:17  INFO          warm 5/5: exec=59.8 ms  plan=0.91 ms  hits=224504  reads=0
17:30:17  INFO      Running T2-A: Global in-degree ranking (top 20)
17:30:17  INFO        [PG] T2-A cold run...
17:30:18  INFO          cold=487.2 ms  rows=20
17:30:18  INFO          warm 1/5: exec=530.9 ms  plan=0.54 ms  hits=26016  reads=0
17:30:19  INFO          warm 2/5: exec=622.9 ms  plan=0.37 ms  hits=26016  reads=0
17:30:20  INFO          warm 3/5: exec=768.3 ms  plan=0.40 ms  hits=26016  reads=0
17:30:21  INFO          warm 4/5: exec=852.7 ms  plan=0.47 ms  hits=26016  reads=0
17:30:21  INFO          warm 5/5: exec=834.8 ms  plan=0.44 ms  hits=26016  reads=0
17:30:21  INFO      Running T2-B: Top-20 subreddits by hostile link count
17:30:21  INFO        [PG] T2-B cold run...
17:30:22  INFO          cold=89.6 ms  rows=20
17:30:22  INFO          warm 1/5: exec=103.4 ms  plan=0.43 ms  hits=30101  reads=0
17:30:22  INFO          warm 2/5: exec=96.7 ms  plan=0.47 ms  hits=30101  reads=0
17:30:22  INFO          warm 3/5: exec=105.0 ms  plan=0.58 ms  hits=30101  reads=0
17:30:22  INFO          warm 4/5: exec=83.6 ms  plan=0.42 ms  hits=30101  reads=0
17:30:22  INFO          warm 5/5: exec=93.2 ms  plan=0.40 ms  hits=30101  reads=0
17:30:22  INFO      Running T3-A: 2-hop common targets of seed_a and seed_b
17:30:22  INFO        [PG] T3-A cold run...
17:30:22  INFO          cold=150.6 ms  rows=25
17:30:22  INFO          warm 1/5: exec=140.7 ms  plan=1.11 ms  hits=1473313  reads=0
17:30:23  INFO          warm 2/5: exec=160.0 ms  plan=1.75 ms  hits=1473313  reads=0
17:30:23  INFO          warm 3/5: exec=172.8 ms  plan=1.04 ms  hits=1473313  reads=0
17:30:23  INFO          warm 4/5: exec=164.6 ms  plan=1.23 ms  hits=1473313  reads=0
17:30:23  INFO          warm 5/5: exec=146.7 ms  plan=1.19 ms  hits=1473313  reads=0
17:30:23  INFO      Running T3-C: Common hostile attackers of seed_a and seed_b
17:30:23  INFO        [PG] T3-C cold run...
17:30:23  INFO          cold=32.1 ms  rows=25
17:30:23  INFO          warm 1/5: exec=33.2 ms  plan=1.27 ms  hits=159806  reads=0
17:30:23  INFO          warm 2/5: exec=35.0 ms  plan=1.20 ms  hits=159806  reads=0
17:30:23  INFO          warm 3/5: exec=34.5 ms  plan=1.26 ms  hits=159806  reads=0
17:30:23  INFO          warm 4/5: exec=32.8 ms  plan=1.29 ms  hits=159806  reads=0
17:30:23  INFO          warm 5/5: exec=33.5 ms  plan=1.30 ms  hits=159806  reads=0
17:30:23  INFO      Running T4-A: Global mutual hostile pairs
17:30:23  INFO        [PG] T4-A cold run...
17:30:24  INFO          cold=922.4 ms  rows=20
17:30:25  INFO          warm 1/5: exec=1153.7 ms  plan=11.33 ms  hits=3969676  reads=0
17:30:27  INFO          warm 2/5: exec=1148.7 ms  plan=10.36 ms  hits=3973168  reads=0
17:30:28  INFO          warm 3/5: exec=1184.1 ms  plan=11.62 ms  hits=3976196  reads=0
17:30:29  INFO          warm 4/5: exec=1134.2 ms  plan=10.44 ms  hits=3976444  reads=0
17:30:30  INFO          warm 5/5: exec=1269.9 ms  plan=9.96 ms  hits=3975128  reads=0
17:30:30  INFO      Running T4-B: Bounded BFS depth 3 from seed_bfs
17:30:30  INFO        [PG] T4-B cold run...
17:55:57  INFO          cold=1527266.3 ms  rows=500
18:19:14  INFO          warm 1/5: exec=1396050.8 ms  plan=38.08 ms  hits=6272974706  reads=0
18:25:51  INFO      Seeds:  seed=subredditdrama  seed_a=subredditdrama (deg 27636)  seed_b=bestof (deg 21170)  seed_bfs=quityourbullshit (deg 508)
18:25:51  INFO      === PostgreSQL: 10 queries × 5 warm runs ===
18:25:51  INFO      Running T1-B: All outgoing links from seed
18:25:51  INFO        [PG] T1-B cold run...
18:25:51  INFO          cold=668.9 ms  rows=27636
18:25:51  INFO          warm 1/5: exec=162.4 ms  plan=1.34 ms  hits=662760  reads=0
18:25:52  INFO          warm 2/5: exec=180.7 ms  plan=1.11 ms  hits=662760  reads=0
18:25:52  INFO          warm 3/5: exec=175.0 ms  plan=1.17 ms  hits=662760  reads=0
18:25:52  INFO          warm 4/5: exec=200.7 ms  plan=1.17 ms  hits=662760  reads=0
18:25:52  INFO          warm 5/5: exec=206.8 ms  plan=1.42 ms  hits=662760  reads=0
18:25:52  INFO      Running T1-C: Hostile links only from seed
18:25:52  INFO        [PG] T1-C cold run...
18:25:52  INFO          cold=125.5 ms  rows=8987
18:25:53  INFO          warm 1/5: exec=63.5 ms  plan=1.12 ms  hits=224504  reads=0
18:25:53  INFO          warm 2/5: exec=75.9 ms  plan=1.78 ms  hits=224504  reads=0
18:25:53  INFO          warm 3/5: exec=73.5 ms  plan=1.10 ms  hits=224504  reads=0
18:25:53  INFO          warm 4/5: exec=64.5 ms  plan=0.99 ms  hits=224504  reads=0
18:25:53  INFO          warm 5/5: exec=68.1 ms  plan=0.93 ms  hits=224504  reads=0
18:25:53  INFO      Running T2-A: Global in-degree ranking (top 20)
18:25:53  INFO        [PG] T2-A cold run...
18:25:53  INFO          cold=532.3 ms  rows=20
18:25:54  INFO          warm 1/5: exec=582.8 ms  plan=0.56 ms  hits=26016  reads=0
18:25:54  INFO          warm 2/5: exec=536.6 ms  plan=0.33 ms  hits=26016  reads=0
18:25:55  INFO          warm 3/5: exec=614.9 ms  plan=0.43 ms  hits=26016  reads=0
18:25:56  INFO          warm 4/5: exec=613.0 ms  plan=0.45 ms  hits=26016  reads=0
18:25:57  INFO          warm 5/5: exec=666.0 ms  plan=0.35 ms  hits=26016  reads=0
18:25:57  INFO      Running T2-B: Top-20 subreddits by hostile link count
18:25:57  INFO        [PG] T2-B cold run...
18:25:57  INFO          cold=94.2 ms  rows=20
18:25:57  INFO          warm 1/5: exec=94.0 ms  plan=0.72 ms  hits=30101  reads=0
18:25:57  INFO          warm 2/5: exec=81.0 ms  plan=0.45 ms  hits=30101  reads=0
18:25:57  INFO          warm 3/5: exec=76.1 ms  plan=0.39 ms  hits=30101  reads=0
18:25:57  INFO          warm 4/5: exec=93.7 ms  plan=0.39 ms  hits=30101  reads=0
18:25:57  INFO          warm 5/5: exec=90.3 ms  plan=0.65 ms  hits=30101  reads=0
18:25:57  INFO      Running T3-A: 2-hop common targets of seed_a and seed_b
18:25:57  INFO        [PG] T3-A cold run...
18:25:58  INFO          cold=455.3 ms  rows=25
18:25:58  INFO          warm 1/5: exec=309.8 ms  plan=1.71 ms  hits=1473313  reads=0
18:25:58  INFO          warm 2/5: exec=226.8 ms  plan=3.30 ms  hits=1473313  reads=0
18:25:59  INFO          warm 3/5: exec=213.8 ms  plan=4.39 ms  hits=1473313  reads=0
18:25:59  INFO          warm 4/5: exec=193.5 ms  plan=1.56 ms  hits=1473313  reads=0
18:25:59  INFO          warm 5/5: exec=204.0 ms  plan=3.71 ms  hits=1473313  reads=0
18:25:59  INFO      Running T3-C: Common hostile attackers of seed_a and seed_b
18:25:59  INFO        [PG] T3-C cold run...
18:26:01  INFO          cold=1536.9 ms  rows=25
18:26:01  INFO          warm 1/5: exec=43.1 ms  plan=1.66 ms  hits=159806  reads=0
18:26:01  INFO          warm 2/5: exec=52.8 ms  plan=2.27 ms  hits=159806  reads=0
18:26:01  INFO          warm 3/5: exec=61.1 ms  plan=1.96 ms  hits=159806  reads=0
18:26:01  INFO          warm 4/5: exec=53.0 ms  plan=3.79 ms  hits=159806  reads=0
18:26:01  INFO          warm 5/5: exec=45.6 ms  plan=2.33 ms  hits=159806  reads=0
18:26:01  INFO      Running T4-A: Global mutual hostile pairs
18:26:01  INFO        [PG] T4-A cold run...
18:26:03  INFO          cold=2067.7 ms  rows=20
18:26:04  INFO          warm 1/5: exec=1388.1 ms  plan=13.64 ms  hits=3962968  reads=0
18:26:06  INFO          warm 2/5: exec=1408.9 ms  plan=11.47 ms  hits=3976888  reads=0
18:26:07  INFO          warm 3/5: exec=1309.9 ms  plan=13.73 ms  hits=3973700  reads=0
18:26:08  INFO          warm 4/5: exec=1203.7 ms  plan=15.94 ms  hits=3975304  reads=0
18:26:09  INFO          warm 5/5: exec=1171.6 ms  plan=10.51 ms  hits=3958376  reads=0
18:26:09  INFO      Running T4-B: Bounded BFS depth 3 from seed_bfs
18:26:09  INFO        [PG] T4-B cold run...
18:44:48  INFO      Seeds:  seed=subredditdrama  seed_a=subredditdrama (deg 27636)  seed_b=bestof (deg 21170)  seed_bfs=quityourbullshit (deg 508)
18:44:48  INFO      === PostgreSQL: 10 queries × 5 warm runs ===
18:44:48  INFO      Running T1-B: All outgoing links from seed
18:44:48  INFO        [PG] T1-B cold run...
18:44:49  INFO          cold=310.4 ms  rows=27636
18:44:49  INFO          warm 1/5: exec=189.4 ms  plan=1.25 ms  hits=662760  reads=0
18:44:49  INFO          warm 2/5: exec=163.4 ms  plan=1.29 ms  hits=662760  reads=0
18:44:49  INFO          warm 3/5: exec=152.1 ms  plan=1.02 ms  hits=662760  reads=0
18:44:49  INFO          warm 4/5: exec=153.4 ms  plan=1.08 ms  hits=662760  reads=0
18:44:50  INFO          warm 5/5: exec=147.7 ms  plan=1.15 ms  hits=662760  reads=0
18:44:50  INFO      Running T1-C: Hostile links only from seed
18:44:50  INFO        [PG] T1-C cold run...
18:44:50  INFO          cold=88.3 ms  rows=8987
18:44:50  INFO          warm 1/5: exec=51.6 ms  plan=1.00 ms  hits=224504  reads=0
18:44:50  INFO          warm 2/5: exec=50.5 ms  plan=0.99 ms  hits=224504  reads=0
18:44:50  INFO          warm 3/5: exec=52.1 ms  plan=0.93 ms  hits=224504  reads=0
18:44:50  INFO          warm 4/5: exec=57.2 ms  plan=1.09 ms  hits=224504  reads=0
18:44:50  INFO          warm 5/5: exec=54.9 ms  plan=0.86 ms  hits=224504  reads=0
18:44:50  INFO      Running T2-A: Global in-degree ranking (top 20)
18:44:50  INFO        [PG] T2-A cold run...
18:44:50  INFO          cold=493.5 ms  rows=20
18:44:51  INFO          warm 1/5: exec=702.8 ms  plan=0.39 ms  hits=26016  reads=0
18:44:52  INFO          warm 2/5: exec=584.2 ms  plan=0.51 ms  hits=26016  reads=0
18:44:52  INFO          warm 3/5: exec=657.5 ms  plan=0.47 ms  hits=26016  reads=0
18:44:53  INFO          warm 4/5: exec=569.3 ms  plan=0.36 ms  hits=26016  reads=0
18:44:54  INFO          warm 5/5: exec=641.8 ms  plan=0.42 ms  hits=26016  reads=0
18:44:54  INFO      Running T2-B: Top-20 subreddits by hostile link count
18:44:54  INFO        [PG] T2-B cold run...
18:44:54  INFO          cold=62.0 ms  rows=20
18:44:54  INFO          warm 1/5: exec=76.8 ms  plan=0.38 ms  hits=30101  reads=0
18:44:54  INFO          warm 2/5: exec=74.3 ms  plan=0.37 ms  hits=30101  reads=0
18:44:54  INFO          warm 3/5: exec=87.3 ms  plan=0.39 ms  hits=30101  reads=0
18:44:54  INFO          warm 4/5: exec=98.9 ms  plan=0.55 ms  hits=30101  reads=0
18:44:54  INFO          warm 5/5: exec=72.8 ms  plan=0.39 ms  hits=30101  reads=0
18:44:54  INFO      Running T3-A: 2-hop common targets of seed_a and seed_b
18:44:54  INFO        [PG] T3-A cold run...
18:44:54  INFO          cold=126.1 ms  rows=25
18:44:54  INFO          warm 1/5: exec=145.7 ms  plan=1.19 ms  hits=1473313  reads=0
18:44:54  INFO          warm 2/5: exec=142.3 ms  plan=1.03 ms  hits=1473313  reads=0
18:44:55  INFO          warm 3/5: exec=138.3 ms  plan=1.04 ms  hits=1473313  reads=0
18:44:55  INFO          warm 4/5: exec=149.4 ms  plan=1.00 ms  hits=1473313  reads=0
18:44:55  INFO          warm 5/5: exec=140.6 ms  plan=0.99 ms  hits=1473313  reads=0
18:44:55  INFO      Running T3-C: Common hostile attackers of seed_a and seed_b
18:44:55  INFO        [PG] T3-C cold run...
18:44:55  INFO          cold=404.4 ms  rows=25
18:44:55  INFO          warm 1/5: exec=32.2 ms  plan=1.12 ms  hits=159806  reads=0
18:44:55  INFO          warm 2/5: exec=34.1 ms  plan=1.14 ms  hits=159806  reads=0
18:44:55  INFO          warm 3/5: exec=34.5 ms  plan=1.30 ms  hits=159806  reads=0
18:44:55  INFO          warm 4/5: exec=36.5 ms  plan=1.20 ms  hits=159806  reads=0
18:44:56  INFO          warm 5/5: exec=35.1 ms  plan=1.52 ms  hits=159806  reads=0
18:44:56  INFO      Running T4-A: Global mutual hostile pairs
18:44:56  INFO        [PG] T4-A cold run...
18:44:56  INFO          cold=917.8 ms  rows=20
18:44:58  INFO          warm 1/5: exec=1153.0 ms  plan=11.05 ms  hits=3967444  reads=0
18:44:59  INFO          warm 2/5: exec=1136.1 ms  plan=12.60 ms  hits=3956020  reads=0
18:45:00  INFO          warm 3/5: exec=1531.8 ms  plan=11.11 ms  hits=3978196  reads=0
18:45:02  INFO          warm 4/5: exec=2159.5 ms  plan=16.27 ms  hits=3969260  reads=0
18:45:04  INFO          warm 5/5: exec=1757.5 ms  plan=13.84 ms  hits=3971504  reads=0
18:45:04  INFO      Running T4-B: Bounded BFS depth 2 from seed_bfs
18:45:04  INFO        [PG] T4-B cold run...
18:45:06  INFO          cold=2022.8 ms  rows=500
18:45:08  INFO          warm 1/5: exec=2079.9 ms  plan=0.42 ms  hits=12080478  reads=0
18:45:11  INFO          warm 2/5: exec=2206.3 ms  plan=0.49 ms  hits=12080478  reads=0
18:45:13  INFO          warm 3/5: exec=2320.0 ms  plan=0.50 ms  hits=12080478  reads=0
18:45:16  INFO          warm 4/5: exec=2629.3 ms  plan=0.57 ms  hits=12080478  reads=0
18:45:18  INFO          warm 5/5: exec=2614.2 ms  plan=0.81 ms  hits=12080478  reads=0
18:45:18  INFO      Running T5-A: 3-node hostile cycles seeded
18:45:18  INFO        [PG] T5-A cold run...
18:45:18  INFO          cold=88.4 ms  rows=50
18:45:18  INFO          warm 1/5: exec=26.0 ms  plan=60.32 ms  hits=114704  reads=0
18:45:18  INFO          warm 2/5: exec=26.2 ms  plan=61.41 ms  hits=114704  reads=0
18:45:18  INFO          warm 3/5: exec=26.5 ms  plan=59.44 ms  hits=114704  reads=0
18:45:19  INFO          warm 4/5: exec=26.1 ms  plan=60.07 ms  hits=114704  reads=0
18:45:19  INFO          warm 5/5: exec=27.3 ms  plan=58.26 ms  hits=114704  reads=0
18:45:19  INFO      Running T5-B: Bounded BFS depth 3 from seed_bfs
18:45:19  INFO        [PG] T5-B cold run...
18:48:05  INFO      Seeds:  seed=subredditdrama  seed_a=subredditdrama (deg 27636)  seed_b=bestof (deg 21170)  seed_bfs=quityourbullshit (deg 508)
18:48:05  INFO      === PostgreSQL: 10 queries × 5 warm runs ===
18:48:05  INFO      Running T1-B: All outgoing links from seed
18:48:05  INFO        [PG] T1-B cold run...
18:48:06  INFO          cold=375.2 ms  rows=27636
18:48:06  INFO          warm 1/5: exec=180.4 ms  plan=1.20 ms  hits=662760  reads=0
18:48:06  INFO          warm 2/5: exec=167.2 ms  plan=1.02 ms  hits=662760  reads=0
18:48:06  INFO          warm 3/5: exec=173.9 ms  plan=1.26 ms  hits=662760  reads=0
18:48:06  INFO          warm 4/5: exec=179.3 ms  plan=1.12 ms  hits=662760  reads=0
18:48:06  INFO          warm 5/5: exec=162.5 ms  plan=1.03 ms  hits=662760  reads=0
18:48:06  INFO      Running T1-C: Hostile links only from seed
18:48:06  INFO        [PG] T1-C cold run...
18:48:07  INFO          cold=130.9 ms  rows=8987
18:48:07  INFO          warm 1/5: exec=71.3 ms  plan=1.18 ms  hits=224504  reads=0
18:48:07  INFO          warm 2/5: exec=67.9 ms  plan=1.05 ms  hits=224504  reads=0
18:48:07  INFO          warm 3/5: exec=62.2 ms  plan=1.10 ms  hits=224504  reads=0
18:48:07  INFO          warm 4/5: exec=69.0 ms  plan=1.03 ms  hits=224504  reads=0
18:48:07  INFO          warm 5/5: exec=70.2 ms  plan=0.97 ms  hits=224504  reads=0
18:48:07  INFO      Running T2-A: Global in-degree ranking (top 20)
18:48:07  INFO        [PG] T2-A cold run...
18:48:08  INFO          cold=671.0 ms  rows=20
18:48:09  INFO          warm 1/5: exec=849.3 ms  plan=0.47 ms  hits=26016  reads=0
18:48:09  INFO          warm 2/5: exec=986.0 ms  plan=0.78 ms  hits=26016  reads=0
18:48:10  INFO          warm 3/5: exec=583.8 ms  plan=0.50 ms  hits=26016  reads=0
18:48:11  INFO          warm 4/5: exec=617.3 ms  plan=0.39 ms  hits=26016  reads=0
18:48:11  INFO          warm 5/5: exec=670.1 ms  plan=0.41 ms  hits=26016  reads=0
18:48:11  INFO      Running T2-B: Top-20 subreddits by hostile link count
18:48:11  INFO        [PG] T2-B cold run...
18:48:12  INFO          cold=399.5 ms  rows=20
18:48:12  INFO          warm 1/5: exec=83.7 ms  plan=0.51 ms  hits=30101  reads=0
18:48:12  INFO          warm 2/5: exec=106.7 ms  plan=0.50 ms  hits=30101  reads=0
18:48:12  INFO          warm 3/5: exec=95.7 ms  plan=0.40 ms  hits=30101  reads=0
18:48:12  INFO          warm 4/5: exec=154.1 ms  plan=0.54 ms  hits=30101  reads=0
18:48:13  INFO          warm 5/5: exec=175.6 ms  plan=0.53 ms  hits=30101  reads=0
18:48:13  INFO      Running T3-A: 2-hop common targets of seed_a and seed_b
18:48:13  INFO        [PG] T3-A cold run...
18:48:13  INFO          cold=197.2 ms  rows=25
18:48:13  INFO          warm 1/5: exec=203.8 ms  plan=1.63 ms  hits=1473313  reads=0
18:48:13  INFO          warm 2/5: exec=222.2 ms  plan=1.13 ms  hits=1473313  reads=0
18:48:14  INFO          warm 3/5: exec=174.6 ms  plan=1.26 ms  hits=1473313  reads=0
18:48:14  INFO          warm 4/5: exec=203.0 ms  plan=1.65 ms  hits=1473313  reads=0
18:48:14  INFO          warm 5/5: exec=202.7 ms  plan=1.54 ms  hits=1473313  reads=0
18:48:14  INFO      Running T3-C: Common hostile attackers of seed_a and seed_b
18:48:14  INFO        [PG] T3-C cold run...
18:48:15  INFO          cold=779.2 ms  rows=25
18:48:15  INFO          warm 1/5: exec=40.7 ms  plan=1.42 ms  hits=159806  reads=0
18:48:15  INFO          warm 2/5: exec=39.2 ms  plan=1.38 ms  hits=159806  reads=0
18:48:15  INFO          warm 3/5: exec=49.0 ms  plan=1.40 ms  hits=159806  reads=0
18:48:15  INFO          warm 4/5: exec=54.0 ms  plan=1.50 ms  hits=159806  reads=0
18:48:15  INFO          warm 5/5: exec=45.8 ms  plan=1.53 ms  hits=159806  reads=0
18:48:15  INFO      Running T4-A: Global mutual hostile pairs
18:48:15  INFO        [PG] T4-A cold run...
18:48:16  INFO          cold=1241.8 ms  rows=20
18:48:18  INFO          warm 1/5: exec=1433.3 ms  plan=13.79 ms  hits=3972124  reads=0
18:48:19  INFO          warm 2/5: exec=1470.6 ms  plan=15.36 ms  hits=3968236  reads=0
18:48:21  INFO          warm 3/5: exec=1369.2 ms  plan=12.24 ms  hits=3973480  reads=0
18:48:22  INFO          warm 4/5: exec=1358.3 ms  plan=8.37 ms  hits=3979868  reads=0
18:48:24  INFO          warm 5/5: exec=2223.1 ms  plan=14.25 ms  hits=3960916  reads=0
18:48:24  INFO      Running T4-B: Bounded BFS depth 2 from seed_bfs
18:48:24  INFO        [PG] T4-B cold run...
18:48:32  INFO          cold=7821.7 ms  rows=500
18:48:36  INFO          warm 1/5: exec=3934.3 ms  plan=88.66 ms  hits=12080478  reads=0
18:48:38  INFO          warm 2/5: exec=2361.6 ms  plan=0.49 ms  hits=12080478  reads=0
18:48:41  INFO          warm 3/5: exec=2287.5 ms  plan=0.49 ms  hits=12080478  reads=0
18:48:43  INFO          warm 4/5: exec=2348.4 ms  plan=0.48 ms  hits=12080478  reads=0
18:48:46  INFO          warm 5/5: exec=2457.0 ms  plan=0.56 ms  hits=12080478  reads=0
18:48:46  INFO      Running T5-A: 3-node hostile cycles seeded
18:48:46  INFO        [PG] T5-A cold run...
18:48:46  INFO          cold=353.8 ms  rows=50
18:48:46  INFO          warm 1/5: exec=32.2 ms  plan=56.49 ms  hits=114704  reads=0
18:48:46  INFO          warm 2/5: exec=30.8 ms  plan=73.91 ms  hits=114704  reads=0
18:48:46  INFO          warm 3/5: exec=34.1 ms  plan=75.95 ms  hits=114704  reads=0
18:48:46  INFO          warm 4/5: exec=35.9 ms  plan=78.02 ms  hits=114704  reads=0
18:48:46  INFO          warm 5/5: exec=33.2 ms  plan=75.45 ms  hits=114704  reads=0
18:48:46  INFO      Running T5-B: Bounded BFS depth 3 from seed_bfs
18:48:46  INFO        [PG] T5-B cold run...
19:13:10  INFO          cold=1463714.2 ms  rows=500
19:39:16  INFO          warm 1/5: exec=1566284.7 ms  plan=29.16 ms  hits=6272974706  reads=0
20:06:47  INFO          warm 2/5: exec=1651096.4 ms  plan=45.65 ms  hits=6272974706  reads=0
20:32:01  INFO          warm 3/5: exec=1513793.3 ms  plan=38.41 ms  hits=6272974706  reads=0
21:01:46  INFO          warm 4/5: exec=1785455.0 ms  plan=51.84 ms  hits=6272974706  reads=0
12:38:44  INFO      Seeds:  seed=subredditdrama  seed_a=subredditdrama (deg 27636)  seed_b=bestof (deg 21170)  seed_bfs=quityourbullshit (deg 508)
12:38:44  INFO      === PostgreSQL: 10 queries × 5 warm runs ===
12:38:44  INFO      Running T1-B: All outgoing links from seed
12:38:44  INFO        [PG] T1-B cold run...
12:38:46  INFO          cold=1525.4 ms  rows=27636
12:38:46  INFO          warm 1/5: exec=192.2 ms  plan=1.10 ms  hits=662760  reads=0
12:38:46  INFO          warm 2/5: exec=129.3 ms  plan=1.03 ms  hits=662760  reads=0
12:38:46  INFO          warm 3/5: exec=152.8 ms  plan=0.89 ms  hits=662760  reads=0
12:38:46  INFO          warm 4/5: exec=154.5 ms  plan=1.35 ms  hits=662760  reads=0
12:38:47  INFO          warm 5/5: exec=125.1 ms  plan=1.06 ms  hits=662760  reads=0
12:38:47  INFO      Running T1-C: Hostile links only from seed
12:38:47  INFO        [PG] T1-C cold run...
12:38:47  INFO          cold=97.1 ms  rows=8987
12:38:47  INFO          warm 1/5: exec=49.8 ms  plan=1.31 ms  hits=224504  reads=0
12:38:47  INFO          warm 2/5: exec=49.5 ms  plan=0.98 ms  hits=224504  reads=0
12:38:47  INFO          warm 3/5: exec=50.2 ms  plan=1.31 ms  hits=224504  reads=0
12:38:47  INFO          warm 4/5: exec=51.9 ms  plan=2.21 ms  hits=224504  reads=0
12:38:47  INFO          warm 5/5: exec=44.2 ms  plan=1.01 ms  hits=224504  reads=0
12:38:47  INFO      Running T2-A: Global in-degree ranking (top 20)
12:38:47  INFO        [PG] T2-A cold run...
12:38:47  INFO          cold=464.9 ms  rows=20
12:38:48  INFO          warm 1/5: exec=498.9 ms  plan=0.62 ms  hits=26016  reads=0
12:38:48  INFO          warm 2/5: exec=503.4 ms  plan=0.59 ms  hits=26016  reads=0
12:38:49  INFO          warm 3/5: exec=485.9 ms  plan=0.48 ms  hits=26016  reads=0
12:38:49  INFO          warm 4/5: exec=511.0 ms  plan=0.35 ms  hits=26016  reads=0
12:38:50  INFO          warm 5/5: exec=506.9 ms  plan=0.37 ms  hits=26016  reads=0
12:38:50  INFO      Running T2-B: Top-20 subreddits by hostile link count
12:38:50  INFO        [PG] T2-B cold run...
12:38:50  INFO          cold=60.5 ms  rows=20
12:38:50  INFO          warm 1/5: exec=59.5 ms  plan=0.36 ms  hits=30101  reads=0
12:38:50  INFO          warm 2/5: exec=63.5 ms  plan=0.53 ms  hits=30101  reads=0
12:38:50  INFO          warm 3/5: exec=63.8 ms  plan=0.39 ms  hits=30101  reads=0
12:38:50  INFO          warm 4/5: exec=62.7 ms  plan=0.39 ms  hits=30101  reads=0
12:38:50  INFO          warm 5/5: exec=62.6 ms  plan=0.66 ms  hits=30101  reads=0
12:38:50  INFO      Running T3-A: 2-hop common targets of seed_a and seed_b
12:38:50  INFO        [PG] T3-A cold run...
12:38:50  INFO          cold=167.8 ms  rows=25
12:38:51  INFO          warm 1/5: exec=120.9 ms  plan=1.08 ms  hits=1473313  reads=0
12:38:51  INFO          warm 2/5: exec=123.4 ms  plan=1.00 ms  hits=1473313  reads=0
12:38:51  INFO          warm 3/5: exec=122.0 ms  plan=1.02 ms  hits=1473313  reads=0
12:38:51  INFO          warm 4/5: exec=124.7 ms  plan=1.11 ms  hits=1473313  reads=0
12:38:51  INFO          warm 5/5: exec=123.2 ms  plan=1.10 ms  hits=1473313  reads=0
12:38:51  INFO      Running T3-C: Common hostile attackers of seed_a and seed_b
12:38:51  INFO        [PG] T3-C cold run...
12:38:51  INFO          cold=403.6 ms  rows=25
12:38:51  INFO          warm 1/5: exec=28.9 ms  plan=1.04 ms  hits=159806  reads=0
12:38:52  INFO          warm 2/5: exec=29.6 ms  plan=1.09 ms  hits=159806  reads=0
12:38:52  INFO          warm 3/5: exec=32.4 ms  plan=1.59 ms  hits=159806  reads=0
12:38:52  INFO          warm 4/5: exec=28.4 ms  plan=1.28 ms  hits=159806  reads=0
12:38:52  INFO          warm 5/5: exec=30.5 ms  plan=1.43 ms  hits=159806  reads=0
12:38:52  INFO      Running T4-A: Global mutual hostile pairs
12:38:52  INFO        [PG] T4-A cold run...
12:38:53  INFO          cold=902.7 ms  rows=20
12:38:54  INFO          warm 1/5: exec=1102.7 ms  plan=9.46 ms  hits=3965608  reads=0
12:38:55  INFO          warm 2/5: exec=1578.9 ms  plan=15.22 ms  hits=3958340  reads=0
12:38:57  INFO          warm 3/5: exec=1295.3 ms  plan=14.76 ms  hits=3960080  reads=0
12:38:58  INFO          warm 4/5: exec=1457.6 ms  plan=11.70 ms  hits=3974212  reads=0
12:38:59  INFO          warm 5/5: exec=1146.7 ms  plan=12.21 ms  hits=3982660  reads=0
12:38:59  INFO      Running T4-B: Bounded BFS depth 2 from seed_bfs
12:38:59  INFO        [PG] T4-B cold run...
12:39:02  INFO          cold=2487.6 ms  rows=500
12:39:04  INFO          warm 1/5: exec=2062.1 ms  plan=0.59 ms  hits=12080478  reads=0
12:39:06  INFO          warm 2/5: exec=2247.4 ms  plan=0.75 ms  hits=12080478  reads=0
12:39:09  INFO          warm 3/5: exec=2591.4 ms  plan=0.49 ms  hits=12080478  reads=0
12:39:11  INFO          warm 4/5: exec=2335.8 ms  plan=1.09 ms  hits=12080478  reads=0
12:39:13  INFO          warm 5/5: exec=2051.1 ms  plan=0.80 ms  hits=12080478  reads=0
12:39:13  INFO      Running T5-A: 3-node hostile cycles seeded
12:39:13  INFO        [PG] T5-A cold run...
12:39:13  INFO          cold=80.6 ms  rows=50
12:39:13  INFO          warm 1/5: exec=24.7 ms  plan=52.94 ms  hits=114704  reads=0
12:39:13  INFO          warm 2/5: exec=22.3 ms  plan=49.31 ms  hits=114704  reads=0
12:39:13  INFO          warm 3/5: exec=22.8 ms  plan=53.54 ms  hits=114704  reads=0
12:39:13  INFO          warm 4/5: exec=24.3 ms  plan=49.18 ms  hits=114704  reads=0
12:39:13  INFO          warm 5/5: exec=23.0 ms  plan=49.16 ms  hits=114704  reads=0
12:39:13  INFO      Running T5-B: Bounded BFS depth 3 from seed_bfs
12:39:13  INFO        [PG] T5-B cold run...
12:45:28  INFO      Seeds:  seed=subredditdrama  seed_a=subredditdrama (deg 27636)  seed_b=bestof (deg 21170)  seed_bfs=quityourbullshit (deg 508)
12:45:28  INFO      === PostgreSQL: 10 queries × 5 warm runs ===
12:45:28  INFO      Running T1-B: All outgoing links from seed
12:45:28  INFO        [PG] T1-B cold run...
12:45:29  INFO          cold=232.7 ms  rows=27636
12:45:29  INFO          warm 1/5: exec=123.2 ms  plan=0.77 ms  hits=662760  reads=0
12:45:29  INFO          warm 2/5: exec=106.8 ms  plan=0.68 ms  hits=662760  reads=0
12:45:29  INFO          warm 3/5: exec=112.3 ms  plan=0.71 ms  hits=662760  reads=0
12:45:29  INFO          warm 4/5: exec=121.7 ms  plan=0.74 ms  hits=662760  reads=0
12:45:29  INFO          warm 5/5: exec=111.5 ms  plan=0.77 ms  hits=662760  reads=0
12:45:29  INFO      Running T1-C: Hostile links only from seed
12:45:29  INFO        [PG] T1-C cold run...
12:45:29  INFO          cold=75.4 ms  rows=8987
12:45:29  INFO          warm 1/5: exec=40.0 ms  plan=0.93 ms  hits=224504  reads=0
12:45:29  INFO          warm 2/5: exec=41.8 ms  plan=0.73 ms  hits=224504  reads=0
12:45:30  INFO          warm 3/5: exec=42.8 ms  plan=0.67 ms  hits=224504  reads=0
12:45:30  INFO          warm 4/5: exec=41.3 ms  plan=0.62 ms  hits=224504  reads=0
12:45:30  INFO          warm 5/5: exec=40.7 ms  plan=0.91 ms  hits=224504  reads=0
12:45:30  INFO      Running T2-A: Global in-degree ranking (top 20)
12:45:30  INFO        [PG] T2-A cold run...
12:45:30  INFO          cold=365.5 ms  rows=20
12:45:31  INFO          warm 1/5: exec=532.3 ms  plan=0.29 ms  hits=26016  reads=0
12:45:31  INFO          warm 2/5: exec=494.0 ms  plan=0.63 ms  hits=26016  reads=0
12:45:32  INFO          warm 3/5: exec=511.5 ms  plan=0.34 ms  hits=26016  reads=0
12:45:32  INFO          warm 4/5: exec=622.6 ms  plan=0.36 ms  hits=26016  reads=0
12:45:33  INFO          warm 5/5: exec=760.6 ms  plan=0.37 ms  hits=26016  reads=0
12:45:33  INFO      Running T2-B: Top-20 subreddits by hostile link count
12:45:33  INFO        [PG] T2-B cold run...
12:45:33  INFO          cold=79.5 ms  rows=20
12:45:33  INFO          warm 1/5: exec=147.0 ms  plan=0.51 ms  hits=30101  reads=0
12:45:33  INFO          warm 2/5: exec=85.9 ms  plan=0.42 ms  hits=30101  reads=0
12:45:33  INFO          warm 3/5: exec=87.3 ms  plan=0.42 ms  hits=30101  reads=0
12:45:33  INFO          warm 4/5: exec=110.0 ms  plan=0.48 ms  hits=30101  reads=0
12:45:34  INFO          warm 5/5: exec=90.6 ms  plan=0.52 ms  hits=30101  reads=0
12:45:34  INFO      Running T3-A: 2-hop common targets of seed_a and seed_b
12:45:34  INFO        [PG] T3-A cold run...
12:45:34  INFO          cold=141.9 ms  rows=25
12:45:34  INFO          warm 1/5: exec=181.7 ms  plan=1.48 ms  hits=1473313  reads=0
12:45:34  INFO          warm 2/5: exec=173.4 ms  plan=1.25 ms  hits=1473313  reads=0
12:45:34  INFO          warm 3/5: exec=173.1 ms  plan=1.27 ms  hits=1473313  reads=0
12:45:34  INFO          warm 4/5: exec=149.6 ms  plan=1.36 ms  hits=1473313  reads=0
12:45:35  INFO          warm 5/5: exec=137.9 ms  plan=1.10 ms  hits=1473313  reads=0
12:45:35  INFO      Running T3-C: Common hostile attackers of seed_a and seed_b
12:45:35  INFO        [PG] T3-C cold run...
12:45:35  INFO          cold=159.7 ms  rows=25
12:45:35  INFO          warm 1/5: exec=31.2 ms  plan=1.04 ms  hits=159806  reads=0
12:45:35  INFO          warm 2/5: exec=32.4 ms  plan=1.15 ms  hits=159806  reads=0
12:45:35  INFO          warm 3/5: exec=32.2 ms  plan=1.13 ms  hits=159806  reads=0
12:45:35  INFO          warm 4/5: exec=32.7 ms  plan=1.29 ms  hits=159806  reads=0
12:45:35  INFO          warm 5/5: exec=50.4 ms  plan=1.55 ms  hits=159806  reads=0
12:45:35  INFO      Running T4-A: Global mutual hostile pairs
12:45:35  INFO        [PG] T4-A cold run...
12:45:36  INFO          cold=952.8 ms  rows=20
12:45:37  INFO          warm 1/5: exec=1173.6 ms  plan=11.39 ms  hits=3962488  reads=0
12:45:38  INFO          warm 2/5: exec=1197.4 ms  plan=10.55 ms  hits=3966448  reads=0
12:45:39  INFO          warm 3/5: exec=1171.9 ms  plan=9.60 ms  hits=3972964  reads=0
12:45:41  INFO          warm 4/5: exec=1198.8 ms  plan=10.04 ms  hits=3981436  reads=0
12:45:42  INFO          warm 5/5: exec=1331.0 ms  plan=9.35 ms  hits=3961612  reads=0
12:45:42  INFO      Running T4-B: Bounded BFS depth 2 from seed_bfs
12:45:42  INFO        [PG] T4-B cold run...
12:45:45  INFO          cold=2479.6 ms  rows=500
12:45:47  INFO          warm 1/5: exec=2581.1 ms  plan=0.43 ms  hits=12080478  reads=0
12:45:50  INFO          warm 2/5: exec=2480.0 ms  plan=0.64 ms  hits=12080478  reads=0
12:45:52  INFO          warm 3/5: exec=2394.3 ms  plan=0.46 ms  hits=12080478  reads=0
12:45:54  INFO          warm 4/5: exec=2165.8 ms  plan=0.49 ms  hits=12080478  reads=0
12:45:56  INFO          warm 5/5: exec=2296.0 ms  plan=0.60 ms  hits=12080478  reads=0
12:45:56  INFO      Running T5-A: 3-node hostile cycles seeded
12:45:56  INFO        [PG] T5-A cold run...
12:45:57  INFO          cold=100.9 ms  rows=50
12:45:57  INFO          warm 1/5: exec=24.5 ms  plan=55.83 ms  hits=114704  reads=0
12:45:57  INFO          warm 2/5: exec=24.7 ms  plan=55.34 ms  hits=114704  reads=0
12:45:57  INFO          warm 3/5: exec=31.3 ms  plan=59.61 ms  hits=114704  reads=0
12:45:57  INFO          warm 4/5: exec=24.8 ms  plan=57.90 ms  hits=114704  reads=0
12:45:57  INFO          warm 5/5: exec=27.2 ms  plan=56.88 ms  hits=114704  reads=0
12:45:57  INFO      Running T5-B: Bounded BFS depth 3 from seed_bfs
12:45:57  INFO        [PG] T5-B cold run...
05:54:55  INFO          cold=62142004.5 ms  rows=500
22:46:52  INFO          cold=122455435.6 ms  rows=500
23:05:56  INFO          warm 1/5: exec=1873225.4 ms  plan=103.98 ms  hits=6272974706  reads=0
23:12:48  INFO          warm 1/5: exec=1555822.6 ms  plan=65.94 ms  hits=6272974706  reads=0
23:30:35  INFO          warm 2/5: exec=1479145.3 ms  plan=49.85 ms  hits=6272974706  reads=0
23:36:32  INFO          warm 2/5: exec=1423827.2 ms  plan=8.89 ms  hits=6272974706  reads=0
23:57:07  INFO          warm 3/5: exec=1591670.1 ms  plan=21.25 ms  hits=6272974706  reads=0
00:03:01  INFO          warm 3/5: exec=1589277.8 ms  plan=12.12 ms  hits=6272974706  reads=0
00:23:26  INFO          warm 4/5: exec=1579518.9 ms  plan=44.53 ms  hits=6272974706  reads=0
00:27:48  INFO          warm 4/5: exec=1486747.0 ms  plan=13.91 ms  hits=6272974706  reads=0
00:49:08  INFO          warm 5/5: exec=1541848.5 ms  plan=24.05 ms  hits=6272974706  reads=0
00:49:08  INFO      === Neo4j: 10 queries × 5 warm runs + 1 PROFILE ===
00:49:08  INFO      Running T1-B: All outgoing links from seed
00:49:08  INFO        [Neo4j] T1-B cold run...
00:49:17  WARNING   Received notification from DBMS server: <GqlStatusObject gql_status='01N51', status_description='warn: relationship type does not exist. The relationship type `REFERENCES` does not exist. Verify that the spelling is correct.', position=<SummaryInputPosition line=1, column=59, offset=58>, raw_classification='UNRECOGNIZED', classification=<NotificationClassification.UNRECOGNIZED: 'UNRECOGNIZED'>, raw_severity='WARNING', severity=<NotificationSeverity.WARNING: 'WARNING'>, diagnostic_record={'_classification': 'UNRECOGNIZED', '_severity': 'WARNING', '_position': {'offset': 58, 'line': 1, 'column': 59}, 'OPERATION': '', 'OPERATION_CODE': '0', 'CURRENT_SCHEMA': '/'}> for query: 'MATCH (src:Subreddit {name: $seed})-[:POSTED]->(p:Post)-[:REFERENCES]->(tgt:Subreddit)\n            RETURN tgt.name AS target_subreddit, p.post_id AS post_id, p.timestamp AS timestamp,\n                   p.source_type AS source_type, p.post_label AS post_label\n            ORDER BY p.timestamp DESC'
00:49:17  INFO          cold=9156.1 ms  rows=0
00:49:17  INFO          profiling for db_hits (not timed)...
00:49:25  WARNING   Received notification from DBMS server: <GqlStatusObject gql_status='01N51', status_description='warn: relationship type does not exist. The relationship type `REFERENCES` does not exist. Verify that the spelling is correct.', position=<SummaryInputPosition line=1, column=67, offset=66>, raw_classification='UNRECOGNIZED', classification=<NotificationClassification.UNRECOGNIZED: 'UNRECOGNIZED'>, raw_severity='WARNING', severity=<NotificationSeverity.WARNING: 'WARNING'>, diagnostic_record={'_classification': 'UNRECOGNIZED', '_severity': 'WARNING', '_position': {'offset': 66, 'line': 1, 'column': 67}, 'OPERATION': '', 'OPERATION_CODE': '0', 'CURRENT_SCHEMA': '/'}> for query: 'PROFILE MATCH (src:Subreddit {name: $seed})-[:POSTED]->(p:Post)-[:REFERENCES]->(tgt:Subreddit)\n            RETURN tgt.name AS target_subreddit, p.post_id AS post_id, p.timestamp AS timestamp,\n                   p.source_type AS source_type, p.post_label AS post_label\n            ORDER BY p.timestamp DESC'
00:49:25  INFO          db_hits=0
00:49:25  WARNING   Received notification from DBMS server: <GqlStatusObject gql_status='01N51', status_description='warn: relationship type does not exist. The relationship type `REFERENCES` does not exist. Verify that the spelling is correct.', position=<SummaryInputPosition line=1, column=59, offset=58>, raw_classification='UNRECOGNIZED', classification=<NotificationClassification.UNRECOGNIZED: 'UNRECOGNIZED'>, raw_severity='WARNING', severity=<NotificationSeverity.WARNING: 'WARNING'>, diagnostic_record={'_classification': 'UNRECOGNIZED', '_severity': 'WARNING', '_position': {'offset': 58, 'line': 1, 'column': 59}, 'OPERATION': '', 'OPERATION_CODE': '0', 'CURRENT_SCHEMA': '/'}> for query: 'MATCH (src:Subreddit {name: $seed})-[:POSTED]->(p:Post)-[:REFERENCES]->(tgt:Subreddit)\n            RETURN tgt.name AS target_subreddit, p.post_id AS post_id, p.timestamp AS timestamp,\n                   p.source_type AS source_type, p.post_label AS post_label\n            ORDER BY p.timestamp DESC'
00:49:25  INFO          warm 1/5: consumed=2.0 ms  available=4.0 ms
00:49:25  WARNING   Received notification from DBMS server: <GqlStatusObject gql_status='01N51', status_description='warn: relationship type does not exist. The relationship type `REFERENCES` does not exist. Verify that the spelling is correct.', position=<SummaryInputPosition line=1, column=59, offset=58>, raw_classification='UNRECOGNIZED', classification=<NotificationClassification.UNRECOGNIZED: 'UNRECOGNIZED'>, raw_severity='WARNING', severity=<NotificationSeverity.WARNING: 'WARNING'>, diagnostic_record={'_classification': 'UNRECOGNIZED', '_severity': 'WARNING', '_position': {'offset': 58, 'line': 1, 'column': 59}, 'OPERATION': '', 'OPERATION_CODE': '0', 'CURRENT_SCHEMA': '/'}> for query: 'MATCH (src:Subreddit {name: $seed})-[:POSTED]->(p:Post)-[:REFERENCES]->(tgt:Subreddit)\n            RETURN tgt.name AS target_subreddit, p.post_id AS post_id, p.timestamp AS timestamp,\n                   p.source_type AS source_type, p.post_label AS post_label\n            ORDER BY p.timestamp DESC'
00:49:25  INFO          warm 2/5: consumed=0.0 ms  available=1.0 ms
00:49:25  WARNING   Received notification from DBMS server: <GqlStatusObject gql_status='01N51', status_description='warn: relationship type does not exist. The relationship type `REFERENCES` does not exist. Verify that the spelling is correct.', position=<SummaryInputPosition line=1, column=59, offset=58>, raw_classification='UNRECOGNIZED', classification=<NotificationClassification.UNRECOGNIZED: 'UNRECOGNIZED'>, raw_severity='WARNING', severity=<NotificationSeverity.WARNING: 'WARNING'>, diagnostic_record={'_classification': 'UNRECOGNIZED', '_severity': 'WARNING', '_position': {'offset': 58, 'line': 1, 'column': 59}, 'OPERATION': '', 'OPERATION_CODE': '0', 'CURRENT_SCHEMA': '/'}> for query: 'MATCH (src:Subreddit {name: $seed})-[:POSTED]->(p:Post)-[:REFERENCES]->(tgt:Subreddit)\n            RETURN tgt.name AS target_subreddit, p.post_id AS post_id, p.timestamp AS timestamp,\n                   p.source_type AS source_type, p.post_label AS post_label\n            ORDER BY p.timestamp DESC'
00:49:25  INFO          warm 3/5: consumed=0.0 ms  available=4.0 ms
00:49:25  WARNING   Received notification from DBMS server: <GqlStatusObject gql_status='01N51', status_description='warn: relationship type does not exist. The relationship type `REFERENCES` does not exist. Verify that the spelling is correct.', position=<SummaryInputPosition line=1, column=59, offset=58>, raw_classification='UNRECOGNIZED', classification=<NotificationClassification.UNRECOGNIZED: 'UNRECOGNIZED'>, raw_severity='WARNING', severity=<NotificationSeverity.WARNING: 'WARNING'>, diagnostic_record={'_classification': 'UNRECOGNIZED', '_severity': 'WARNING', '_position': {'offset': 58, 'line': 1, 'column': 59}, 'OPERATION': '', 'OPERATION_CODE': '0', 'CURRENT_SCHEMA': '/'}> for query: 'MATCH (src:Subreddit {name: $seed})-[:POSTED]->(p:Post)-[:REFERENCES]->(tgt:Subreddit)\n            RETURN tgt.name AS target_subreddit, p.post_id AS post_id, p.timestamp AS timestamp,\n                   p.source_type AS source_type, p.post_label AS post_label\n            ORDER BY p.timestamp DESC'
00:49:25  INFO          warm 4/5: consumed=0.0 ms  available=1.0 ms
00:49:25  WARNING   Received notification from DBMS server: <GqlStatusObject gql_status='01N51', status_description='warn: relationship type does not exist. The relationship type `REFERENCES` does not exist. Verify that the spelling is correct.', position=<SummaryInputPosition line=1, column=59, offset=58>, raw_classification='UNRECOGNIZED', classification=<NotificationClassification.UNRECOGNIZED: 'UNRECOGNIZED'>, raw_severity='WARNING', severity=<NotificationSeverity.WARNING: 'WARNING'>, diagnostic_record={'_classification': 'UNRECOGNIZED', '_severity': 'WARNING', '_position': {'offset': 58, 'line': 1, 'column': 59}, 'OPERATION': '', 'OPERATION_CODE': '0', 'CURRENT_SCHEMA': '/'}> for query: 'MATCH (src:Subreddit {name: $seed})-[:POSTED]->(p:Post)-[:REFERENCES]->(tgt:Subreddit)\n            RETURN tgt.name AS target_subreddit, p.post_id AS post_id, p.timestamp AS timestamp,\n                   p.source_type AS source_type, p.post_label AS post_label\n            ORDER BY p.timestamp DESC'
00:49:25  INFO          warm 5/5: consumed=1.0 ms  available=2.0 ms
00:49:25  INFO      Running T1-C: Hostile links only from seed
00:49:25  INFO        [Neo4j] T1-C cold run...
00:49:26  WARNING   Received notification from DBMS server: <GqlStatusObject gql_status='01N51', status_description='warn: relationship type does not exist. The relationship type `REFERENCES` does not exist. Verify that the spelling is correct.', position=<SummaryInputPosition line=1, column=76, offset=75>, raw_classification='UNRECOGNIZED', classification=<NotificationClassification.UNRECOGNIZED: 'UNRECOGNIZED'>, raw_severity='WARNING', severity=<NotificationSeverity.WARNING: 'WARNING'>, diagnostic_record={'_classification': 'UNRECOGNIZED', '_severity': 'WARNING', '_position': {'offset': 75, 'line': 1, 'column': 76}, 'OPERATION': '', 'OPERATION_CODE': '0', 'CURRENT_SCHEMA': '/'}> for query: 'MATCH (src:Subreddit {name: $seed})-[:POSTED]->(p:Post {post_label: -1})-[:REFERENCES]->(tgt:Subreddit)\n            RETURN tgt.name AS target_subreddit, p.post_id AS post_id, p.timestamp AS timestamp, p.source_type AS source_type\n            ORDER BY p.timestamp DESC'
00:49:26  INFO          cold=885.0 ms  rows=0
00:49:26  INFO          profiling for db_hits (not timed)...
00:49:26  WARNING   Received notification from DBMS server: <GqlStatusObject gql_status='01N51', status_description='warn: relationship type does not exist. The relationship type `REFERENCES` does not exist. Verify that the spelling is correct.', position=<SummaryInputPosition line=1, column=84, offset=83>, raw_classification='UNRECOGNIZED', classification=<NotificationClassification.UNRECOGNIZED: 'UNRECOGNIZED'>, raw_severity='WARNING', severity=<NotificationSeverity.WARNING: 'WARNING'>, diagnostic_record={'_classification': 'UNRECOGNIZED', '_severity': 'WARNING', '_position': {'offset': 83, 'line': 1, 'column': 84}, 'OPERATION': '', 'OPERATION_CODE': '0', 'CURRENT_SCHEMA': '/'}> for query: 'PROFILE MATCH (src:Subreddit {name: $seed})-[:POSTED]->(p:Post {post_label: -1})-[:REFERENCES]->(tgt:Subreddit)\n            RETURN tgt.name AS target_subreddit, p.post_id AS post_id, p.timestamp AS timestamp, p.source_type AS source_type\n            ORDER BY p.timestamp DESC'
00:49:26  INFO          db_hits=0
00:49:26  WARNING   Received notification from DBMS server: <GqlStatusObject gql_status='01N51', status_description='warn: relationship type does not exist. The relationship type `REFERENCES` does not exist. Verify that the spelling is correct.', position=<SummaryInputPosition line=1, column=76, offset=75>, raw_classification='UNRECOGNIZED', classification=<NotificationClassification.UNRECOGNIZED: 'UNRECOGNIZED'>, raw_severity='WARNING', severity=<NotificationSeverity.WARNING: 'WARNING'>, diagnostic_record={'_classification': 'UNRECOGNIZED', '_severity': 'WARNING', '_position': {'offset': 75, 'line': 1, 'column': 76}, 'OPERATION': '', 'OPERATION_CODE': '0', 'CURRENT_SCHEMA': '/'}> for query: 'MATCH (src:Subreddit {name: $seed})-[:POSTED]->(p:Post {post_label: -1})-[:REFERENCES]->(tgt:Subreddit)\n            RETURN tgt.name AS target_subreddit, p.post_id AS post_id, p.timestamp AS timestamp, p.source_type AS source_type\n            ORDER BY p.timestamp DESC'
00:49:26  INFO          warm 1/5: consumed=1.0 ms  available=1.0 ms
00:49:26  WARNING   Received notification from DBMS server: <GqlStatusObject gql_status='01N51', status_description='warn: relationship type does not exist. The relationship type `REFERENCES` does not exist. Verify that the spelling is correct.', position=<SummaryInputPosition line=1, column=76, offset=75>, raw_classification='UNRECOGNIZED', classification=<NotificationClassification.UNRECOGNIZED: 'UNRECOGNIZED'>, raw_severity='WARNING', severity=<NotificationSeverity.WARNING: 'WARNING'>, diagnostic_record={'_classification': 'UNRECOGNIZED', '_severity': 'WARNING', '_position': {'offset': 75, 'line': 1, 'column': 76}, 'OPERATION': '', 'OPERATION_CODE': '0', 'CURRENT_SCHEMA': '/'}> for query: 'MATCH (src:Subreddit {name: $seed})-[:POSTED]->(p:Post {post_label: -1})-[:REFERENCES]->(tgt:Subreddit)\n            RETURN tgt.name AS target_subreddit, p.post_id AS post_id, p.timestamp AS timestamp, p.source_type AS source_type\n            ORDER BY p.timestamp DESC'
00:49:26  INFO          warm 2/5: consumed=0.0 ms  available=2.0 ms
00:49:26  WARNING   Received notification from DBMS server: <GqlStatusObject gql_status='01N51', status_description='warn: relationship type does not exist. The relationship type `REFERENCES` does not exist. Verify that the spelling is correct.', position=<SummaryInputPosition line=1, column=76, offset=75>, raw_classification='UNRECOGNIZED', classification=<NotificationClassification.UNRECOGNIZED: 'UNRECOGNIZED'>, raw_severity='WARNING', severity=<NotificationSeverity.WARNING: 'WARNING'>, diagnostic_record={'_classification': 'UNRECOGNIZED', '_severity': 'WARNING', '_position': {'offset': 75, 'line': 1, 'column': 76}, 'OPERATION': '', 'OPERATION_CODE': '0', 'CURRENT_SCHEMA': '/'}> for query: 'MATCH (src:Subreddit {name: $seed})-[:POSTED]->(p:Post {post_label: -1})-[:REFERENCES]->(tgt:Subreddit)\n            RETURN tgt.name AS target_subreddit, p.post_id AS post_id, p.timestamp AS timestamp, p.source_type AS source_type\n            ORDER BY p.timestamp DESC'
00:49:26  INFO          warm 3/5: consumed=4.0 ms  available=3.0 ms
00:49:26  WARNING   Received notification from DBMS server: <GqlStatusObject gql_status='01N51', status_description='warn: relationship type does not exist. The relationship type `REFERENCES` does not exist. Verify that the spelling is correct.', position=<SummaryInputPosition line=1, column=76, offset=75>, raw_classification='UNRECOGNIZED', classification=<NotificationClassification.UNRECOGNIZED: 'UNRECOGNIZED'>, raw_severity='WARNING', severity=<NotificationSeverity.WARNING: 'WARNING'>, diagnostic_record={'_classification': 'UNRECOGNIZED', '_severity': 'WARNING', '_position': {'offset': 75, 'line': 1, 'column': 76}, 'OPERATION': '', 'OPERATION_CODE': '0', 'CURRENT_SCHEMA': '/'}> for query: 'MATCH (src:Subreddit {name: $seed})-[:POSTED]->(p:Post {post_label: -1})-[:REFERENCES]->(tgt:Subreddit)\n            RETURN tgt.name AS target_subreddit, p.post_id AS post_id, p.timestamp AS timestamp, p.source_type AS source_type\n            ORDER BY p.timestamp DESC'
00:49:26  INFO          warm 4/5: consumed=3.0 ms  available=1.0 ms
00:49:26  WARNING   Received notification from DBMS server: <GqlStatusObject gql_status='01N51', status_description='warn: relationship type does not exist. The relationship type `REFERENCES` does not exist. Verify that the spelling is correct.', position=<SummaryInputPosition line=1, column=76, offset=75>, raw_classification='UNRECOGNIZED', classification=<NotificationClassification.UNRECOGNIZED: 'UNRECOGNIZED'>, raw_severity='WARNING', severity=<NotificationSeverity.WARNING: 'WARNING'>, diagnostic_record={'_classification': 'UNRECOGNIZED', '_severity': 'WARNING', '_position': {'offset': 75, 'line': 1, 'column': 76}, 'OPERATION': '', 'OPERATION_CODE': '0', 'CURRENT_SCHEMA': '/'}> for query: 'MATCH (src:Subreddit {name: $seed})-[:POSTED]->(p:Post {post_label: -1})-[:REFERENCES]->(tgt:Subreddit)\n            RETURN tgt.name AS target_subreddit, p.post_id AS post_id, p.timestamp AS timestamp, p.source_type AS source_type\n            ORDER BY p.timestamp DESC'
00:49:26  INFO          warm 5/5: consumed=1.0 ms  available=2.0 ms
00:49:26  INFO      Running T2-A: Global in-degree ranking (top 20)
00:49:26  INFO        [Neo4j] T2-A cold run...
00:49:28  WARNING   Received notification from DBMS server: <GqlStatusObject gql_status='01N51', status_description='warn: relationship type does not exist. The relationship type `REFERENCES` does not exist. Verify that the spelling is correct.', position=<SummaryInputPosition line=1, column=12, offset=11>, raw_classification='UNRECOGNIZED', classification=<NotificationClassification.UNRECOGNIZED: 'UNRECOGNIZED'>, raw_severity='WARNING', severity=<NotificationSeverity.WARNING: 'WARNING'>, diagnostic_record={'_classification': 'UNRECOGNIZED', '_severity': 'WARNING', '_position': {'offset': 11, 'line': 1, 'column': 12}, 'OPERATION': '', 'OPERATION_CODE': '0', 'CURRENT_SCHEMA': '/'}> for query: 'MATCH ()-[:REFERENCES]->(tgt:Subreddit)\n            RETURN tgt.name AS subreddit, count(*) AS in_degree\n            ORDER BY in_degree DESC LIMIT 20'
00:49:28  INFO          cold=2473.9 ms  rows=0
00:49:28  INFO          profiling for db_hits (not timed)...
00:49:28  WARNING   Received notification from DBMS server: <GqlStatusObject gql_status='01N51', status_description='warn: relationship type does not exist. The relationship type `REFERENCES` does not exist. Verify that the spelling is correct.', position=<SummaryInputPosition line=1, column=20, offset=19>, raw_classification='UNRECOGNIZED', classification=<NotificationClassification.UNRECOGNIZED: 'UNRECOGNIZED'>, raw_severity='WARNING', severity=<NotificationSeverity.WARNING: 'WARNING'>, diagnostic_record={'_classification': 'UNRECOGNIZED', '_severity': 'WARNING', '_position': {'offset': 19, 'line': 1, 'column': 20}, 'OPERATION': '', 'OPERATION_CODE': '0', 'CURRENT_SCHEMA': '/'}> for query: 'PROFILE MATCH ()-[:REFERENCES]->(tgt:Subreddit)\n            RETURN tgt.name AS subreddit, count(*) AS in_degree\n            ORDER BY in_degree DESC LIMIT 20'
00:49:28  INFO          db_hits=0
00:49:28  WARNING   Received notification from DBMS server: <GqlStatusObject gql_status='01N51', status_description='warn: relationship type does not exist. The relationship type `REFERENCES` does not exist. Verify that the spelling is correct.', position=<SummaryInputPosition line=1, column=12, offset=11>, raw_classification='UNRECOGNIZED', classification=<NotificationClassification.UNRECOGNIZED: 'UNRECOGNIZED'>, raw_severity='WARNING', severity=<NotificationSeverity.WARNING: 'WARNING'>, diagnostic_record={'_classification': 'UNRECOGNIZED', '_severity': 'WARNING', '_position': {'offset': 11, 'line': 1, 'column': 12}, 'OPERATION': '', 'OPERATION_CODE': '0', 'CURRENT_SCHEMA': '/'}> for query: 'MATCH ()-[:REFERENCES]->(tgt:Subreddit)\n            RETURN tgt.name AS subreddit, count(*) AS in_degree\n            ORDER BY in_degree DESC LIMIT 20'
00:49:28  INFO          warm 1/5: consumed=1.0 ms  available=1.0 ms
00:49:28  WARNING   Received notification from DBMS server: <GqlStatusObject gql_status='01N51', status_description='warn: relationship type does not exist. The relationship type `REFERENCES` does not exist. Verify that the spelling is correct.', position=<SummaryInputPosition line=1, column=12, offset=11>, raw_classification='UNRECOGNIZED', classification=<NotificationClassification.UNRECOGNIZED: 'UNRECOGNIZED'>, raw_severity='WARNING', severity=<NotificationSeverity.WARNING: 'WARNING'>, diagnostic_record={'_classification': 'UNRECOGNIZED', '_severity': 'WARNING', '_position': {'offset': 11, 'line': 1, 'column': 12}, 'OPERATION': '', 'OPERATION_CODE': '0', 'CURRENT_SCHEMA': '/'}> for query: 'MATCH ()-[:REFERENCES]->(tgt:Subreddit)\n            RETURN tgt.name AS subreddit, count(*) AS in_degree\n            ORDER BY in_degree DESC LIMIT 20'
00:49:28  INFO          warm 2/5: consumed=1.0 ms  available=4.0 ms
00:49:28  WARNING   Received notification from DBMS server: <GqlStatusObject gql_status='01N51', status_description='warn: relationship type does not exist. The relationship type `REFERENCES` does not exist. Verify that the spelling is correct.', position=<SummaryInputPosition line=1, column=12, offset=11>, raw_classification='UNRECOGNIZED', classification=<NotificationClassification.UNRECOGNIZED: 'UNRECOGNIZED'>, raw_severity='WARNING', severity=<NotificationSeverity.WARNING: 'WARNING'>, diagnostic_record={'_classification': 'UNRECOGNIZED', '_severity': 'WARNING', '_position': {'offset': 11, 'line': 1, 'column': 12}, 'OPERATION': '', 'OPERATION_CODE': '0', 'CURRENT_SCHEMA': '/'}> for query: 'MATCH ()-[:REFERENCES]->(tgt:Subreddit)\n            RETURN tgt.name AS subreddit, count(*) AS in_degree\n            ORDER BY in_degree DESC LIMIT 20'
00:49:28  INFO          warm 3/5: consumed=0.0 ms  available=4.0 ms
00:49:28  WARNING   Received notification from DBMS server: <GqlStatusObject gql_status='01N51', status_description='warn: relationship type does not exist. The relationship type `REFERENCES` does not exist. Verify that the spelling is correct.', position=<SummaryInputPosition line=1, column=12, offset=11>, raw_classification='UNRECOGNIZED', classification=<NotificationClassification.UNRECOGNIZED: 'UNRECOGNIZED'>, raw_severity='WARNING', severity=<NotificationSeverity.WARNING: 'WARNING'>, diagnostic_record={'_classification': 'UNRECOGNIZED', '_severity': 'WARNING', '_position': {'offset': 11, 'line': 1, 'column': 12}, 'OPERATION': '', 'OPERATION_CODE': '0', 'CURRENT_SCHEMA': '/'}> for query: 'MATCH ()-[:REFERENCES]->(tgt:Subreddit)\n            RETURN tgt.name AS subreddit, count(*) AS in_degree\n            ORDER BY in_degree DESC LIMIT 20'
00:49:28  INFO          warm 4/5: consumed=0.0 ms  available=2.0 ms
00:49:29  WARNING   Received notification from DBMS server: <GqlStatusObject gql_status='01N51', status_description='warn: relationship type does not exist. The relationship type `REFERENCES` does not exist. Verify that the spelling is correct.', position=<SummaryInputPosition line=1, column=12, offset=11>, raw_classification='UNRECOGNIZED', classification=<NotificationClassification.UNRECOGNIZED: 'UNRECOGNIZED'>, raw_severity='WARNING', severity=<NotificationSeverity.WARNING: 'WARNING'>, diagnostic_record={'_classification': 'UNRECOGNIZED', '_severity': 'WARNING', '_position': {'offset': 11, 'line': 1, 'column': 12}, 'OPERATION': '', 'OPERATION_CODE': '0', 'CURRENT_SCHEMA': '/'}> for query: 'MATCH ()-[:REFERENCES]->(tgt:Subreddit)\n            RETURN tgt.name AS subreddit, count(*) AS in_degree\n            ORDER BY in_degree DESC LIMIT 20'
00:49:29  INFO          warm 5/5: consumed=0.0 ms  available=2.0 ms
00:49:29  INFO      Running T2-B: Top-20 subreddits by hostile link count
00:49:29  INFO        [Neo4j] T2-B cold run...
00:49:29  INFO          cold=230.4 ms  rows=0
00:49:29  INFO          profiling for db_hits (not timed)...
00:49:29  INFO          db_hits=0
00:49:29  INFO          warm 1/5: consumed=1.0 ms  available=1.0 ms
00:49:29  INFO          warm 2/5: consumed=1.0 ms  available=1.0 ms
00:49:29  INFO          warm 3/5: consumed=1.0 ms  available=8.0 ms
00:49:29  INFO          warm 4/5: consumed=1.0 ms  available=1.0 ms
00:49:29  INFO          warm 5/5: consumed=1.0 ms  available=1.0 ms
00:49:29  INFO      Running T3-A: 2-hop common targets of seed_a and seed_b
00:49:29  INFO        [Neo4j] T3-A cold run...
00:49:30  WARNING   Received notification from DBMS server: <GqlStatusObject gql_status='01N51', status_description='warn: relationship type does not exist. The relationship type `REFERENCES` does not exist. Verify that the spelling is correct.', position=<SummaryInputPosition line=1, column=58, offset=57>, raw_classification='UNRECOGNIZED', classification=<NotificationClassification.UNRECOGNIZED: 'UNRECOGNIZED'>, raw_severity='WARNING', severity=<NotificationSeverity.WARNING: 'WARNING'>, diagnostic_record={'_classification': 'UNRECOGNIZED', '_severity': 'WARNING', '_position': {'offset': 57, 'line': 1, 'column': 58}, 'OPERATION': '', 'OPERATION_CODE': '0', 'CURRENT_SCHEMA': '/'}> for query: 'MATCH (a:Subreddit {name: $seed_a})-[:POSTED]->(:Post)-[:REFERENCES]->(shared:Subreddit)\n            WITH shared\n            MATCH (b:Subreddit {name: $seed_b})-[:POSTED]->(:Post)-[:REFERENCES]->(shared)\n            RETURN shared.name AS shared_target ORDER BY shared_target LIMIT 25'
00:49:30  WARNING   Received notification from DBMS server: <GqlStatusObject gql_status='01N51', status_description='warn: relationship type does not exist. The relationship type `REFERENCES` does not exist. Verify that the spelling is correct.', position=<SummaryInputPosition line=3, column=70, offset=182>, raw_classification='UNRECOGNIZED', classification=<NotificationClassification.UNRECOGNIZED: 'UNRECOGNIZED'>, raw_severity='WARNING', severity=<NotificationSeverity.WARNING: 'WARNING'>, diagnostic_record={'_classification': 'UNRECOGNIZED', '_severity': 'WARNING', '_position': {'offset': 182, 'line': 3, 'column': 70}, 'OPERATION': '', 'OPERATION_CODE': '0', 'CURRENT_SCHEMA': '/'}> for query: 'MATCH (a:Subreddit {name: $seed_a})-[:POSTED]->(:Post)-[:REFERENCES]->(shared:Subreddit)\n            WITH shared\n            MATCH (b:Subreddit {name: $seed_b})-[:POSTED]->(:Post)-[:REFERENCES]->(shared)\n            RETURN shared.name AS shared_target ORDER BY shared_target LIMIT 25'
00:49:30  INFO          cold=1438.9 ms  rows=0
00:49:30  INFO          profiling for db_hits (not timed)...
00:49:31  WARNING   Received notification from DBMS server: <GqlStatusObject gql_status='01N51', status_description='warn: relationship type does not exist. The relationship type `REFERENCES` does not exist. Verify that the spelling is correct.', position=<SummaryInputPosition line=1, column=66, offset=65>, raw_classification='UNRECOGNIZED', classification=<NotificationClassification.UNRECOGNIZED: 'UNRECOGNIZED'>, raw_severity='WARNING', severity=<NotificationSeverity.WARNING: 'WARNING'>, diagnostic_record={'_classification': 'UNRECOGNIZED', '_severity': 'WARNING', '_position': {'offset': 65, 'line': 1, 'column': 66}, 'OPERATION': '', 'OPERATION_CODE': '0', 'CURRENT_SCHEMA': '/'}> for query: 'PROFILE MATCH (a:Subreddit {name: $seed_a})-[:POSTED]->(:Post)-[:REFERENCES]->(shared:Subreddit)\n            WITH shared\n            MATCH (b:Subreddit {name: $seed_b})-[:POSTED]->(:Post)-[:REFERENCES]->(shared)\n            RETURN shared.name AS shared_target ORDER BY shared_target LIMIT 25'
00:49:31  WARNING   Received notification from DBMS server: <GqlStatusObject gql_status='01N51', status_description='warn: relationship type does not exist. The relationship type `REFERENCES` does not exist. Verify that the spelling is correct.', position=<SummaryInputPosition line=3, column=70, offset=190>, raw_classification='UNRECOGNIZED', classification=<NotificationClassification.UNRECOGNIZED: 'UNRECOGNIZED'>, raw_severity='WARNING', severity=<NotificationSeverity.WARNING: 'WARNING'>, diagnostic_record={'_classification': 'UNRECOGNIZED', '_severity': 'WARNING', '_position': {'offset': 190, 'line': 3, 'column': 70}, 'OPERATION': '', 'OPERATION_CODE': '0', 'CURRENT_SCHEMA': '/'}> for query: 'PROFILE MATCH (a:Subreddit {name: $seed_a})-[:POSTED]->(:Post)-[:REFERENCES]->(shared:Subreddit)\n            WITH shared\n            MATCH (b:Subreddit {name: $seed_b})-[:POSTED]->(:Post)-[:REFERENCES]->(shared)\n            RETURN shared.name AS shared_target ORDER BY shared_target LIMIT 25'
00:49:31  INFO          db_hits=0
00:49:31  WARNING   Received notification from DBMS server: <GqlStatusObject gql_status='01N51', status_description='warn: relationship type does not exist. The relationship type `REFERENCES` does not exist. Verify that the spelling is correct.', position=<SummaryInputPosition line=1, column=58, offset=57>, raw_classification='UNRECOGNIZED', classification=<NotificationClassification.UNRECOGNIZED: 'UNRECOGNIZED'>, raw_severity='WARNING', severity=<NotificationSeverity.WARNING: 'WARNING'>, diagnostic_record={'_classification': 'UNRECOGNIZED', '_severity': 'WARNING', '_position': {'offset': 57, 'line': 1, 'column': 58}, 'OPERATION': '', 'OPERATION_CODE': '0', 'CURRENT_SCHEMA': '/'}> for query: 'MATCH (a:Subreddit {name: $seed_a})-[:POSTED]->(:Post)-[:REFERENCES]->(shared:Subreddit)\n            WITH shared\n            MATCH (b:Subreddit {name: $seed_b})-[:POSTED]->(:Post)-[:REFERENCES]->(shared)\n            RETURN shared.name AS shared_target ORDER BY shared_target LIMIT 25'
00:49:31  WARNING   Received notification from DBMS server: <GqlStatusObject gql_status='01N51', status_description='warn: relationship type does not exist. The relationship type `REFERENCES` does not exist. Verify that the spelling is correct.', position=<SummaryInputPosition line=3, column=70, offset=182>, raw_classification='UNRECOGNIZED', classification=<NotificationClassification.UNRECOGNIZED: 'UNRECOGNIZED'>, raw_severity='WARNING', severity=<NotificationSeverity.WARNING: 'WARNING'>, diagnostic_record={'_classification': 'UNRECOGNIZED', '_severity': 'WARNING', '_position': {'offset': 182, 'line': 3, 'column': 70}, 'OPERATION': '', 'OPERATION_CODE': '0', 'CURRENT_SCHEMA': '/'}> for query: 'MATCH (a:Subreddit {name: $seed_a})-[:POSTED]->(:Post)-[:REFERENCES]->(shared:Subreddit)\n            WITH shared\n            MATCH (b:Subreddit {name: $seed_b})-[:POSTED]->(:Post)-[:REFERENCES]->(shared)\n            RETURN shared.name AS shared_target ORDER BY shared_target LIMIT 25'
00:49:31  INFO          warm 1/5: consumed=0.0 ms  available=4.0 ms
00:49:31  WARNING   Received notification from DBMS server: <GqlStatusObject gql_status='01N51', status_description='warn: relationship type does not exist. The relationship type `REFERENCES` does not exist. Verify that the spelling is correct.', position=<SummaryInputPosition line=1, column=58, offset=57>, raw_classification='UNRECOGNIZED', classification=<NotificationClassification.UNRECOGNIZED: 'UNRECOGNIZED'>, raw_severity='WARNING', severity=<NotificationSeverity.WARNING: 'WARNING'>, diagnostic_record={'_classification': 'UNRECOGNIZED', '_severity': 'WARNING', '_position': {'offset': 57, 'line': 1, 'column': 58}, 'OPERATION': '', 'OPERATION_CODE': '0', 'CURRENT_SCHEMA': '/'}> for query: 'MATCH (a:Subreddit {name: $seed_a})-[:POSTED]->(:Post)-[:REFERENCES]->(shared:Subreddit)\n            WITH shared\n            MATCH (b:Subreddit {name: $seed_b})-[:POSTED]->(:Post)-[:REFERENCES]->(shared)\n            RETURN shared.name AS shared_target ORDER BY shared_target LIMIT 25'
00:49:31  WARNING   Received notification from DBMS server: <GqlStatusObject gql_status='01N51', status_description='warn: relationship type does not exist. The relationship type `REFERENCES` does not exist. Verify that the spelling is correct.', position=<SummaryInputPosition line=3, column=70, offset=182>, raw_classification='UNRECOGNIZED', classification=<NotificationClassification.UNRECOGNIZED: 'UNRECOGNIZED'>, raw_severity='WARNING', severity=<NotificationSeverity.WARNING: 'WARNING'>, diagnostic_record={'_classification': 'UNRECOGNIZED', '_severity': 'WARNING', '_position': {'offset': 182, 'line': 3, 'column': 70}, 'OPERATION': '', 'OPERATION_CODE': '0', 'CURRENT_SCHEMA': '/'}> for query: 'MATCH (a:Subreddit {name: $seed_a})-[:POSTED]->(:Post)-[:REFERENCES]->(shared:Subreddit)\n            WITH shared\n            MATCH (b:Subreddit {name: $seed_b})-[:POSTED]->(:Post)-[:REFERENCES]->(shared)\n            RETURN shared.name AS shared_target ORDER BY shared_target LIMIT 25'
00:49:31  INFO          warm 2/5: consumed=0.0 ms  available=5.0 ms
00:49:31  WARNING   Received notification from DBMS server: <GqlStatusObject gql_status='01N51', status_description='warn: relationship type does not exist. The relationship type `REFERENCES` does not exist. Verify that the spelling is correct.', position=<SummaryInputPosition line=1, column=58, offset=57>, raw_classification='UNRECOGNIZED', classification=<NotificationClassification.UNRECOGNIZED: 'UNRECOGNIZED'>, raw_severity='WARNING', severity=<NotificationSeverity.WARNING: 'WARNING'>, diagnostic_record={'_classification': 'UNRECOGNIZED', '_severity': 'WARNING', '_position': {'offset': 57, 'line': 1, 'column': 58}, 'OPERATION': '', 'OPERATION_CODE': '0', 'CURRENT_SCHEMA': '/'}> for query: 'MATCH (a:Subreddit {name: $seed_a})-[:POSTED]->(:Post)-[:REFERENCES]->(shared:Subreddit)\n            WITH shared\n            MATCH (b:Subreddit {name: $seed_b})-[:POSTED]->(:Post)-[:REFERENCES]->(shared)\n            RETURN shared.name AS shared_target ORDER BY shared_target LIMIT 25'
00:49:31  WARNING   Received notification from DBMS server: <GqlStatusObject gql_status='01N51', status_description='warn: relationship type does not exist. The relationship type `REFERENCES` does not exist. Verify that the spelling is correct.', position=<SummaryInputPosition line=3, column=70, offset=182>, raw_classification='UNRECOGNIZED', classification=<NotificationClassification.UNRECOGNIZED: 'UNRECOGNIZED'>, raw_severity='WARNING', severity=<NotificationSeverity.WARNING: 'WARNING'>, diagnostic_record={'_classification': 'UNRECOGNIZED', '_severity': 'WARNING', '_position': {'offset': 182, 'line': 3, 'column': 70}, 'OPERATION': '', 'OPERATION_CODE': '0', 'CURRENT_SCHEMA': '/'}> for query: 'MATCH (a:Subreddit {name: $seed_a})-[:POSTED]->(:Post)-[:REFERENCES]->(shared:Subreddit)\n            WITH shared\n            MATCH (b:Subreddit {name: $seed_b})-[:POSTED]->(:Post)-[:REFERENCES]->(shared)\n            RETURN shared.name AS shared_target ORDER BY shared_target LIMIT 25'
00:49:31  INFO          warm 3/5: consumed=1.0 ms  available=4.0 ms
00:49:31  WARNING   Received notification from DBMS server: <GqlStatusObject gql_status='01N51', status_description='warn: relationship type does not exist. The relationship type `REFERENCES` does not exist. Verify that the spelling is correct.', position=<SummaryInputPosition line=1, column=58, offset=57>, raw_classification='UNRECOGNIZED', classification=<NotificationClassification.UNRECOGNIZED: 'UNRECOGNIZED'>, raw_severity='WARNING', severity=<NotificationSeverity.WARNING: 'WARNING'>, diagnostic_record={'_classification': 'UNRECOGNIZED', '_severity': 'WARNING', '_position': {'offset': 57, 'line': 1, 'column': 58}, 'OPERATION': '', 'OPERATION_CODE': '0', 'CURRENT_SCHEMA': '/'}> for query: 'MATCH (a:Subreddit {name: $seed_a})-[:POSTED]->(:Post)-[:REFERENCES]->(shared:Subreddit)\n            WITH shared\n            MATCH (b:Subreddit {name: $seed_b})-[:POSTED]->(:Post)-[:REFERENCES]->(shared)\n            RETURN shared.name AS shared_target ORDER BY shared_target LIMIT 25'
00:49:31  WARNING   Received notification from DBMS server: <GqlStatusObject gql_status='01N51', status_description='warn: relationship type does not exist. The relationship type `REFERENCES` does not exist. Verify that the spelling is correct.', position=<SummaryInputPosition line=3, column=70, offset=182>, raw_classification='UNRECOGNIZED', classification=<NotificationClassification.UNRECOGNIZED: 'UNRECOGNIZED'>, raw_severity='WARNING', severity=<NotificationSeverity.WARNING: 'WARNING'>, diagnostic_record={'_classification': 'UNRECOGNIZED', '_severity': 'WARNING', '_position': {'offset': 182, 'line': 3, 'column': 70}, 'OPERATION': '', 'OPERATION_CODE': '0', 'CURRENT_SCHEMA': '/'}> for query: 'MATCH (a:Subreddit {name: $seed_a})-[:POSTED]->(:Post)-[:REFERENCES]->(shared:Subreddit)\n            WITH shared\n            MATCH (b:Subreddit {name: $seed_b})-[:POSTED]->(:Post)-[:REFERENCES]->(shared)\n            RETURN shared.name AS shared_target ORDER BY shared_target LIMIT 25'
00:49:31  INFO          warm 4/5: consumed=1.0 ms  available=6.0 ms
00:49:31  WARNING   Received notification from DBMS server: <GqlStatusObject gql_status='01N51', status_description='warn: relationship type does not exist. The relationship type `REFERENCES` does not exist. Verify that the spelling is correct.', position=<SummaryInputPosition line=1, column=58, offset=57>, raw_classification='UNRECOGNIZED', classification=<NotificationClassification.UNRECOGNIZED: 'UNRECOGNIZED'>, raw_severity='WARNING', severity=<NotificationSeverity.WARNING: 'WARNING'>, diagnostic_record={'_classification': 'UNRECOGNIZED', '_severity': 'WARNING', '_position': {'offset': 57, 'line': 1, 'column': 58}, 'OPERATION': '', 'OPERATION_CODE': '0', 'CURRENT_SCHEMA': '/'}> for query: 'MATCH (a:Subreddit {name: $seed_a})-[:POSTED]->(:Post)-[:REFERENCES]->(shared:Subreddit)\n            WITH shared\n            MATCH (b:Subreddit {name: $seed_b})-[:POSTED]->(:Post)-[:REFERENCES]->(shared)\n            RETURN shared.name AS shared_target ORDER BY shared_target LIMIT 25'
00:49:31  WARNING   Received notification from DBMS server: <GqlStatusObject gql_status='01N51', status_description='warn: relationship type does not exist. The relationship type `REFERENCES` does not exist. Verify that the spelling is correct.', position=<SummaryInputPosition line=3, column=70, offset=182>, raw_classification='UNRECOGNIZED', classification=<NotificationClassification.UNRECOGNIZED: 'UNRECOGNIZED'>, raw_severity='WARNING', severity=<NotificationSeverity.WARNING: 'WARNING'>, diagnostic_record={'_classification': 'UNRECOGNIZED', '_severity': 'WARNING', '_position': {'offset': 182, 'line': 3, 'column': 70}, 'OPERATION': '', 'OPERATION_CODE': '0', 'CURRENT_SCHEMA': '/'}> for query: 'MATCH (a:Subreddit {name: $seed_a})-[:POSTED]->(:Post)-[:REFERENCES]->(shared:Subreddit)\n            WITH shared\n            MATCH (b:Subreddit {name: $seed_b})-[:POSTED]->(:Post)-[:REFERENCES]->(shared)\n            RETURN shared.name AS shared_target ORDER BY shared_target LIMIT 25'
00:49:31  INFO          warm 5/5: consumed=1.0 ms  available=4.0 ms
00:49:31  INFO      Running T3-C: Common hostile attackers of seed_a and seed_b
00:49:31  INFO        [Neo4j] T3-C cold run...
00:49:33  WARNING   Received notification from DBMS server: <GqlStatusObject gql_status='01N51', status_description='warn: relationship type does not exist. The relationship type `REFERENCES` does not exist. Verify that the spelling is correct.', position=<SummaryInputPosition line=1, column=61, offset=60>, raw_classification='UNRECOGNIZED', classification=<NotificationClassification.UNRECOGNIZED: 'UNRECOGNIZED'>, raw_severity='WARNING', severity=<NotificationSeverity.WARNING: 'WARNING'>, diagnostic_record={'_classification': 'UNRECOGNIZED', '_severity': 'WARNING', '_position': {'offset': 60, 'line': 1, 'column': 61}, 'OPERATION': '', 'OPERATION_CODE': '0', 'CURRENT_SCHEMA': '/'}> for query: 'MATCH (atk:Subreddit)-[:POSTED]->(:Post {post_label: -1})-[:REFERENCES]->(a:Subreddit {name: $seed_a})\n            WITH atk\n            MATCH (atk)-[:POSTED]->(:Post {post_label: -1})-[:REFERENCES]->(b:Subreddit {name: $seed_b})\n            RETURN atk.name AS common_attacker ORDER BY atk.name LIMIT 25'
00:49:33  WARNING   Received notification from DBMS server: <GqlStatusObject gql_status='01N51', status_description='warn: relationship type does not exist. The relationship type `REFERENCES` does not exist. Verify that the spelling is correct.', position=<SummaryInputPosition line=3, column=63, offset=186>, raw_classification='UNRECOGNIZED', classification=<NotificationClassification.UNRECOGNIZED: 'UNRECOGNIZED'>, raw_severity='WARNING', severity=<NotificationSeverity.WARNING: 'WARNING'>, diagnostic_record={'_classification': 'UNRECOGNIZED', '_severity': 'WARNING', '_position': {'offset': 186, 'line': 3, 'column': 63}, 'OPERATION': '', 'OPERATION_CODE': '0', 'CURRENT_SCHEMA': '/'}> for query: 'MATCH (atk:Subreddit)-[:POSTED]->(:Post {post_label: -1})-[:REFERENCES]->(a:Subreddit {name: $seed_a})\n            WITH atk\n            MATCH (atk)-[:POSTED]->(:Post {post_label: -1})-[:REFERENCES]->(b:Subreddit {name: $seed_b})\n            RETURN atk.name AS common_attacker ORDER BY atk.name LIMIT 25'
00:49:33  INFO          cold=1868.0 ms  rows=0
00:49:33  INFO          profiling for db_hits (not timed)...
00:49:33  WARNING   Received notification from DBMS server: <GqlStatusObject gql_status='01N51', status_description='warn: relationship type does not exist. The relationship type `REFERENCES` does not exist. Verify that the spelling is correct.', position=<SummaryInputPosition line=1, column=69, offset=68>, raw_classification='UNRECOGNIZED', classification=<NotificationClassification.UNRECOGNIZED: 'UNRECOGNIZED'>, raw_severity='WARNING', severity=<NotificationSeverity.WARNING: 'WARNING'>, diagnostic_record={'_classification': 'UNRECOGNIZED', '_severity': 'WARNING', '_position': {'offset': 68, 'line': 1, 'column': 69}, 'OPERATION': '', 'OPERATION_CODE': '0', 'CURRENT_SCHEMA': '/'}> for query: 'PROFILE MATCH (atk:Subreddit)-[:POSTED]->(:Post {post_label: -1})-[:REFERENCES]->(a:Subreddit {name: $seed_a})\n            WITH atk\n            MATCH (atk)-[:POSTED]->(:Post {post_label: -1})-[:REFERENCES]->(b:Subreddit {name: $seed_b})\n            RETURN atk.name AS common_attacker ORDER BY atk.name LIMIT 25'
00:49:33  WARNING   Received notification from DBMS server: <GqlStatusObject gql_status='01N51', status_description='warn: relationship type does not exist. The relationship type `REFERENCES` does not exist. Verify that the spelling is correct.', position=<SummaryInputPosition line=3, column=63, offset=194>, raw_classification='UNRECOGNIZED', classification=<NotificationClassification.UNRECOGNIZED: 'UNRECOGNIZED'>, raw_severity='WARNING', severity=<NotificationSeverity.WARNING: 'WARNING'>, diagnostic_record={'_classification': 'UNRECOGNIZED', '_severity': 'WARNING', '_position': {'offset': 194, 'line': 3, 'column': 63}, 'OPERATION': '', 'OPERATION_CODE': '0', 'CURRENT_SCHEMA': '/'}> for query: 'PROFILE MATCH (atk:Subreddit)-[:POSTED]->(:Post {post_label: -1})-[:REFERENCES]->(a:Subreddit {name: $seed_a})\n            WITH atk\n            MATCH (atk)-[:POSTED]->(:Post {post_label: -1})-[:REFERENCES]->(b:Subreddit {name: $seed_b})\n            RETURN atk.name AS common_attacker ORDER BY atk.name LIMIT 25'
00:49:33  INFO          db_hits=0
00:49:33  WARNING   Received notification from DBMS server: <GqlStatusObject gql_status='01N51', status_description='warn: relationship type does not exist. The relationship type `REFERENCES` does not exist. Verify that the spelling is correct.', position=<SummaryInputPosition line=1, column=61, offset=60>, raw_classification='UNRECOGNIZED', classification=<NotificationClassification.UNRECOGNIZED: 'UNRECOGNIZED'>, raw_severity='WARNING', severity=<NotificationSeverity.WARNING: 'WARNING'>, diagnostic_record={'_classification': 'UNRECOGNIZED', '_severity': 'WARNING', '_position': {'offset': 60, 'line': 1, 'column': 61}, 'OPERATION': '', 'OPERATION_CODE': '0', 'CURRENT_SCHEMA': '/'}> for query: 'MATCH (atk:Subreddit)-[:POSTED]->(:Post {post_label: -1})-[:REFERENCES]->(a:Subreddit {name: $seed_a})\n            WITH atk\n            MATCH (atk)-[:POSTED]->(:Post {post_label: -1})-[:REFERENCES]->(b:Subreddit {name: $seed_b})\n            RETURN atk.name AS common_attacker ORDER BY atk.name LIMIT 25'
00:49:33  WARNING   Received notification from DBMS server: <GqlStatusObject gql_status='01N51', status_description='warn: relationship type does not exist. The relationship type `REFERENCES` does not exist. Verify that the spelling is correct.', position=<SummaryInputPosition line=3, column=63, offset=186>, raw_classification='UNRECOGNIZED', classification=<NotificationClassification.UNRECOGNIZED: 'UNRECOGNIZED'>, raw_severity='WARNING', severity=<NotificationSeverity.WARNING: 'WARNING'>, diagnostic_record={'_classification': 'UNRECOGNIZED', '_severity': 'WARNING', '_position': {'offset': 186, 'line': 3, 'column': 63}, 'OPERATION': '', 'OPERATION_CODE': '0', 'CURRENT_SCHEMA': '/'}> for query: 'MATCH (atk:Subreddit)-[:POSTED]->(:Post {post_label: -1})-[:REFERENCES]->(a:Subreddit {name: $seed_a})\n            WITH atk\n            MATCH (atk)-[:POSTED]->(:Post {post_label: -1})-[:REFERENCES]->(b:Subreddit {name: $seed_b})\n            RETURN atk.name AS common_attacker ORDER BY atk.name LIMIT 25'
00:49:33  INFO          warm 1/5: consumed=1.0 ms  available=5.0 ms
00:49:33  WARNING   Received notification from DBMS server: <GqlStatusObject gql_status='01N51', status_description='warn: relationship type does not exist. The relationship type `REFERENCES` does not exist. Verify that the spelling is correct.', position=<SummaryInputPosition line=1, column=61, offset=60>, raw_classification='UNRECOGNIZED', classification=<NotificationClassification.UNRECOGNIZED: 'UNRECOGNIZED'>, raw_severity='WARNING', severity=<NotificationSeverity.WARNING: 'WARNING'>, diagnostic_record={'_classification': 'UNRECOGNIZED', '_severity': 'WARNING', '_position': {'offset': 60, 'line': 1, 'column': 61}, 'OPERATION': '', 'OPERATION_CODE': '0', 'CURRENT_SCHEMA': '/'}> for query: 'MATCH (atk:Subreddit)-[:POSTED]->(:Post {post_label: -1})-[:REFERENCES]->(a:Subreddit {name: $seed_a})\n            WITH atk\n            MATCH (atk)-[:POSTED]->(:Post {post_label: -1})-[:REFERENCES]->(b:Subreddit {name: $seed_b})\n            RETURN atk.name AS common_attacker ORDER BY atk.name LIMIT 25'
00:49:33  WARNING   Received notification from DBMS server: <GqlStatusObject gql_status='01N51', status_description='warn: relationship type does not exist. The relationship type `REFERENCES` does not exist. Verify that the spelling is correct.', position=<SummaryInputPosition line=3, column=63, offset=186>, raw_classification='UNRECOGNIZED', classification=<NotificationClassification.UNRECOGNIZED: 'UNRECOGNIZED'>, raw_severity='WARNING', severity=<NotificationSeverity.WARNING: 'WARNING'>, diagnostic_record={'_classification': 'UNRECOGNIZED', '_severity': 'WARNING', '_position': {'offset': 186, 'line': 3, 'column': 63}, 'OPERATION': '', 'OPERATION_CODE': '0', 'CURRENT_SCHEMA': '/'}> for query: 'MATCH (atk:Subreddit)-[:POSTED]->(:Post {post_label: -1})-[:REFERENCES]->(a:Subreddit {name: $seed_a})\n            WITH atk\n            MATCH (atk)-[:POSTED]->(:Post {post_label: -1})-[:REFERENCES]->(b:Subreddit {name: $seed_b})\n            RETURN atk.name AS common_attacker ORDER BY atk.name LIMIT 25'
00:49:33  INFO          warm 2/5: consumed=1.0 ms  available=6.0 ms
00:49:33  WARNING   Received notification from DBMS server: <GqlStatusObject gql_status='01N51', status_description='warn: relationship type does not exist. The relationship type `REFERENCES` does not exist. Verify that the spelling is correct.', position=<SummaryInputPosition line=1, column=61, offset=60>, raw_classification='UNRECOGNIZED', classification=<NotificationClassification.UNRECOGNIZED: 'UNRECOGNIZED'>, raw_severity='WARNING', severity=<NotificationSeverity.WARNING: 'WARNING'>, diagnostic_record={'_classification': 'UNRECOGNIZED', '_severity': 'WARNING', '_position': {'offset': 60, 'line': 1, 'column': 61}, 'OPERATION': '', 'OPERATION_CODE': '0', 'CURRENT_SCHEMA': '/'}> for query: 'MATCH (atk:Subreddit)-[:POSTED]->(:Post {post_label: -1})-[:REFERENCES]->(a:Subreddit {name: $seed_a})\n            WITH atk\n            MATCH (atk)-[:POSTED]->(:Post {post_label: -1})-[:REFERENCES]->(b:Subreddit {name: $seed_b})\n            RETURN atk.name AS common_attacker ORDER BY atk.name LIMIT 25'
00:49:33  WARNING   Received notification from DBMS server: <GqlStatusObject gql_status='01N51', status_description='warn: relationship type does not exist. The relationship type `REFERENCES` does not exist. Verify that the spelling is correct.', position=<SummaryInputPosition line=3, column=63, offset=186>, raw_classification='UNRECOGNIZED', classification=<NotificationClassification.UNRECOGNIZED: 'UNRECOGNIZED'>, raw_severity='WARNING', severity=<NotificationSeverity.WARNING: 'WARNING'>, diagnostic_record={'_classification': 'UNRECOGNIZED', '_severity': 'WARNING', '_position': {'offset': 186, 'line': 3, 'column': 63}, 'OPERATION': '', 'OPERATION_CODE': '0', 'CURRENT_SCHEMA': '/'}> for query: 'MATCH (atk:Subreddit)-[:POSTED]->(:Post {post_label: -1})-[:REFERENCES]->(a:Subreddit {name: $seed_a})\n            WITH atk\n            MATCH (atk)-[:POSTED]->(:Post {post_label: -1})-[:REFERENCES]->(b:Subreddit {name: $seed_b})\n            RETURN atk.name AS common_attacker ORDER BY atk.name LIMIT 25'
00:49:33  INFO          warm 3/5: consumed=1.0 ms  available=5.0 ms
00:49:33  WARNING   Received notification from DBMS server: <GqlStatusObject gql_status='01N51', status_description='warn: relationship type does not exist. The relationship type `REFERENCES` does not exist. Verify that the spelling is correct.', position=<SummaryInputPosition line=1, column=61, offset=60>, raw_classification='UNRECOGNIZED', classification=<NotificationClassification.UNRECOGNIZED: 'UNRECOGNIZED'>, raw_severity='WARNING', severity=<NotificationSeverity.WARNING: 'WARNING'>, diagnostic_record={'_classification': 'UNRECOGNIZED', '_severity': 'WARNING', '_position': {'offset': 60, 'line': 1, 'column': 61}, 'OPERATION': '', 'OPERATION_CODE': '0', 'CURRENT_SCHEMA': '/'}> for query: 'MATCH (atk:Subreddit)-[:POSTED]->(:Post {post_label: -1})-[:REFERENCES]->(a:Subreddit {name: $seed_a})\n            WITH atk\n            MATCH (atk)-[:POSTED]->(:Post {post_label: -1})-[:REFERENCES]->(b:Subreddit {name: $seed_b})\n            RETURN atk.name AS common_attacker ORDER BY atk.name LIMIT 25'
00:49:33  WARNING   Received notification from DBMS server: <GqlStatusObject gql_status='01N51', status_description='warn: relationship type does not exist. The relationship type `REFERENCES` does not exist. Verify that the spelling is correct.', position=<SummaryInputPosition line=3, column=63, offset=186>, raw_classification='UNRECOGNIZED', classification=<NotificationClassification.UNRECOGNIZED: 'UNRECOGNIZED'>, raw_severity='WARNING', severity=<NotificationSeverity.WARNING: 'WARNING'>, diagnostic_record={'_classification': 'UNRECOGNIZED', '_severity': 'WARNING', '_position': {'offset': 186, 'line': 3, 'column': 63}, 'OPERATION': '', 'OPERATION_CODE': '0', 'CURRENT_SCHEMA': '/'}> for query: 'MATCH (atk:Subreddit)-[:POSTED]->(:Post {post_label: -1})-[:REFERENCES]->(a:Subreddit {name: $seed_a})\n            WITH atk\n            MATCH (atk)-[:POSTED]->(:Post {post_label: -1})-[:REFERENCES]->(b:Subreddit {name: $seed_b})\n            RETURN atk.name AS common_attacker ORDER BY atk.name LIMIT 25'
00:49:33  INFO          warm 4/5: consumed=1.0 ms  available=4.0 ms
00:49:33  WARNING   Received notification from DBMS server: <GqlStatusObject gql_status='01N51', status_description='warn: relationship type does not exist. The relationship type `REFERENCES` does not exist. Verify that the spelling is correct.', position=<SummaryInputPosition line=1, column=61, offset=60>, raw_classification='UNRECOGNIZED', classification=<NotificationClassification.UNRECOGNIZED: 'UNRECOGNIZED'>, raw_severity='WARNING', severity=<NotificationSeverity.WARNING: 'WARNING'>, diagnostic_record={'_classification': 'UNRECOGNIZED', '_severity': 'WARNING', '_position': {'offset': 60, 'line': 1, 'column': 61}, 'OPERATION': '', 'OPERATION_CODE': '0', 'CURRENT_SCHEMA': '/'}> for query: 'MATCH (atk:Subreddit)-[:POSTED]->(:Post {post_label: -1})-[:REFERENCES]->(a:Subreddit {name: $seed_a})\n            WITH atk\n            MATCH (atk)-[:POSTED]->(:Post {post_label: -1})-[:REFERENCES]->(b:Subreddit {name: $seed_b})\n            RETURN atk.name AS common_attacker ORDER BY atk.name LIMIT 25'
00:49:33  WARNING   Received notification from DBMS server: <GqlStatusObject gql_status='01N51', status_description='warn: relationship type does not exist. The relationship type `REFERENCES` does not exist. Verify that the spelling is correct.', position=<SummaryInputPosition line=3, column=63, offset=186>, raw_classification='UNRECOGNIZED', classification=<NotificationClassification.UNRECOGNIZED: 'UNRECOGNIZED'>, raw_severity='WARNING', severity=<NotificationSeverity.WARNING: 'WARNING'>, diagnostic_record={'_classification': 'UNRECOGNIZED', '_severity': 'WARNING', '_position': {'offset': 186, 'line': 3, 'column': 63}, 'OPERATION': '', 'OPERATION_CODE': '0', 'CURRENT_SCHEMA': '/'}> for query: 'MATCH (atk:Subreddit)-[:POSTED]->(:Post {post_label: -1})-[:REFERENCES]->(a:Subreddit {name: $seed_a})\n            WITH atk\n            MATCH (atk)-[:POSTED]->(:Post {post_label: -1})-[:REFERENCES]->(b:Subreddit {name: $seed_b})\n            RETURN atk.name AS common_attacker ORDER BY atk.name LIMIT 25'
00:49:33  INFO          warm 5/5: consumed=0.0 ms  available=2.0 ms
00:49:33  INFO      Running T4-A: Global mutual hostile pairs
00:49:33  INFO        [Neo4j] T4-A cold run...
00:49:35  WARNING   Received notification from DBMS server: <GqlStatusObject gql_status='01N02', status_description='warn: feature deprecated without replacement. id is deprecated and will be removed without a replacement.', position=<SummaryInputPosition line=3, column=19, offset=177>, raw_classification='DEPRECATION', classification=<NotificationClassification.DEPRECATION: 'DEPRECATION'>, raw_severity='WARNING', severity=<NotificationSeverity.WARNING: 'WARNING'>, diagnostic_record={'_classification': 'DEPRECATION', '_severity': 'WARNING', '_position': {'offset': 177, 'line': 3, 'column': 19}, 'OPERATION': '', 'OPERATION_CODE': '0', 'CURRENT_SCHEMA': '/'}> for query: 'MATCH (a:Subreddit)-[:POSTED]->(:Post {post_label: -1})-[:REFERENCES]->(b:Subreddit)\n                  -[:POSTED]->(:Post {post_label: -1})-[:REFERENCES]->(a)\n            WHERE id(a) < id(b)\n            RETURN a.name AS sub_a, b.name AS sub_b, count(*) AS mutual_hostile_links\n            ORDER BY mutual_hostile_links DESC LIMIT 20'
00:49:35  WARNING   Received notification from DBMS server: <GqlStatusObject gql_status='01N02', status_description='warn: feature deprecated without replacement. id is deprecated and will be removed without a replacement.', position=<SummaryInputPosition line=3, column=27, offset=185>, raw_classification='DEPRECATION', classification=<NotificationClassification.DEPRECATION: 'DEPRECATION'>, raw_severity='WARNING', severity=<NotificationSeverity.WARNING: 'WARNING'>, diagnostic_record={'_classification': 'DEPRECATION', '_severity': 'WARNING', '_position': {'offset': 185, 'line': 3, 'column': 27}, 'OPERATION': '', 'OPERATION_CODE': '0', 'CURRENT_SCHEMA': '/'}> for query: 'MATCH (a:Subreddit)-[:POSTED]->(:Post {post_label: -1})-[:REFERENCES]->(b:Subreddit)\n                  -[:POSTED]->(:Post {post_label: -1})-[:REFERENCES]->(a)\n            WHERE id(a) < id(b)\n            RETURN a.name AS sub_a, b.name AS sub_b, count(*) AS mutual_hostile_links\n            ORDER BY mutual_hostile_links DESC LIMIT 20'
00:49:35  WARNING   Received notification from DBMS server: <GqlStatusObject gql_status='01N51', status_description='warn: relationship type does not exist. The relationship type `REFERENCES` does not exist. Verify that the spelling is correct.', position=<SummaryInputPosition line=1, column=59, offset=58>, raw_classification='UNRECOGNIZED', classification=<NotificationClassification.UNRECOGNIZED: 'UNRECOGNIZED'>, raw_severity='WARNING', severity=<NotificationSeverity.WARNING: 'WARNING'>, diagnostic_record={'_classification': 'UNRECOGNIZED', '_severity': 'WARNING', '_position': {'offset': 58, 'line': 1, 'column': 59}, 'OPERATION': '', 'OPERATION_CODE': '0', 'CURRENT_SCHEMA': '/'}> for query: 'MATCH (a:Subreddit)-[:POSTED]->(:Post {post_label: -1})-[:REFERENCES]->(b:Subreddit)\n                  -[:POSTED]->(:Post {post_label: -1})-[:REFERENCES]->(a)\n            WHERE id(a) < id(b)\n            RETURN a.name AS sub_a, b.name AS sub_b, count(*) AS mutual_hostile_links\n            ORDER BY mutual_hostile_links DESC LIMIT 20'
00:49:35  WARNING   Received notification from DBMS server: <GqlStatusObject gql_status='01N51', status_description='warn: relationship type does not exist. The relationship type `REFERENCES` does not exist. Verify that the spelling is correct.', position=<SummaryInputPosition line=2, column=58, offset=142>, raw_classification='UNRECOGNIZED', classification=<NotificationClassification.UNRECOGNIZED: 'UNRECOGNIZED'>, raw_severity='WARNING', severity=<NotificationSeverity.WARNING: 'WARNING'>, diagnostic_record={'_classification': 'UNRECOGNIZED', '_severity': 'WARNING', '_position': {'offset': 142, 'line': 2, 'column': 58}, 'OPERATION': '', 'OPERATION_CODE': '0', 'CURRENT_SCHEMA': '/'}> for query: 'MATCH (a:Subreddit)-[:POSTED]->(:Post {post_label: -1})-[:REFERENCES]->(b:Subreddit)\n                  -[:POSTED]->(:Post {post_label: -1})-[:REFERENCES]->(a)\n            WHERE id(a) < id(b)\n            RETURN a.name AS sub_a, b.name AS sub_b, count(*) AS mutual_hostile_links\n            ORDER BY mutual_hostile_links DESC LIMIT 20'
00:49:35  INFO          cold=2337.1 ms  rows=0
00:49:35  INFO          profiling for db_hits (not timed)...
00:49:36  WARNING   Received notification from DBMS server: <GqlStatusObject gql_status='01N02', status_description='warn: feature deprecated without replacement. id is deprecated and will be removed without a replacement.', position=<SummaryInputPosition line=3, column=19, offset=185>, raw_classification='DEPRECATION', classification=<NotificationClassification.DEPRECATION: 'DEPRECATION'>, raw_severity='WARNING', severity=<NotificationSeverity.WARNING: 'WARNING'>, diagnostic_record={'_classification': 'DEPRECATION', '_severity': 'WARNING', '_position': {'offset': 185, 'line': 3, 'column': 19}, 'OPERATION': '', 'OPERATION_CODE': '0', 'CURRENT_SCHEMA': '/'}> for query: 'PROFILE MATCH (a:Subreddit)-[:POSTED]->(:Post {post_label: -1})-[:REFERENCES]->(b:Subreddit)\n                  -[:POSTED]->(:Post {post_label: -1})-[:REFERENCES]->(a)\n            WHERE id(a) < id(b)\n            RETURN a.name AS sub_a, b.name AS sub_b, count(*) AS mutual_hostile_links\n            ORDER BY mutual_hostile_links DESC LIMIT 20'
00:49:36  WARNING   Received notification from DBMS server: <GqlStatusObject gql_status='01N02', status_description='warn: feature deprecated without replacement. id is deprecated and will be removed without a replacement.', position=<SummaryInputPosition line=3, column=27, offset=193>, raw_classification='DEPRECATION', classification=<NotificationClassification.DEPRECATION: 'DEPRECATION'>, raw_severity='WARNING', severity=<NotificationSeverity.WARNING: 'WARNING'>, diagnostic_record={'_classification': 'DEPRECATION', '_severity': 'WARNING', '_position': {'offset': 193, 'line': 3, 'column': 27}, 'OPERATION': '', 'OPERATION_CODE': '0', 'CURRENT_SCHEMA': '/'}> for query: 'PROFILE MATCH (a:Subreddit)-[:POSTED]->(:Post {post_label: -1})-[:REFERENCES]->(b:Subreddit)\n                  -[:POSTED]->(:Post {post_label: -1})-[:REFERENCES]->(a)\n            WHERE id(a) < id(b)\n            RETURN a.name AS sub_a, b.name AS sub_b, count(*) AS mutual_hostile_links\n            ORDER BY mutual_hostile_links DESC LIMIT 20'
00:49:36  WARNING   Received notification from DBMS server: <GqlStatusObject gql_status='01N51', status_description='warn: relationship type does not exist. The relationship type `REFERENCES` does not exist. Verify that the spelling is correct.', position=<SummaryInputPosition line=1, column=67, offset=66>, raw_classification='UNRECOGNIZED', classification=<NotificationClassification.UNRECOGNIZED: 'UNRECOGNIZED'>, raw_severity='WARNING', severity=<NotificationSeverity.WARNING: 'WARNING'>, diagnostic_record={'_classification': 'UNRECOGNIZED', '_severity': 'WARNING', '_position': {'offset': 66, 'line': 1, 'column': 67}, 'OPERATION': '', 'OPERATION_CODE': '0', 'CURRENT_SCHEMA': '/'}> for query: 'PROFILE MATCH (a:Subreddit)-[:POSTED]->(:Post {post_label: -1})-[:REFERENCES]->(b:Subreddit)\n                  -[:POSTED]->(:Post {post_label: -1})-[:REFERENCES]->(a)\n            WHERE id(a) < id(b)\n            RETURN a.name AS sub_a, b.name AS sub_b, count(*) AS mutual_hostile_links\n            ORDER BY mutual_hostile_links DESC LIMIT 20'
00:49:36  WARNING   Received notification from DBMS server: <GqlStatusObject gql_status='01N51', status_description='warn: relationship type does not exist. The relationship type `REFERENCES` does not exist. Verify that the spelling is correct.', position=<SummaryInputPosition line=2, column=58, offset=150>, raw_classification='UNRECOGNIZED', classification=<NotificationClassification.UNRECOGNIZED: 'UNRECOGNIZED'>, raw_severity='WARNING', severity=<NotificationSeverity.WARNING: 'WARNING'>, diagnostic_record={'_classification': 'UNRECOGNIZED', '_severity': 'WARNING', '_position': {'offset': 150, 'line': 2, 'column': 58}, 'OPERATION': '', 'OPERATION_CODE': '0', 'CURRENT_SCHEMA': '/'}> for query: 'PROFILE MATCH (a:Subreddit)-[:POSTED]->(:Post {post_label: -1})-[:REFERENCES]->(b:Subreddit)\n                  -[:POSTED]->(:Post {post_label: -1})-[:REFERENCES]->(a)\n            WHERE id(a) < id(b)\n            RETURN a.name AS sub_a, b.name AS sub_b, count(*) AS mutual_hostile_links\n            ORDER BY mutual_hostile_links DESC LIMIT 20'
00:49:36  INFO          db_hits=0
00:49:36  WARNING   Received notification from DBMS server: <GqlStatusObject gql_status='01N02', status_description='warn: feature deprecated without replacement. id is deprecated and will be removed without a replacement.', position=<SummaryInputPosition line=3, column=19, offset=177>, raw_classification='DEPRECATION', classification=<NotificationClassification.DEPRECATION: 'DEPRECATION'>, raw_severity='WARNING', severity=<NotificationSeverity.WARNING: 'WARNING'>, diagnostic_record={'_classification': 'DEPRECATION', '_severity': 'WARNING', '_position': {'offset': 177, 'line': 3, 'column': 19}, 'OPERATION': '', 'OPERATION_CODE': '0', 'CURRENT_SCHEMA': '/'}> for query: 'MATCH (a:Subreddit)-[:POSTED]->(:Post {post_label: -1})-[:REFERENCES]->(b:Subreddit)\n                  -[:POSTED]->(:Post {post_label: -1})-[:REFERENCES]->(a)\n            WHERE id(a) < id(b)\n            RETURN a.name AS sub_a, b.name AS sub_b, count(*) AS mutual_hostile_links\n            ORDER BY mutual_hostile_links DESC LIMIT 20'
00:49:36  WARNING   Received notification from DBMS server: <GqlStatusObject gql_status='01N02', status_description='warn: feature deprecated without replacement. id is deprecated and will be removed without a replacement.', position=<SummaryInputPosition line=3, column=27, offset=185>, raw_classification='DEPRECATION', classification=<NotificationClassification.DEPRECATION: 'DEPRECATION'>, raw_severity='WARNING', severity=<NotificationSeverity.WARNING: 'WARNING'>, diagnostic_record={'_classification': 'DEPRECATION', '_severity': 'WARNING', '_position': {'offset': 185, 'line': 3, 'column': 27}, 'OPERATION': '', 'OPERATION_CODE': '0', 'CURRENT_SCHEMA': '/'}> for query: 'MATCH (a:Subreddit)-[:POSTED]->(:Post {post_label: -1})-[:REFERENCES]->(b:Subreddit)\n                  -[:POSTED]->(:Post {post_label: -1})-[:REFERENCES]->(a)\n            WHERE id(a) < id(b)\n            RETURN a.name AS sub_a, b.name AS sub_b, count(*) AS mutual_hostile_links\n            ORDER BY mutual_hostile_links DESC LIMIT 20'
00:49:36  WARNING   Received notification from DBMS server: <GqlStatusObject gql_status='01N51', status_description='warn: relationship type does not exist. The relationship type `REFERENCES` does not exist. Verify that the spelling is correct.', position=<SummaryInputPosition line=1, column=59, offset=58>, raw_classification='UNRECOGNIZED', classification=<NotificationClassification.UNRECOGNIZED: 'UNRECOGNIZED'>, raw_severity='WARNING', severity=<NotificationSeverity.WARNING: 'WARNING'>, diagnostic_record={'_classification': 'UNRECOGNIZED', '_severity': 'WARNING', '_position': {'offset': 58, 'line': 1, 'column': 59}, 'OPERATION': '', 'OPERATION_CODE': '0', 'CURRENT_SCHEMA': '/'}> for query: 'MATCH (a:Subreddit)-[:POSTED]->(:Post {post_label: -1})-[:REFERENCES]->(b:Subreddit)\n                  -[:POSTED]->(:Post {post_label: -1})-[:REFERENCES]->(a)\n            WHERE id(a) < id(b)\n            RETURN a.name AS sub_a, b.name AS sub_b, count(*) AS mutual_hostile_links\n            ORDER BY mutual_hostile_links DESC LIMIT 20'
00:49:36  WARNING   Received notification from DBMS server: <GqlStatusObject gql_status='01N51', status_description='warn: relationship type does not exist. The relationship type `REFERENCES` does not exist. Verify that the spelling is correct.', position=<SummaryInputPosition line=2, column=58, offset=142>, raw_classification='UNRECOGNIZED', classification=<NotificationClassification.UNRECOGNIZED: 'UNRECOGNIZED'>, raw_severity='WARNING', severity=<NotificationSeverity.WARNING: 'WARNING'>, diagnostic_record={'_classification': 'UNRECOGNIZED', '_severity': 'WARNING', '_position': {'offset': 142, 'line': 2, 'column': 58}, 'OPERATION': '', 'OPERATION_CODE': '0', 'CURRENT_SCHEMA': '/'}> for query: 'MATCH (a:Subreddit)-[:POSTED]->(:Post {post_label: -1})-[:REFERENCES]->(b:Subreddit)\n                  -[:POSTED]->(:Post {post_label: -1})-[:REFERENCES]->(a)\n            WHERE id(a) < id(b)\n            RETURN a.name AS sub_a, b.name AS sub_b, count(*) AS mutual_hostile_links\n            ORDER BY mutual_hostile_links DESC LIMIT 20'
00:49:36  INFO          warm 1/5: consumed=3.0 ms  available=6.0 ms
00:49:36  WARNING   Received notification from DBMS server: <GqlStatusObject gql_status='01N02', status_description='warn: feature deprecated without replacement. id is deprecated and will be removed without a replacement.', position=<SummaryInputPosition line=3, column=19, offset=177>, raw_classification='DEPRECATION', classification=<NotificationClassification.DEPRECATION: 'DEPRECATION'>, raw_severity='WARNING', severity=<NotificationSeverity.WARNING: 'WARNING'>, diagnostic_record={'_classification': 'DEPRECATION', '_severity': 'WARNING', '_position': {'offset': 177, 'line': 3, 'column': 19}, 'OPERATION': '', 'OPERATION_CODE': '0', 'CURRENT_SCHEMA': '/'}> for query: 'MATCH (a:Subreddit)-[:POSTED]->(:Post {post_label: -1})-[:REFERENCES]->(b:Subreddit)\n                  -[:POSTED]->(:Post {post_label: -1})-[:REFERENCES]->(a)\n            WHERE id(a) < id(b)\n            RETURN a.name AS sub_a, b.name AS sub_b, count(*) AS mutual_hostile_links\n            ORDER BY mutual_hostile_links DESC LIMIT 20'
00:49:36  WARNING   Received notification from DBMS server: <GqlStatusObject gql_status='01N02', status_description='warn: feature deprecated without replacement. id is deprecated and will be removed without a replacement.', position=<SummaryInputPosition line=3, column=27, offset=185>, raw_classification='DEPRECATION', classification=<NotificationClassification.DEPRECATION: 'DEPRECATION'>, raw_severity='WARNING', severity=<NotificationSeverity.WARNING: 'WARNING'>, diagnostic_record={'_classification': 'DEPRECATION', '_severity': 'WARNING', '_position': {'offset': 185, 'line': 3, 'column': 27}, 'OPERATION': '', 'OPERATION_CODE': '0', 'CURRENT_SCHEMA': '/'}> for query: 'MATCH (a:Subreddit)-[:POSTED]->(:Post {post_label: -1})-[:REFERENCES]->(b:Subreddit)\n                  -[:POSTED]->(:Post {post_label: -1})-[:REFERENCES]->(a)\n            WHERE id(a) < id(b)\n            RETURN a.name AS sub_a, b.name AS sub_b, count(*) AS mutual_hostile_links\n            ORDER BY mutual_hostile_links DESC LIMIT 20'
00:49:36  WARNING   Received notification from DBMS server: <GqlStatusObject gql_status='01N51', status_description='warn: relationship type does not exist. The relationship type `REFERENCES` does not exist. Verify that the spelling is correct.', position=<SummaryInputPosition line=1, column=59, offset=58>, raw_classification='UNRECOGNIZED', classification=<NotificationClassification.UNRECOGNIZED: 'UNRECOGNIZED'>, raw_severity='WARNING', severity=<NotificationSeverity.WARNING: 'WARNING'>, diagnostic_record={'_classification': 'UNRECOGNIZED', '_severity': 'WARNING', '_position': {'offset': 58, 'line': 1, 'column': 59}, 'OPERATION': '', 'OPERATION_CODE': '0', 'CURRENT_SCHEMA': '/'}> for query: 'MATCH (a:Subreddit)-[:POSTED]->(:Post {post_label: -1})-[:REFERENCES]->(b:Subreddit)\n                  -[:POSTED]->(:Post {post_label: -1})-[:REFERENCES]->(a)\n            WHERE id(a) < id(b)\n            RETURN a.name AS sub_a, b.name AS sub_b, count(*) AS mutual_hostile_links\n            ORDER BY mutual_hostile_links DESC LIMIT 20'
00:49:36  WARNING   Received notification from DBMS server: <GqlStatusObject gql_status='01N51', status_description='warn: relationship type does not exist. The relationship type `REFERENCES` does not exist. Verify that the spelling is correct.', position=<SummaryInputPosition line=2, column=58, offset=142>, raw_classification='UNRECOGNIZED', classification=<NotificationClassification.UNRECOGNIZED: 'UNRECOGNIZED'>, raw_severity='WARNING', severity=<NotificationSeverity.WARNING: 'WARNING'>, diagnostic_record={'_classification': 'UNRECOGNIZED', '_severity': 'WARNING', '_position': {'offset': 142, 'line': 2, 'column': 58}, 'OPERATION': '', 'OPERATION_CODE': '0', 'CURRENT_SCHEMA': '/'}> for query: 'MATCH (a:Subreddit)-[:POSTED]->(:Post {post_label: -1})-[:REFERENCES]->(b:Subreddit)\n                  -[:POSTED]->(:Post {post_label: -1})-[:REFERENCES]->(a)\n            WHERE id(a) < id(b)\n            RETURN a.name AS sub_a, b.name AS sub_b, count(*) AS mutual_hostile_links\n            ORDER BY mutual_hostile_links DESC LIMIT 20'
00:49:36  INFO          warm 2/5: consumed=1.0 ms  available=4.0 ms
00:49:36  WARNING   Received notification from DBMS server: <GqlStatusObject gql_status='01N02', status_description='warn: feature deprecated without replacement. id is deprecated and will be removed without a replacement.', position=<SummaryInputPosition line=3, column=19, offset=177>, raw_classification='DEPRECATION', classification=<NotificationClassification.DEPRECATION: 'DEPRECATION'>, raw_severity='WARNING', severity=<NotificationSeverity.WARNING: 'WARNING'>, diagnostic_record={'_classification': 'DEPRECATION', '_severity': 'WARNING', '_position': {'offset': 177, 'line': 3, 'column': 19}, 'OPERATION': '', 'OPERATION_CODE': '0', 'CURRENT_SCHEMA': '/'}> for query: 'MATCH (a:Subreddit)-[:POSTED]->(:Post {post_label: -1})-[:REFERENCES]->(b:Subreddit)\n                  -[:POSTED]->(:Post {post_label: -1})-[:REFERENCES]->(a)\n            WHERE id(a) < id(b)\n            RETURN a.name AS sub_a, b.name AS sub_b, count(*) AS mutual_hostile_links\n            ORDER BY mutual_hostile_links DESC LIMIT 20'
00:49:36  WARNING   Received notification from DBMS server: <GqlStatusObject gql_status='01N02', status_description='warn: feature deprecated without replacement. id is deprecated and will be removed without a replacement.', position=<SummaryInputPosition line=3, column=27, offset=185>, raw_classification='DEPRECATION', classification=<NotificationClassification.DEPRECATION: 'DEPRECATION'>, raw_severity='WARNING', severity=<NotificationSeverity.WARNING: 'WARNING'>, diagnostic_record={'_classification': 'DEPRECATION', '_severity': 'WARNING', '_position': {'offset': 185, 'line': 3, 'column': 27}, 'OPERATION': '', 'OPERATION_CODE': '0', 'CURRENT_SCHEMA': '/'}> for query: 'MATCH (a:Subreddit)-[:POSTED]->(:Post {post_label: -1})-[:REFERENCES]->(b:Subreddit)\n                  -[:POSTED]->(:Post {post_label: -1})-[:REFERENCES]->(a)\n            WHERE id(a) < id(b)\n            RETURN a.name AS sub_a, b.name AS sub_b, count(*) AS mutual_hostile_links\n            ORDER BY mutual_hostile_links DESC LIMIT 20'
00:49:36  WARNING   Received notification from DBMS server: <GqlStatusObject gql_status='01N51', status_description='warn: relationship type does not exist. The relationship type `REFERENCES` does not exist. Verify that the spelling is correct.', position=<SummaryInputPosition line=1, column=59, offset=58>, raw_classification='UNRECOGNIZED', classification=<NotificationClassification.UNRECOGNIZED: 'UNRECOGNIZED'>, raw_severity='WARNING', severity=<NotificationSeverity.WARNING: 'WARNING'>, diagnostic_record={'_classification': 'UNRECOGNIZED', '_severity': 'WARNING', '_position': {'offset': 58, 'line': 1, 'column': 59}, 'OPERATION': '', 'OPERATION_CODE': '0', 'CURRENT_SCHEMA': '/'}> for query: 'MATCH (a:Subreddit)-[:POSTED]->(:Post {post_label: -1})-[:REFERENCES]->(b:Subreddit)\n                  -[:POSTED]->(:Post {post_label: -1})-[:REFERENCES]->(a)\n            WHERE id(a) < id(b)\n            RETURN a.name AS sub_a, b.name AS sub_b, count(*) AS mutual_hostile_links\n            ORDER BY mutual_hostile_links DESC LIMIT 20'
00:49:36  WARNING   Received notification from DBMS server: <GqlStatusObject gql_status='01N51', status_description='warn: relationship type does not exist. The relationship type `REFERENCES` does not exist. Verify that the spelling is correct.', position=<SummaryInputPosition line=2, column=58, offset=142>, raw_classification='UNRECOGNIZED', classification=<NotificationClassification.UNRECOGNIZED: 'UNRECOGNIZED'>, raw_severity='WARNING', severity=<NotificationSeverity.WARNING: 'WARNING'>, diagnostic_record={'_classification': 'UNRECOGNIZED', '_severity': 'WARNING', '_position': {'offset': 142, 'line': 2, 'column': 58}, 'OPERATION': '', 'OPERATION_CODE': '0', 'CURRENT_SCHEMA': '/'}> for query: 'MATCH (a:Subreddit)-[:POSTED]->(:Post {post_label: -1})-[:REFERENCES]->(b:Subreddit)\n                  -[:POSTED]->(:Post {post_label: -1})-[:REFERENCES]->(a)\n            WHERE id(a) < id(b)\n            RETURN a.name AS sub_a, b.name AS sub_b, count(*) AS mutual_hostile_links\n            ORDER BY mutual_hostile_links DESC LIMIT 20'
00:49:36  INFO          warm 3/5: consumed=2.0 ms  available=3.0 ms
00:49:36  WARNING   Received notification from DBMS server: <GqlStatusObject gql_status='01N02', status_description='warn: feature deprecated without replacement. id is deprecated and will be removed without a replacement.', position=<SummaryInputPosition line=3, column=19, offset=177>, raw_classification='DEPRECATION', classification=<NotificationClassification.DEPRECATION: 'DEPRECATION'>, raw_severity='WARNING', severity=<NotificationSeverity.WARNING: 'WARNING'>, diagnostic_record={'_classification': 'DEPRECATION', '_severity': 'WARNING', '_position': {'offset': 177, 'line': 3, 'column': 19}, 'OPERATION': '', 'OPERATION_CODE': '0', 'CURRENT_SCHEMA': '/'}> for query: 'MATCH (a:Subreddit)-[:POSTED]->(:Post {post_label: -1})-[:REFERENCES]->(b:Subreddit)\n                  -[:POSTED]->(:Post {post_label: -1})-[:REFERENCES]->(a)\n            WHERE id(a) < id(b)\n            RETURN a.name AS sub_a, b.name AS sub_b, count(*) AS mutual_hostile_links\n            ORDER BY mutual_hostile_links DESC LIMIT 20'
00:49:36  WARNING   Received notification from DBMS server: <GqlStatusObject gql_status='01N02', status_description='warn: feature deprecated without replacement. id is deprecated and will be removed without a replacement.', position=<SummaryInputPosition line=3, column=27, offset=185>, raw_classification='DEPRECATION', classification=<NotificationClassification.DEPRECATION: 'DEPRECATION'>, raw_severity='WARNING', severity=<NotificationSeverity.WARNING: 'WARNING'>, diagnostic_record={'_classification': 'DEPRECATION', '_severity': 'WARNING', '_position': {'offset': 185, 'line': 3, 'column': 27}, 'OPERATION': '', 'OPERATION_CODE': '0', 'CURRENT_SCHEMA': '/'}> for query: 'MATCH (a:Subreddit)-[:POSTED]->(:Post {post_label: -1})-[:REFERENCES]->(b:Subreddit)\n                  -[:POSTED]->(:Post {post_label: -1})-[:REFERENCES]->(a)\n            WHERE id(a) < id(b)\n            RETURN a.name AS sub_a, b.name AS sub_b, count(*) AS mutual_hostile_links\n            ORDER BY mutual_hostile_links DESC LIMIT 20'
00:49:36  WARNING   Received notification from DBMS server: <GqlStatusObject gql_status='01N51', status_description='warn: relationship type does not exist. The relationship type `REFERENCES` does not exist. Verify that the spelling is correct.', position=<SummaryInputPosition line=1, column=59, offset=58>, raw_classification='UNRECOGNIZED', classification=<NotificationClassification.UNRECOGNIZED: 'UNRECOGNIZED'>, raw_severity='WARNING', severity=<NotificationSeverity.WARNING: 'WARNING'>, diagnostic_record={'_classification': 'UNRECOGNIZED', '_severity': 'WARNING', '_position': {'offset': 58, 'line': 1, 'column': 59}, 'OPERATION': '', 'OPERATION_CODE': '0', 'CURRENT_SCHEMA': '/'}> for query: 'MATCH (a:Subreddit)-[:POSTED]->(:Post {post_label: -1})-[:REFERENCES]->(b:Subreddit)\n                  -[:POSTED]->(:Post {post_label: -1})-[:REFERENCES]->(a)\n            WHERE id(a) < id(b)\n            RETURN a.name AS sub_a, b.name AS sub_b, count(*) AS mutual_hostile_links\n            ORDER BY mutual_hostile_links DESC LIMIT 20'
00:49:36  WARNING   Received notification from DBMS server: <GqlStatusObject gql_status='01N51', status_description='warn: relationship type does not exist. The relationship type `REFERENCES` does not exist. Verify that the spelling is correct.', position=<SummaryInputPosition line=2, column=58, offset=142>, raw_classification='UNRECOGNIZED', classification=<NotificationClassification.UNRECOGNIZED: 'UNRECOGNIZED'>, raw_severity='WARNING', severity=<NotificationSeverity.WARNING: 'WARNING'>, diagnostic_record={'_classification': 'UNRECOGNIZED', '_severity': 'WARNING', '_position': {'offset': 142, 'line': 2, 'column': 58}, 'OPERATION': '', 'OPERATION_CODE': '0', 'CURRENT_SCHEMA': '/'}> for query: 'MATCH (a:Subreddit)-[:POSTED]->(:Post {post_label: -1})-[:REFERENCES]->(b:Subreddit)\n                  -[:POSTED]->(:Post {post_label: -1})-[:REFERENCES]->(a)\n            WHERE id(a) < id(b)\n            RETURN a.name AS sub_a, b.name AS sub_b, count(*) AS mutual_hostile_links\n            ORDER BY mutual_hostile_links DESC LIMIT 20'
00:49:36  INFO          warm 4/5: consumed=2.0 ms  available=5.0 ms
00:49:36  WARNING   Received notification from DBMS server: <GqlStatusObject gql_status='01N02', status_description='warn: feature deprecated without replacement. id is deprecated and will be removed without a replacement.', position=<SummaryInputPosition line=3, column=19, offset=177>, raw_classification='DEPRECATION', classification=<NotificationClassification.DEPRECATION: 'DEPRECATION'>, raw_severity='WARNING', severity=<NotificationSeverity.WARNING: 'WARNING'>, diagnostic_record={'_classification': 'DEPRECATION', '_severity': 'WARNING', '_position': {'offset': 177, 'line': 3, 'column': 19}, 'OPERATION': '', 'OPERATION_CODE': '0', 'CURRENT_SCHEMA': '/'}> for query: 'MATCH (a:Subreddit)-[:POSTED]->(:Post {post_label: -1})-[:REFERENCES]->(b:Subreddit)\n                  -[:POSTED]->(:Post {post_label: -1})-[:REFERENCES]->(a)\n            WHERE id(a) < id(b)\n            RETURN a.name AS sub_a, b.name AS sub_b, count(*) AS mutual_hostile_links\n            ORDER BY mutual_hostile_links DESC LIMIT 20'
00:49:36  WARNING   Received notification from DBMS server: <GqlStatusObject gql_status='01N02', status_description='warn: feature deprecated without replacement. id is deprecated and will be removed without a replacement.', position=<SummaryInputPosition line=3, column=27, offset=185>, raw_classification='DEPRECATION', classification=<NotificationClassification.DEPRECATION: 'DEPRECATION'>, raw_severity='WARNING', severity=<NotificationSeverity.WARNING: 'WARNING'>, diagnostic_record={'_classification': 'DEPRECATION', '_severity': 'WARNING', '_position': {'offset': 185, 'line': 3, 'column': 27}, 'OPERATION': '', 'OPERATION_CODE': '0', 'CURRENT_SCHEMA': '/'}> for query: 'MATCH (a:Subreddit)-[:POSTED]->(:Post {post_label: -1})-[:REFERENCES]->(b:Subreddit)\n                  -[:POSTED]->(:Post {post_label: -1})-[:REFERENCES]->(a)\n            WHERE id(a) < id(b)\n            RETURN a.name AS sub_a, b.name AS sub_b, count(*) AS mutual_hostile_links\n            ORDER BY mutual_hostile_links DESC LIMIT 20'
00:49:36  WARNING   Received notification from DBMS server: <GqlStatusObject gql_status='01N51', status_description='warn: relationship type does not exist. The relationship type `REFERENCES` does not exist. Verify that the spelling is correct.', position=<SummaryInputPosition line=1, column=59, offset=58>, raw_classification='UNRECOGNIZED', classification=<NotificationClassification.UNRECOGNIZED: 'UNRECOGNIZED'>, raw_severity='WARNING', severity=<NotificationSeverity.WARNING: 'WARNING'>, diagnostic_record={'_classification': 'UNRECOGNIZED', '_severity': 'WARNING', '_position': {'offset': 58, 'line': 1, 'column': 59}, 'OPERATION': '', 'OPERATION_CODE': '0', 'CURRENT_SCHEMA': '/'}> for query: 'MATCH (a:Subreddit)-[:POSTED]->(:Post {post_label: -1})-[:REFERENCES]->(b:Subreddit)\n                  -[:POSTED]->(:Post {post_label: -1})-[:REFERENCES]->(a)\n            WHERE id(a) < id(b)\n            RETURN a.name AS sub_a, b.name AS sub_b, count(*) AS mutual_hostile_links\n            ORDER BY mutual_hostile_links DESC LIMIT 20'
00:49:36  WARNING   Received notification from DBMS server: <GqlStatusObject gql_status='01N51', status_description='warn: relationship type does not exist. The relationship type `REFERENCES` does not exist. Verify that the spelling is correct.', position=<SummaryInputPosition line=2, column=58, offset=142>, raw_classification='UNRECOGNIZED', classification=<NotificationClassification.UNRECOGNIZED: 'UNRECOGNIZED'>, raw_severity='WARNING', severity=<NotificationSeverity.WARNING: 'WARNING'>, diagnostic_record={'_classification': 'UNRECOGNIZED', '_severity': 'WARNING', '_position': {'offset': 142, 'line': 2, 'column': 58}, 'OPERATION': '', 'OPERATION_CODE': '0', 'CURRENT_SCHEMA': '/'}> for query: 'MATCH (a:Subreddit)-[:POSTED]->(:Post {post_label: -1})-[:REFERENCES]->(b:Subreddit)\n                  -[:POSTED]->(:Post {post_label: -1})-[:REFERENCES]->(a)\n            WHERE id(a) < id(b)\n            RETURN a.name AS sub_a, b.name AS sub_b, count(*) AS mutual_hostile_links\n            ORDER BY mutual_hostile_links DESC LIMIT 20'
00:49:36  INFO          warm 5/5: consumed=1.0 ms  available=6.0 ms
00:49:36  INFO      Running T4-B: Bounded BFS depth 2 from seed_bfs
00:49:36  INFO        [Neo4j] T4-B cold run...
00:49:39  WARNING   Received notification from DBMS server: <GqlStatusObject gql_status='01N51', status_description='warn: relationship type does not exist. The relationship type `REFERENCES` does not exist. Verify that the spelling is correct.', position=<SummaryInputPosition line=1, column=54, offset=53>, raw_classification='UNRECOGNIZED', classification=<NotificationClassification.UNRECOGNIZED: 'UNRECOGNIZED'>, raw_severity='WARNING', severity=<NotificationSeverity.WARNING: 'WARNING'>, diagnostic_record={'_classification': 'UNRECOGNIZED', '_severity': 'WARNING', '_position': {'offset': 53, 'line': 1, 'column': 54}, 'OPERATION': '', 'OPERATION_CODE': '0', 'CURRENT_SCHEMA': '/'}> for query: 'MATCH p = (src:Subreddit {name: $seed_bfs})-[:POSTED|REFERENCES*2..4]->(tgt:Subreddit)\n            WHERE src <> tgt\n            WITH tgt, min(length(p) / 2) AS min_hops\n            RETURN tgt.name AS reachable, min_hops ORDER BY min_hops, tgt.name LIMIT 500'
00:49:39  INFO          cold=3045.8 ms  rows=0
00:49:39  INFO          profiling for db_hits (not timed)...
00:49:39  WARNING   Received notification from DBMS server: <GqlStatusObject gql_status='01N51', status_description='warn: relationship type does not exist. The relationship type `REFERENCES` does not exist. Verify that the spelling is correct.', position=<SummaryInputPosition line=1, column=62, offset=61>, raw_classification='UNRECOGNIZED', classification=<NotificationClassification.UNRECOGNIZED: 'UNRECOGNIZED'>, raw_severity='WARNING', severity=<NotificationSeverity.WARNING: 'WARNING'>, diagnostic_record={'_classification': 'UNRECOGNIZED', '_severity': 'WARNING', '_position': {'offset': 61, 'line': 1, 'column': 62}, 'OPERATION': '', 'OPERATION_CODE': '0', 'CURRENT_SCHEMA': '/'}> for query: 'PROFILE MATCH p = (src:Subreddit {name: $seed_bfs})-[:POSTED|REFERENCES*2..4]->(tgt:Subreddit)\n            WHERE src <> tgt\n            WITH tgt, min(length(p) / 2) AS min_hops\n            RETURN tgt.name AS reachable, min_hops ORDER BY min_hops, tgt.name LIMIT 500'
00:49:39  INFO          db_hits=0
00:49:39  WARNING   Received notification from DBMS server: <GqlStatusObject gql_status='01N51', status_description='warn: relationship type does not exist. The relationship type `REFERENCES` does not exist. Verify that the spelling is correct.', position=<SummaryInputPosition line=1, column=54, offset=53>, raw_classification='UNRECOGNIZED', classification=<NotificationClassification.UNRECOGNIZED: 'UNRECOGNIZED'>, raw_severity='WARNING', severity=<NotificationSeverity.WARNING: 'WARNING'>, diagnostic_record={'_classification': 'UNRECOGNIZED', '_severity': 'WARNING', '_position': {'offset': 53, 'line': 1, 'column': 54}, 'OPERATION': '', 'OPERATION_CODE': '0', 'CURRENT_SCHEMA': '/'}> for query: 'MATCH p = (src:Subreddit {name: $seed_bfs})-[:POSTED|REFERENCES*2..4]->(tgt:Subreddit)\n            WHERE src <> tgt\n            WITH tgt, min(length(p) / 2) AS min_hops\n            RETURN tgt.name AS reachable, min_hops ORDER BY min_hops, tgt.name LIMIT 500'
00:49:39  INFO          warm 1/5: consumed=163.0 ms  available=1.0 ms
00:49:39  WARNING   Received notification from DBMS server: <GqlStatusObject gql_status='01N51', status_description='warn: relationship type does not exist. The relationship type `REFERENCES` does not exist. Verify that the spelling is correct.', position=<SummaryInputPosition line=1, column=54, offset=53>, raw_classification='UNRECOGNIZED', classification=<NotificationClassification.UNRECOGNIZED: 'UNRECOGNIZED'>, raw_severity='WARNING', severity=<NotificationSeverity.WARNING: 'WARNING'>, diagnostic_record={'_classification': 'UNRECOGNIZED', '_severity': 'WARNING', '_position': {'offset': 53, 'line': 1, 'column': 54}, 'OPERATION': '', 'OPERATION_CODE': '0', 'CURRENT_SCHEMA': '/'}> for query: 'MATCH p = (src:Subreddit {name: $seed_bfs})-[:POSTED|REFERENCES*2..4]->(tgt:Subreddit)\n            WHERE src <> tgt\n            WITH tgt, min(length(p) / 2) AS min_hops\n            RETURN tgt.name AS reachable, min_hops ORDER BY min_hops, tgt.name LIMIT 500'
00:49:39  INFO          warm 2/5: consumed=95.0 ms  available=1.0 ms
00:49:41  WARNING   Received notification from DBMS server: <GqlStatusObject gql_status='01N51', status_description='warn: relationship type does not exist. The relationship type `REFERENCES` does not exist. Verify that the spelling is correct.', position=<SummaryInputPosition line=1, column=54, offset=53>, raw_classification='UNRECOGNIZED', classification=<NotificationClassification.UNRECOGNIZED: 'UNRECOGNIZED'>, raw_severity='WARNING', severity=<NotificationSeverity.WARNING: 'WARNING'>, diagnostic_record={'_classification': 'UNRECOGNIZED', '_severity': 'WARNING', '_position': {'offset': 53, 'line': 1, 'column': 54}, 'OPERATION': '', 'OPERATION_CODE': '0', 'CURRENT_SCHEMA': '/'}> for query: 'MATCH p = (src:Subreddit {name: $seed_bfs})-[:POSTED|REFERENCES*2..4]->(tgt:Subreddit)\n            WHERE src <> tgt\n            WITH tgt, min(length(p) / 2) AS min_hops\n            RETURN tgt.name AS reachable, min_hops ORDER BY min_hops, tgt.name LIMIT 500'
00:49:41  INFO          warm 3/5: consumed=1153.0 ms  available=1.0 ms
00:49:42  WARNING   Received notification from DBMS server: <GqlStatusObject gql_status='01N51', status_description='warn: relationship type does not exist. The relationship type `REFERENCES` does not exist. Verify that the spelling is correct.', position=<SummaryInputPosition line=1, column=54, offset=53>, raw_classification='UNRECOGNIZED', classification=<NotificationClassification.UNRECOGNIZED: 'UNRECOGNIZED'>, raw_severity='WARNING', severity=<NotificationSeverity.WARNING: 'WARNING'>, diagnostic_record={'_classification': 'UNRECOGNIZED', '_severity': 'WARNING', '_position': {'offset': 53, 'line': 1, 'column': 54}, 'OPERATION': '', 'OPERATION_CODE': '0', 'CURRENT_SCHEMA': '/'}> for query: 'MATCH p = (src:Subreddit {name: $seed_bfs})-[:POSTED|REFERENCES*2..4]->(tgt:Subreddit)\n            WHERE src <> tgt\n            WITH tgt, min(length(p) / 2) AS min_hops\n            RETURN tgt.name AS reachable, min_hops ORDER BY min_hops, tgt.name LIMIT 500'
00:49:42  INFO          warm 4/5: consumed=1458.0 ms  available=5.0 ms
00:49:42  WARNING   Received notification from DBMS server: <GqlStatusObject gql_status='01N51', status_description='warn: relationship type does not exist. The relationship type `REFERENCES` does not exist. Verify that the spelling is correct.', position=<SummaryInputPosition line=1, column=54, offset=53>, raw_classification='UNRECOGNIZED', classification=<NotificationClassification.UNRECOGNIZED: 'UNRECOGNIZED'>, raw_severity='WARNING', severity=<NotificationSeverity.WARNING: 'WARNING'>, diagnostic_record={'_classification': 'UNRECOGNIZED', '_severity': 'WARNING', '_position': {'offset': 53, 'line': 1, 'column': 54}, 'OPERATION': '', 'OPERATION_CODE': '0', 'CURRENT_SCHEMA': '/'}> for query: 'MATCH p = (src:Subreddit {name: $seed_bfs})-[:POSTED|REFERENCES*2..4]->(tgt:Subreddit)\n            WHERE src <> tgt\n            WITH tgt, min(length(p) / 2) AS min_hops\n            RETURN tgt.name AS reachable, min_hops ORDER BY min_hops, tgt.name LIMIT 500'
00:49:42  INFO          warm 5/5: consumed=182.0 ms  available=2.0 ms
00:49:42  INFO      Running T5-A: 3-node hostile cycles seeded
00:49:42  INFO        [Neo4j] T5-A cold run...
00:49:43  WARNING   Received notification from DBMS server: <GqlStatusObject gql_status='01N51', status_description='warn: relationship type does not exist. The relationship type `REFERENCES` does not exist. Verify that the spelling is correct.', position=<SummaryInputPosition line=3, column=58, offset=175>, raw_classification='UNRECOGNIZED', classification=<NotificationClassification.UNRECOGNIZED: 'UNRECOGNIZED'>, raw_severity='WARNING', severity=<NotificationSeverity.WARNING: 'WARNING'>, diagnostic_record={'_classification': 'UNRECOGNIZED', '_severity': 'WARNING', '_position': {'offset': 175, 'line': 3, 'column': 58}, 'OPERATION': '', 'OPERATION_CODE': '0', 'CURRENT_SCHEMA': '/'}> for query: 'MATCH (a:Subreddit {name: $seed})\n                  -[:POSTED]->(:Post {post_label: -1})-[:REFERENCES]->(b:Subreddit)\n                  -[:POSTED]->(:Post {post_label: -1})-[:REFERENCES]->(c:Subreddit)\n                  -[:POSTED]->(:Post {post_label: -1})-[:REFERENCES]->(a)\n            WHERE id(b) < id(c)\n            RETURN a.name AS node_a, b.name AS node_b, c.name AS node_c LIMIT 50'
00:49:43  WARNING   Received notification from DBMS server: <GqlStatusObject gql_status='01N02', status_description='warn: feature deprecated without replacement. id is deprecated and will be removed without a replacement.', position=<SummaryInputPosition line=5, column=27, offset=302>, raw_classification='DEPRECATION', classification=<NotificationClassification.DEPRECATION: 'DEPRECATION'>, raw_severity='WARNING', severity=<NotificationSeverity.WARNING: 'WARNING'>, diagnostic_record={'_classification': 'DEPRECATION', '_severity': 'WARNING', '_position': {'offset': 302, 'line': 5, 'column': 27}, 'OPERATION': '', 'OPERATION_CODE': '0', 'CURRENT_SCHEMA': '/'}> for query: 'MATCH (a:Subreddit {name: $seed})\n                  -[:POSTED]->(:Post {post_label: -1})-[:REFERENCES]->(b:Subreddit)\n                  -[:POSTED]->(:Post {post_label: -1})-[:REFERENCES]->(c:Subreddit)\n                  -[:POSTED]->(:Post {post_label: -1})-[:REFERENCES]->(a)\n            WHERE id(b) < id(c)\n            RETURN a.name AS node_a, b.name AS node_b, c.name AS node_c LIMIT 50'
00:49:43  WARNING   Received notification from DBMS server: <GqlStatusObject gql_status='01N51', status_description='warn: relationship type does not exist. The relationship type `REFERENCES` does not exist. Verify that the spelling is correct.', position=<SummaryInputPosition line=2, column=58, offset=91>, raw_classification='UNRECOGNIZED', classification=<NotificationClassification.UNRECOGNIZED: 'UNRECOGNIZED'>, raw_severity='WARNING', severity=<NotificationSeverity.WARNING: 'WARNING'>, diagnostic_record={'_classification': 'UNRECOGNIZED', '_severity': 'WARNING', '_position': {'offset': 91, 'line': 2, 'column': 58}, 'OPERATION': '', 'OPERATION_CODE': '0', 'CURRENT_SCHEMA': '/'}> for query: 'MATCH (a:Subreddit {name: $seed})\n                  -[:POSTED]->(:Post {post_label: -1})-[:REFERENCES]->(b:Subreddit)\n                  -[:POSTED]->(:Post {post_label: -1})-[:REFERENCES]->(c:Subreddit)\n                  -[:POSTED]->(:Post {post_label: -1})-[:REFERENCES]->(a)\n            WHERE id(b) < id(c)\n            RETURN a.name AS node_a, b.name AS node_b, c.name AS node_c LIMIT 50'
00:49:43  WARNING   Received notification from DBMS server: <GqlStatusObject gql_status='01N51', status_description='warn: relationship type does not exist. The relationship type `REFERENCES` does not exist. Verify that the spelling is correct.', position=<SummaryInputPosition line=4, column=58, offset=259>, raw_classification='UNRECOGNIZED', classification=<NotificationClassification.UNRECOGNIZED: 'UNRECOGNIZED'>, raw_severity='WARNING', severity=<NotificationSeverity.WARNING: 'WARNING'>, diagnostic_record={'_classification': 'UNRECOGNIZED', '_severity': 'WARNING', '_position': {'offset': 259, 'line': 4, 'column': 58}, 'OPERATION': '', 'OPERATION_CODE': '0', 'CURRENT_SCHEMA': '/'}> for query: 'MATCH (a:Subreddit {name: $seed})\n                  -[:POSTED]->(:Post {post_label: -1})-[:REFERENCES]->(b:Subreddit)\n                  -[:POSTED]->(:Post {post_label: -1})-[:REFERENCES]->(c:Subreddit)\n                  -[:POSTED]->(:Post {post_label: -1})-[:REFERENCES]->(a)\n            WHERE id(b) < id(c)\n            RETURN a.name AS node_a, b.name AS node_b, c.name AS node_c LIMIT 50'
00:49:43  WARNING   Received notification from DBMS server: <GqlStatusObject gql_status='01N02', status_description='warn: feature deprecated without replacement. id is deprecated and will be removed without a replacement.', position=<SummaryInputPosition line=5, column=19, offset=294>, raw_classification='DEPRECATION', classification=<NotificationClassification.DEPRECATION: 'DEPRECATION'>, raw_severity='WARNING', severity=<NotificationSeverity.WARNING: 'WARNING'>, diagnostic_record={'_classification': 'DEPRECATION', '_severity': 'WARNING', '_position': {'offset': 294, 'line': 5, 'column': 19}, 'OPERATION': '', 'OPERATION_CODE': '0', 'CURRENT_SCHEMA': '/'}> for query: 'MATCH (a:Subreddit {name: $seed})\n                  -[:POSTED]->(:Post {post_label: -1})-[:REFERENCES]->(b:Subreddit)\n                  -[:POSTED]->(:Post {post_label: -1})-[:REFERENCES]->(c:Subreddit)\n                  -[:POSTED]->(:Post {post_label: -1})-[:REFERENCES]->(a)\n            WHERE id(b) < id(c)\n            RETURN a.name AS node_a, b.name AS node_b, c.name AS node_c LIMIT 50'
00:49:43  INFO          cold=839.4 ms  rows=0
00:49:43  INFO          profiling for db_hits (not timed)...
00:49:43  WARNING   Received notification from DBMS server: <GqlStatusObject gql_status='01N51', status_description='warn: relationship type does not exist. The relationship type `REFERENCES` does not exist. Verify that the spelling is correct.', position=<SummaryInputPosition line=3, column=58, offset=183>, raw_classification='UNRECOGNIZED', classification=<NotificationClassification.UNRECOGNIZED: 'UNRECOGNIZED'>, raw_severity='WARNING', severity=<NotificationSeverity.WARNING: 'WARNING'>, diagnostic_record={'_classification': 'UNRECOGNIZED', '_severity': 'WARNING', '_position': {'offset': 183, 'line': 3, 'column': 58}, 'OPERATION': '', 'OPERATION_CODE': '0', 'CURRENT_SCHEMA': '/'}> for query: 'PROFILE MATCH (a:Subreddit {name: $seed})\n                  -[:POSTED]->(:Post {post_label: -1})-[:REFERENCES]->(b:Subreddit)\n                  -[:POSTED]->(:Post {post_label: -1})-[:REFERENCES]->(c:Subreddit)\n                  -[:POSTED]->(:Post {post_label: -1})-[:REFERENCES]->(a)\n            WHERE id(b) < id(c)\n            RETURN a.name AS node_a, b.name AS node_b, c.name AS node_c LIMIT 50'
00:49:43  WARNING   Received notification from DBMS server: <GqlStatusObject gql_status='01N02', status_description='warn: feature deprecated without replacement. id is deprecated and will be removed without a replacement.', position=<SummaryInputPosition line=5, column=27, offset=310>, raw_classification='DEPRECATION', classification=<NotificationClassification.DEPRECATION: 'DEPRECATION'>, raw_severity='WARNING', severity=<NotificationSeverity.WARNING: 'WARNING'>, diagnostic_record={'_classification': 'DEPRECATION', '_severity': 'WARNING', '_position': {'offset': 310, 'line': 5, 'column': 27}, 'OPERATION': '', 'OPERATION_CODE': '0', 'CURRENT_SCHEMA': '/'}> for query: 'PROFILE MATCH (a:Subreddit {name: $seed})\n                  -[:POSTED]->(:Post {post_label: -1})-[:REFERENCES]->(b:Subreddit)\n                  -[:POSTED]->(:Post {post_label: -1})-[:REFERENCES]->(c:Subreddit)\n                  -[:POSTED]->(:Post {post_label: -1})-[:REFERENCES]->(a)\n            WHERE id(b) < id(c)\n            RETURN a.name AS node_a, b.name AS node_b, c.name AS node_c LIMIT 50'
00:49:43  WARNING   Received notification from DBMS server: <GqlStatusObject gql_status='01N51', status_description='warn: relationship type does not exist. The relationship type `REFERENCES` does not exist. Verify that the spelling is correct.', position=<SummaryInputPosition line=2, column=58, offset=99>, raw_classification='UNRECOGNIZED', classification=<NotificationClassification.UNRECOGNIZED: 'UNRECOGNIZED'>, raw_severity='WARNING', severity=<NotificationSeverity.WARNING: 'WARNING'>, diagnostic_record={'_classification': 'UNRECOGNIZED', '_severity': 'WARNING', '_position': {'offset': 99, 'line': 2, 'column': 58}, 'OPERATION': '', 'OPERATION_CODE': '0', 'CURRENT_SCHEMA': '/'}> for query: 'PROFILE MATCH (a:Subreddit {name: $seed})\n                  -[:POSTED]->(:Post {post_label: -1})-[:REFERENCES]->(b:Subreddit)\n                  -[:POSTED]->(:Post {post_label: -1})-[:REFERENCES]->(c:Subreddit)\n                  -[:POSTED]->(:Post {post_label: -1})-[:REFERENCES]->(a)\n            WHERE id(b) < id(c)\n            RETURN a.name AS node_a, b.name AS node_b, c.name AS node_c LIMIT 50'
00:49:43  WARNING   Received notification from DBMS server: <GqlStatusObject gql_status='01N51', status_description='warn: relationship type does not exist. The relationship type `REFERENCES` does not exist. Verify that the spelling is correct.', position=<SummaryInputPosition line=4, column=58, offset=267>, raw_classification='UNRECOGNIZED', classification=<NotificationClassification.UNRECOGNIZED: 'UNRECOGNIZED'>, raw_severity='WARNING', severity=<NotificationSeverity.WARNING: 'WARNING'>, diagnostic_record={'_classification': 'UNRECOGNIZED', '_severity': 'WARNING', '_position': {'offset': 267, 'line': 4, 'column': 58}, 'OPERATION': '', 'OPERATION_CODE': '0', 'CURRENT_SCHEMA': '/'}> for query: 'PROFILE MATCH (a:Subreddit {name: $seed})\n                  -[:POSTED]->(:Post {post_label: -1})-[:REFERENCES]->(b:Subreddit)\n                  -[:POSTED]->(:Post {post_label: -1})-[:REFERENCES]->(c:Subreddit)\n                  -[:POSTED]->(:Post {post_label: -1})-[:REFERENCES]->(a)\n            WHERE id(b) < id(c)\n            RETURN a.name AS node_a, b.name AS node_b, c.name AS node_c LIMIT 50'
00:49:43  WARNING   Received notification from DBMS server: <GqlStatusObject gql_status='01N02', status_description='warn: feature deprecated without replacement. id is deprecated and will be removed without a replacement.', position=<SummaryInputPosition line=5, column=19, offset=302>, raw_classification='DEPRECATION', classification=<NotificationClassification.DEPRECATION: 'DEPRECATION'>, raw_severity='WARNING', severity=<NotificationSeverity.WARNING: 'WARNING'>, diagnostic_record={'_classification': 'DEPRECATION', '_severity': 'WARNING', '_position': {'offset': 302, 'line': 5, 'column': 19}, 'OPERATION': '', 'OPERATION_CODE': '0', 'CURRENT_SCHEMA': '/'}> for query: 'PROFILE MATCH (a:Subreddit {name: $seed})\n                  -[:POSTED]->(:Post {post_label: -1})-[:REFERENCES]->(b:Subreddit)\n                  -[:POSTED]->(:Post {post_label: -1})-[:REFERENCES]->(c:Subreddit)\n                  -[:POSTED]->(:Post {post_label: -1})-[:REFERENCES]->(a)\n            WHERE id(b) < id(c)\n            RETURN a.name AS node_a, b.name AS node_b, c.name AS node_c LIMIT 50'
00:49:43  INFO          db_hits=0
00:49:43  WARNING   Received notification from DBMS server: <GqlStatusObject gql_status='01N51', status_description='warn: relationship type does not exist. The relationship type `REFERENCES` does not exist. Verify that the spelling is correct.', position=<SummaryInputPosition line=3, column=58, offset=175>, raw_classification='UNRECOGNIZED', classification=<NotificationClassification.UNRECOGNIZED: 'UNRECOGNIZED'>, raw_severity='WARNING', severity=<NotificationSeverity.WARNING: 'WARNING'>, diagnostic_record={'_classification': 'UNRECOGNIZED', '_severity': 'WARNING', '_position': {'offset': 175, 'line': 3, 'column': 58}, 'OPERATION': '', 'OPERATION_CODE': '0', 'CURRENT_SCHEMA': '/'}> for query: 'MATCH (a:Subreddit {name: $seed})\n                  -[:POSTED]->(:Post {post_label: -1})-[:REFERENCES]->(b:Subreddit)\n                  -[:POSTED]->(:Post {post_label: -1})-[:REFERENCES]->(c:Subreddit)\n                  -[:POSTED]->(:Post {post_label: -1})-[:REFERENCES]->(a)\n            WHERE id(b) < id(c)\n            RETURN a.name AS node_a, b.name AS node_b, c.name AS node_c LIMIT 50'
00:49:43  WARNING   Received notification from DBMS server: <GqlStatusObject gql_status='01N02', status_description='warn: feature deprecated without replacement. id is deprecated and will be removed without a replacement.', position=<SummaryInputPosition line=5, column=27, offset=302>, raw_classification='DEPRECATION', classification=<NotificationClassification.DEPRECATION: 'DEPRECATION'>, raw_severity='WARNING', severity=<NotificationSeverity.WARNING: 'WARNING'>, diagnostic_record={'_classification': 'DEPRECATION', '_severity': 'WARNING', '_position': {'offset': 302, 'line': 5, 'column': 27}, 'OPERATION': '', 'OPERATION_CODE': '0', 'CURRENT_SCHEMA': '/'}> for query: 'MATCH (a:Subreddit {name: $seed})\n                  -[:POSTED]->(:Post {post_label: -1})-[:REFERENCES]->(b:Subreddit)\n                  -[:POSTED]->(:Post {post_label: -1})-[:REFERENCES]->(c:Subreddit)\n                  -[:POSTED]->(:Post {post_label: -1})-[:REFERENCES]->(a)\n            WHERE id(b) < id(c)\n            RETURN a.name AS node_a, b.name AS node_b, c.name AS node_c LIMIT 50'
00:49:43  WARNING   Received notification from DBMS server: <GqlStatusObject gql_status='01N51', status_description='warn: relationship type does not exist. The relationship type `REFERENCES` does not exist. Verify that the spelling is correct.', position=<SummaryInputPosition line=2, column=58, offset=91>, raw_classification='UNRECOGNIZED', classification=<NotificationClassification.UNRECOGNIZED: 'UNRECOGNIZED'>, raw_severity='WARNING', severity=<NotificationSeverity.WARNING: 'WARNING'>, diagnostic_record={'_classification': 'UNRECOGNIZED', '_severity': 'WARNING', '_position': {'offset': 91, 'line': 2, 'column': 58}, 'OPERATION': '', 'OPERATION_CODE': '0', 'CURRENT_SCHEMA': '/'}> for query: 'MATCH (a:Subreddit {name: $seed})\n                  -[:POSTED]->(:Post {post_label: -1})-[:REFERENCES]->(b:Subreddit)\n                  -[:POSTED]->(:Post {post_label: -1})-[:REFERENCES]->(c:Subreddit)\n                  -[:POSTED]->(:Post {post_label: -1})-[:REFERENCES]->(a)\n            WHERE id(b) < id(c)\n            RETURN a.name AS node_a, b.name AS node_b, c.name AS node_c LIMIT 50'
00:49:43  WARNING   Received notification from DBMS server: <GqlStatusObject gql_status='01N51', status_description='warn: relationship type does not exist. The relationship type `REFERENCES` does not exist. Verify that the spelling is correct.', position=<SummaryInputPosition line=4, column=58, offset=259>, raw_classification='UNRECOGNIZED', classification=<NotificationClassification.UNRECOGNIZED: 'UNRECOGNIZED'>, raw_severity='WARNING', severity=<NotificationSeverity.WARNING: 'WARNING'>, diagnostic_record={'_classification': 'UNRECOGNIZED', '_severity': 'WARNING', '_position': {'offset': 259, 'line': 4, 'column': 58}, 'OPERATION': '', 'OPERATION_CODE': '0', 'CURRENT_SCHEMA': '/'}> for query: 'MATCH (a:Subreddit {name: $seed})\n                  -[:POSTED]->(:Post {post_label: -1})-[:REFERENCES]->(b:Subreddit)\n                  -[:POSTED]->(:Post {post_label: -1})-[:REFERENCES]->(c:Subreddit)\n                  -[:POSTED]->(:Post {post_label: -1})-[:REFERENCES]->(a)\n            WHERE id(b) < id(c)\n            RETURN a.name AS node_a, b.name AS node_b, c.name AS node_c LIMIT 50'
00:49:43  WARNING   Received notification from DBMS server: <GqlStatusObject gql_status='01N02', status_description='warn: feature deprecated without replacement. id is deprecated and will be removed without a replacement.', position=<SummaryInputPosition line=5, column=19, offset=294>, raw_classification='DEPRECATION', classification=<NotificationClassification.DEPRECATION: 'DEPRECATION'>, raw_severity='WARNING', severity=<NotificationSeverity.WARNING: 'WARNING'>, diagnostic_record={'_classification': 'DEPRECATION', '_severity': 'WARNING', '_position': {'offset': 294, 'line': 5, 'column': 19}, 'OPERATION': '', 'OPERATION_CODE': '0', 'CURRENT_SCHEMA': '/'}> for query: 'MATCH (a:Subreddit {name: $seed})\n                  -[:POSTED]->(:Post {post_label: -1})-[:REFERENCES]->(b:Subreddit)\n                  -[:POSTED]->(:Post {post_label: -1})-[:REFERENCES]->(c:Subreddit)\n                  -[:POSTED]->(:Post {post_label: -1})-[:REFERENCES]->(a)\n            WHERE id(b) < id(c)\n            RETURN a.name AS node_a, b.name AS node_b, c.name AS node_c LIMIT 50'
00:49:43  INFO          warm 1/5: consumed=0.0 ms  available=1.0 ms
00:49:43  WARNING   Received notification from DBMS server: <GqlStatusObject gql_status='01N51', status_description='warn: relationship type does not exist. The relationship type `REFERENCES` does not exist. Verify that the spelling is correct.', position=<SummaryInputPosition line=3, column=58, offset=175>, raw_classification='UNRECOGNIZED', classification=<NotificationClassification.UNRECOGNIZED: 'UNRECOGNIZED'>, raw_severity='WARNING', severity=<NotificationSeverity.WARNING: 'WARNING'>, diagnostic_record={'_classification': 'UNRECOGNIZED', '_severity': 'WARNING', '_position': {'offset': 175, 'line': 3, 'column': 58}, 'OPERATION': '', 'OPERATION_CODE': '0', 'CURRENT_SCHEMA': '/'}> for query: 'MATCH (a:Subreddit {name: $seed})\n                  -[:POSTED]->(:Post {post_label: -1})-[:REFERENCES]->(b:Subreddit)\n                  -[:POSTED]->(:Post {post_label: -1})-[:REFERENCES]->(c:Subreddit)\n                  -[:POSTED]->(:Post {post_label: -1})-[:REFERENCES]->(a)\n            WHERE id(b) < id(c)\n            RETURN a.name AS node_a, b.name AS node_b, c.name AS node_c LIMIT 50'
00:49:43  WARNING   Received notification from DBMS server: <GqlStatusObject gql_status='01N02', status_description='warn: feature deprecated without replacement. id is deprecated and will be removed without a replacement.', position=<SummaryInputPosition line=5, column=27, offset=302>, raw_classification='DEPRECATION', classification=<NotificationClassification.DEPRECATION: 'DEPRECATION'>, raw_severity='WARNING', severity=<NotificationSeverity.WARNING: 'WARNING'>, diagnostic_record={'_classification': 'DEPRECATION', '_severity': 'WARNING', '_position': {'offset': 302, 'line': 5, 'column': 27}, 'OPERATION': '', 'OPERATION_CODE': '0', 'CURRENT_SCHEMA': '/'}> for query: 'MATCH (a:Subreddit {name: $seed})\n                  -[:POSTED]->(:Post {post_label: -1})-[:REFERENCES]->(b:Subreddit)\n                  -[:POSTED]->(:Post {post_label: -1})-[:REFERENCES]->(c:Subreddit)\n                  -[:POSTED]->(:Post {post_label: -1})-[:REFERENCES]->(a)\n            WHERE id(b) < id(c)\n            RETURN a.name AS node_a, b.name AS node_b, c.name AS node_c LIMIT 50'
00:49:43  WARNING   Received notification from DBMS server: <GqlStatusObject gql_status='01N51', status_description='warn: relationship type does not exist. The relationship type `REFERENCES` does not exist. Verify that the spelling is correct.', position=<SummaryInputPosition line=2, column=58, offset=91>, raw_classification='UNRECOGNIZED', classification=<NotificationClassification.UNRECOGNIZED: 'UNRECOGNIZED'>, raw_severity='WARNING', severity=<NotificationSeverity.WARNING: 'WARNING'>, diagnostic_record={'_classification': 'UNRECOGNIZED', '_severity': 'WARNING', '_position': {'offset': 91, 'line': 2, 'column': 58}, 'OPERATION': '', 'OPERATION_CODE': '0', 'CURRENT_SCHEMA': '/'}> for query: 'MATCH (a:Subreddit {name: $seed})\n                  -[:POSTED]->(:Post {post_label: -1})-[:REFERENCES]->(b:Subreddit)\n                  -[:POSTED]->(:Post {post_label: -1})-[:REFERENCES]->(c:Subreddit)\n                  -[:POSTED]->(:Post {post_label: -1})-[:REFERENCES]->(a)\n            WHERE id(b) < id(c)\n            RETURN a.name AS node_a, b.name AS node_b, c.name AS node_c LIMIT 50'
00:49:43  WARNING   Received notification from DBMS server: <GqlStatusObject gql_status='01N51', status_description='warn: relationship type does not exist. The relationship type `REFERENCES` does not exist. Verify that the spelling is correct.', position=<SummaryInputPosition line=4, column=58, offset=259>, raw_classification='UNRECOGNIZED', classification=<NotificationClassification.UNRECOGNIZED: 'UNRECOGNIZED'>, raw_severity='WARNING', severity=<NotificationSeverity.WARNING: 'WARNING'>, diagnostic_record={'_classification': 'UNRECOGNIZED', '_severity': 'WARNING', '_position': {'offset': 259, 'line': 4, 'column': 58}, 'OPERATION': '', 'OPERATION_CODE': '0', 'CURRENT_SCHEMA': '/'}> for query: 'MATCH (a:Subreddit {name: $seed})\n                  -[:POSTED]->(:Post {post_label: -1})-[:REFERENCES]->(b:Subreddit)\n                  -[:POSTED]->(:Post {post_label: -1})-[:REFERENCES]->(c:Subreddit)\n                  -[:POSTED]->(:Post {post_label: -1})-[:REFERENCES]->(a)\n            WHERE id(b) < id(c)\n            RETURN a.name AS node_a, b.name AS node_b, c.name AS node_c LIMIT 50'
00:49:43  WARNING   Received notification from DBMS server: <GqlStatusObject gql_status='01N02', status_description='warn: feature deprecated without replacement. id is deprecated and will be removed without a replacement.', position=<SummaryInputPosition line=5, column=19, offset=294>, raw_classification='DEPRECATION', classification=<NotificationClassification.DEPRECATION: 'DEPRECATION'>, raw_severity='WARNING', severity=<NotificationSeverity.WARNING: 'WARNING'>, diagnostic_record={'_classification': 'DEPRECATION', '_severity': 'WARNING', '_position': {'offset': 294, 'line': 5, 'column': 19}, 'OPERATION': '', 'OPERATION_CODE': '0', 'CURRENT_SCHEMA': '/'}> for query: 'MATCH (a:Subreddit {name: $seed})\n                  -[:POSTED]->(:Post {post_label: -1})-[:REFERENCES]->(b:Subreddit)\n                  -[:POSTED]->(:Post {post_label: -1})-[:REFERENCES]->(c:Subreddit)\n                  -[:POSTED]->(:Post {post_label: -1})-[:REFERENCES]->(a)\n            WHERE id(b) < id(c)\n            RETURN a.name AS node_a, b.name AS node_b, c.name AS node_c LIMIT 50'
00:49:43  INFO          warm 2/5: consumed=1.0 ms  available=1.0 ms
00:49:43  WARNING   Received notification from DBMS server: <GqlStatusObject gql_status='01N51', status_description='warn: relationship type does not exist. The relationship type `REFERENCES` does not exist. Verify that the spelling is correct.', position=<SummaryInputPosition line=3, column=58, offset=175>, raw_classification='UNRECOGNIZED', classification=<NotificationClassification.UNRECOGNIZED: 'UNRECOGNIZED'>, raw_severity='WARNING', severity=<NotificationSeverity.WARNING: 'WARNING'>, diagnostic_record={'_classification': 'UNRECOGNIZED', '_severity': 'WARNING', '_position': {'offset': 175, 'line': 3, 'column': 58}, 'OPERATION': '', 'OPERATION_CODE': '0', 'CURRENT_SCHEMA': '/'}> for query: 'MATCH (a:Subreddit {name: $seed})\n                  -[:POSTED]->(:Post {post_label: -1})-[:REFERENCES]->(b:Subreddit)\n                  -[:POSTED]->(:Post {post_label: -1})-[:REFERENCES]->(c:Subreddit)\n                  -[:POSTED]->(:Post {post_label: -1})-[:REFERENCES]->(a)\n            WHERE id(b) < id(c)\n            RETURN a.name AS node_a, b.name AS node_b, c.name AS node_c LIMIT 50'
00:49:43  WARNING   Received notification from DBMS server: <GqlStatusObject gql_status='01N02', status_description='warn: feature deprecated without replacement. id is deprecated and will be removed without a replacement.', position=<SummaryInputPosition line=5, column=27, offset=302>, raw_classification='DEPRECATION', classification=<NotificationClassification.DEPRECATION: 'DEPRECATION'>, raw_severity='WARNING', severity=<NotificationSeverity.WARNING: 'WARNING'>, diagnostic_record={'_classification': 'DEPRECATION', '_severity': 'WARNING', '_position': {'offset': 302, 'line': 5, 'column': 27}, 'OPERATION': '', 'OPERATION_CODE': '0', 'CURRENT_SCHEMA': '/'}> for query: 'MATCH (a:Subreddit {name: $seed})\n                  -[:POSTED]->(:Post {post_label: -1})-[:REFERENCES]->(b:Subreddit)\n                  -[:POSTED]->(:Post {post_label: -1})-[:REFERENCES]->(c:Subreddit)\n                  -[:POSTED]->(:Post {post_label: -1})-[:REFERENCES]->(a)\n            WHERE id(b) < id(c)\n            RETURN a.name AS node_a, b.name AS node_b, c.name AS node_c LIMIT 50'
00:49:43  WARNING   Received notification from DBMS server: <GqlStatusObject gql_status='01N51', status_description='warn: relationship type does not exist. The relationship type `REFERENCES` does not exist. Verify that the spelling is correct.', position=<SummaryInputPosition line=2, column=58, offset=91>, raw_classification='UNRECOGNIZED', classification=<NotificationClassification.UNRECOGNIZED: 'UNRECOGNIZED'>, raw_severity='WARNING', severity=<NotificationSeverity.WARNING: 'WARNING'>, diagnostic_record={'_classification': 'UNRECOGNIZED', '_severity': 'WARNING', '_position': {'offset': 91, 'line': 2, 'column': 58}, 'OPERATION': '', 'OPERATION_CODE': '0', 'CURRENT_SCHEMA': '/'}> for query: 'MATCH (a:Subreddit {name: $seed})\n                  -[:POSTED]->(:Post {post_label: -1})-[:REFERENCES]->(b:Subreddit)\n                  -[:POSTED]->(:Post {post_label: -1})-[:REFERENCES]->(c:Subreddit)\n                  -[:POSTED]->(:Post {post_label: -1})-[:REFERENCES]->(a)\n            WHERE id(b) < id(c)\n            RETURN a.name AS node_a, b.name AS node_b, c.name AS node_c LIMIT 50'
00:49:43  WARNING   Received notification from DBMS server: <GqlStatusObject gql_status='01N51', status_description='warn: relationship type does not exist. The relationship type `REFERENCES` does not exist. Verify that the spelling is correct.', position=<SummaryInputPosition line=4, column=58, offset=259>, raw_classification='UNRECOGNIZED', classification=<NotificationClassification.UNRECOGNIZED: 'UNRECOGNIZED'>, raw_severity='WARNING', severity=<NotificationSeverity.WARNING: 'WARNING'>, diagnostic_record={'_classification': 'UNRECOGNIZED', '_severity': 'WARNING', '_position': {'offset': 259, 'line': 4, 'column': 58}, 'OPERATION': '', 'OPERATION_CODE': '0', 'CURRENT_SCHEMA': '/'}> for query: 'MATCH (a:Subreddit {name: $seed})\n                  -[:POSTED]->(:Post {post_label: -1})-[:REFERENCES]->(b:Subreddit)\n                  -[:POSTED]->(:Post {post_label: -1})-[:REFERENCES]->(c:Subreddit)\n                  -[:POSTED]->(:Post {post_label: -1})-[:REFERENCES]->(a)\n            WHERE id(b) < id(c)\n            RETURN a.name AS node_a, b.name AS node_b, c.name AS node_c LIMIT 50'
00:49:43  WARNING   Received notification from DBMS server: <GqlStatusObject gql_status='01N02', status_description='warn: feature deprecated without replacement. id is deprecated and will be removed without a replacement.', position=<SummaryInputPosition line=5, column=19, offset=294>, raw_classification='DEPRECATION', classification=<NotificationClassification.DEPRECATION: 'DEPRECATION'>, raw_severity='WARNING', severity=<NotificationSeverity.WARNING: 'WARNING'>, diagnostic_record={'_classification': 'DEPRECATION', '_severity': 'WARNING', '_position': {'offset': 294, 'line': 5, 'column': 19}, 'OPERATION': '', 'OPERATION_CODE': '0', 'CURRENT_SCHEMA': '/'}> for query: 'MATCH (a:Subreddit {name: $seed})\n                  -[:POSTED]->(:Post {post_label: -1})-[:REFERENCES]->(b:Subreddit)\n                  -[:POSTED]->(:Post {post_label: -1})-[:REFERENCES]->(c:Subreddit)\n                  -[:POSTED]->(:Post {post_label: -1})-[:REFERENCES]->(a)\n            WHERE id(b) < id(c)\n            RETURN a.name AS node_a, b.name AS node_b, c.name AS node_c LIMIT 50'
00:49:43  INFO          warm 3/5: consumed=0.0 ms  available=1.0 ms
00:49:43  WARNING   Received notification from DBMS server: <GqlStatusObject gql_status='01N51', status_description='warn: relationship type does not exist. The relationship type `REFERENCES` does not exist. Verify that the spelling is correct.', position=<SummaryInputPosition line=3, column=58, offset=175>, raw_classification='UNRECOGNIZED', classification=<NotificationClassification.UNRECOGNIZED: 'UNRECOGNIZED'>, raw_severity='WARNING', severity=<NotificationSeverity.WARNING: 'WARNING'>, diagnostic_record={'_classification': 'UNRECOGNIZED', '_severity': 'WARNING', '_position': {'offset': 175, 'line': 3, 'column': 58}, 'OPERATION': '', 'OPERATION_CODE': '0', 'CURRENT_SCHEMA': '/'}> for query: 'MATCH (a:Subreddit {name: $seed})\n                  -[:POSTED]->(:Post {post_label: -1})-[:REFERENCES]->(b:Subreddit)\n                  -[:POSTED]->(:Post {post_label: -1})-[:REFERENCES]->(c:Subreddit)\n                  -[:POSTED]->(:Post {post_label: -1})-[:REFERENCES]->(a)\n            WHERE id(b) < id(c)\n            RETURN a.name AS node_a, b.name AS node_b, c.name AS node_c LIMIT 50'
00:49:43  WARNING   Received notification from DBMS server: <GqlStatusObject gql_status='01N02', status_description='warn: feature deprecated without replacement. id is deprecated and will be removed without a replacement.', position=<SummaryInputPosition line=5, column=27, offset=302>, raw_classification='DEPRECATION', classification=<NotificationClassification.DEPRECATION: 'DEPRECATION'>, raw_severity='WARNING', severity=<NotificationSeverity.WARNING: 'WARNING'>, diagnostic_record={'_classification': 'DEPRECATION', '_severity': 'WARNING', '_position': {'offset': 302, 'line': 5, 'column': 27}, 'OPERATION': '', 'OPERATION_CODE': '0', 'CURRENT_SCHEMA': '/'}> for query: 'MATCH (a:Subreddit {name: $seed})\n                  -[:POSTED]->(:Post {post_label: -1})-[:REFERENCES]->(b:Subreddit)\n                  -[:POSTED]->(:Post {post_label: -1})-[:REFERENCES]->(c:Subreddit)\n                  -[:POSTED]->(:Post {post_label: -1})-[:REFERENCES]->(a)\n            WHERE id(b) < id(c)\n            RETURN a.name AS node_a, b.name AS node_b, c.name AS node_c LIMIT 50'
00:49:43  WARNING   Received notification from DBMS server: <GqlStatusObject gql_status='01N51', status_description='warn: relationship type does not exist. The relationship type `REFERENCES` does not exist. Verify that the spelling is correct.', position=<SummaryInputPosition line=2, column=58, offset=91>, raw_classification='UNRECOGNIZED', classification=<NotificationClassification.UNRECOGNIZED: 'UNRECOGNIZED'>, raw_severity='WARNING', severity=<NotificationSeverity.WARNING: 'WARNING'>, diagnostic_record={'_classification': 'UNRECOGNIZED', '_severity': 'WARNING', '_position': {'offset': 91, 'line': 2, 'column': 58}, 'OPERATION': '', 'OPERATION_CODE': '0', 'CURRENT_SCHEMA': '/'}> for query: 'MATCH (a:Subreddit {name: $seed})\n                  -[:POSTED]->(:Post {post_label: -1})-[:REFERENCES]->(b:Subreddit)\n                  -[:POSTED]->(:Post {post_label: -1})-[:REFERENCES]->(c:Subreddit)\n                  -[:POSTED]->(:Post {post_label: -1})-[:REFERENCES]->(a)\n            WHERE id(b) < id(c)\n            RETURN a.name AS node_a, b.name AS node_b, c.name AS node_c LIMIT 50'
00:49:43  WARNING   Received notification from DBMS server: <GqlStatusObject gql_status='01N51', status_description='warn: relationship type does not exist. The relationship type `REFERENCES` does not exist. Verify that the spelling is correct.', position=<SummaryInputPosition line=4, column=58, offset=259>, raw_classification='UNRECOGNIZED', classification=<NotificationClassification.UNRECOGNIZED: 'UNRECOGNIZED'>, raw_severity='WARNING', severity=<NotificationSeverity.WARNING: 'WARNING'>, diagnostic_record={'_classification': 'UNRECOGNIZED', '_severity': 'WARNING', '_position': {'offset': 259, 'line': 4, 'column': 58}, 'OPERATION': '', 'OPERATION_CODE': '0', 'CURRENT_SCHEMA': '/'}> for query: 'MATCH (a:Subreddit {name: $seed})\n                  -[:POSTED]->(:Post {post_label: -1})-[:REFERENCES]->(b:Subreddit)\n                  -[:POSTED]->(:Post {post_label: -1})-[:REFERENCES]->(c:Subreddit)\n                  -[:POSTED]->(:Post {post_label: -1})-[:REFERENCES]->(a)\n            WHERE id(b) < id(c)\n            RETURN a.name AS node_a, b.name AS node_b, c.name AS node_c LIMIT 50'
00:49:43  WARNING   Received notification from DBMS server: <GqlStatusObject gql_status='01N02', status_description='warn: feature deprecated without replacement. id is deprecated and will be removed without a replacement.', position=<SummaryInputPosition line=5, column=19, offset=294>, raw_classification='DEPRECATION', classification=<NotificationClassification.DEPRECATION: 'DEPRECATION'>, raw_severity='WARNING', severity=<NotificationSeverity.WARNING: 'WARNING'>, diagnostic_record={'_classification': 'DEPRECATION', '_severity': 'WARNING', '_position': {'offset': 294, 'line': 5, 'column': 19}, 'OPERATION': '', 'OPERATION_CODE': '0', 'CURRENT_SCHEMA': '/'}> for query: 'MATCH (a:Subreddit {name: $seed})\n                  -[:POSTED]->(:Post {post_label: -1})-[:REFERENCES]->(b:Subreddit)\n                  -[:POSTED]->(:Post {post_label: -1})-[:REFERENCES]->(c:Subreddit)\n                  -[:POSTED]->(:Post {post_label: -1})-[:REFERENCES]->(a)\n            WHERE id(b) < id(c)\n            RETURN a.name AS node_a, b.name AS node_b, c.name AS node_c LIMIT 50'
00:49:43  INFO          warm 4/5: consumed=0.0 ms  available=1.0 ms
00:49:43  WARNING   Received notification from DBMS server: <GqlStatusObject gql_status='01N51', status_description='warn: relationship type does not exist. The relationship type `REFERENCES` does not exist. Verify that the spelling is correct.', position=<SummaryInputPosition line=3, column=58, offset=175>, raw_classification='UNRECOGNIZED', classification=<NotificationClassification.UNRECOGNIZED: 'UNRECOGNIZED'>, raw_severity='WARNING', severity=<NotificationSeverity.WARNING: 'WARNING'>, diagnostic_record={'_classification': 'UNRECOGNIZED', '_severity': 'WARNING', '_position': {'offset': 175, 'line': 3, 'column': 58}, 'OPERATION': '', 'OPERATION_CODE': '0', 'CURRENT_SCHEMA': '/'}> for query: 'MATCH (a:Subreddit {name: $seed})\n                  -[:POSTED]->(:Post {post_label: -1})-[:REFERENCES]->(b:Subreddit)\n                  -[:POSTED]->(:Post {post_label: -1})-[:REFERENCES]->(c:Subreddit)\n                  -[:POSTED]->(:Post {post_label: -1})-[:REFERENCES]->(a)\n            WHERE id(b) < id(c)\n            RETURN a.name AS node_a, b.name AS node_b, c.name AS node_c LIMIT 50'
00:49:43  WARNING   Received notification from DBMS server: <GqlStatusObject gql_status='01N02', status_description='warn: feature deprecated without replacement. id is deprecated and will be removed without a replacement.', position=<SummaryInputPosition line=5, column=27, offset=302>, raw_classification='DEPRECATION', classification=<NotificationClassification.DEPRECATION: 'DEPRECATION'>, raw_severity='WARNING', severity=<NotificationSeverity.WARNING: 'WARNING'>, diagnostic_record={'_classification': 'DEPRECATION', '_severity': 'WARNING', '_position': {'offset': 302, 'line': 5, 'column': 27}, 'OPERATION': '', 'OPERATION_CODE': '0', 'CURRENT_SCHEMA': '/'}> for query: 'MATCH (a:Subreddit {name: $seed})\n                  -[:POSTED]->(:Post {post_label: -1})-[:REFERENCES]->(b:Subreddit)\n                  -[:POSTED]->(:Post {post_label: -1})-[:REFERENCES]->(c:Subreddit)\n                  -[:POSTED]->(:Post {post_label: -1})-[:REFERENCES]->(a)\n            WHERE id(b) < id(c)\n            RETURN a.name AS node_a, b.name AS node_b, c.name AS node_c LIMIT 50'
00:49:43  WARNING   Received notification from DBMS server: <GqlStatusObject gql_status='01N51', status_description='warn: relationship type does not exist. The relationship type `REFERENCES` does not exist. Verify that the spelling is correct.', position=<SummaryInputPosition line=2, column=58, offset=91>, raw_classification='UNRECOGNIZED', classification=<NotificationClassification.UNRECOGNIZED: 'UNRECOGNIZED'>, raw_severity='WARNING', severity=<NotificationSeverity.WARNING: 'WARNING'>, diagnostic_record={'_classification': 'UNRECOGNIZED', '_severity': 'WARNING', '_position': {'offset': 91, 'line': 2, 'column': 58}, 'OPERATION': '', 'OPERATION_CODE': '0', 'CURRENT_SCHEMA': '/'}> for query: 'MATCH (a:Subreddit {name: $seed})\n                  -[:POSTED]->(:Post {post_label: -1})-[:REFERENCES]->(b:Subreddit)\n                  -[:POSTED]->(:Post {post_label: -1})-[:REFERENCES]->(c:Subreddit)\n                  -[:POSTED]->(:Post {post_label: -1})-[:REFERENCES]->(a)\n            WHERE id(b) < id(c)\n            RETURN a.name AS node_a, b.name AS node_b, c.name AS node_c LIMIT 50'
00:49:43  WARNING   Received notification from DBMS server: <GqlStatusObject gql_status='01N51', status_description='warn: relationship type does not exist. The relationship type `REFERENCES` does not exist. Verify that the spelling is correct.', position=<SummaryInputPosition line=4, column=58, offset=259>, raw_classification='UNRECOGNIZED', classification=<NotificationClassification.UNRECOGNIZED: 'UNRECOGNIZED'>, raw_severity='WARNING', severity=<NotificationSeverity.WARNING: 'WARNING'>, diagnostic_record={'_classification': 'UNRECOGNIZED', '_severity': 'WARNING', '_position': {'offset': 259, 'line': 4, 'column': 58}, 'OPERATION': '', 'OPERATION_CODE': '0', 'CURRENT_SCHEMA': '/'}> for query: 'MATCH (a:Subreddit {name: $seed})\n                  -[:POSTED]->(:Post {post_label: -1})-[:REFERENCES]->(b:Subreddit)\n                  -[:POSTED]->(:Post {post_label: -1})-[:REFERENCES]->(c:Subreddit)\n                  -[:POSTED]->(:Post {post_label: -1})-[:REFERENCES]->(a)\n            WHERE id(b) < id(c)\n            RETURN a.name AS node_a, b.name AS node_b, c.name AS node_c LIMIT 50'
00:49:43  WARNING   Received notification from DBMS server: <GqlStatusObject gql_status='01N02', status_description='warn: feature deprecated without replacement. id is deprecated and will be removed without a replacement.', position=<SummaryInputPosition line=5, column=19, offset=294>, raw_classification='DEPRECATION', classification=<NotificationClassification.DEPRECATION: 'DEPRECATION'>, raw_severity='WARNING', severity=<NotificationSeverity.WARNING: 'WARNING'>, diagnostic_record={'_classification': 'DEPRECATION', '_severity': 'WARNING', '_position': {'offset': 294, 'line': 5, 'column': 19}, 'OPERATION': '', 'OPERATION_CODE': '0', 'CURRENT_SCHEMA': '/'}> for query: 'MATCH (a:Subreddit {name: $seed})\n                  -[:POSTED]->(:Post {post_label: -1})-[:REFERENCES]->(b:Subreddit)\n                  -[:POSTED]->(:Post {post_label: -1})-[:REFERENCES]->(c:Subreddit)\n                  -[:POSTED]->(:Post {post_label: -1})-[:REFERENCES]->(a)\n            WHERE id(b) < id(c)\n            RETURN a.name AS node_a, b.name AS node_b, c.name AS node_c LIMIT 50'
00:49:43  INFO          warm 5/5: consumed=0.0 ms  available=1.0 ms
00:49:43  INFO      Running T5-B: Bounded BFS depth 3 from seed_bfs
00:49:43  INFO        [Neo4j] T5-B cold run...
00:49:43  WARNING   Received notification from DBMS server: <GqlStatusObject gql_status='01N51', status_description='warn: relationship type does not exist. The relationship type `REFERENCES` does not exist. Verify that the spelling is correct.', position=<SummaryInputPosition line=1, column=54, offset=53>, raw_classification='UNRECOGNIZED', classification=<NotificationClassification.UNRECOGNIZED: 'UNRECOGNIZED'>, raw_severity='WARNING', severity=<NotificationSeverity.WARNING: 'WARNING'>, diagnostic_record={'_classification': 'UNRECOGNIZED', '_severity': 'WARNING', '_position': {'offset': 53, 'line': 1, 'column': 54}, 'OPERATION': '', 'OPERATION_CODE': '0', 'CURRENT_SCHEMA': '/'}> for query: 'MATCH p = (src:Subreddit {name: $seed_bfs})-[:POSTED|REFERENCES*2..6]->(tgt:Subreddit)\n            WHERE src <> tgt\n            WITH tgt, min(length(p) / 2) AS min_hops\n            RETURN tgt.name AS reachable, min_hops ORDER BY min_hops, tgt.name LIMIT 500'
00:49:43  INFO          cold=206.8 ms  rows=0
00:49:43  INFO          profiling for db_hits (not timed)...
00:49:44  WARNING   Received notification from DBMS server: <GqlStatusObject gql_status='01N51', status_description='warn: relationship type does not exist. The relationship type `REFERENCES` does not exist. Verify that the spelling is correct.', position=<SummaryInputPosition line=1, column=62, offset=61>, raw_classification='UNRECOGNIZED', classification=<NotificationClassification.UNRECOGNIZED: 'UNRECOGNIZED'>, raw_severity='WARNING', severity=<NotificationSeverity.WARNING: 'WARNING'>, diagnostic_record={'_classification': 'UNRECOGNIZED', '_severity': 'WARNING', '_position': {'offset': 61, 'line': 1, 'column': 62}, 'OPERATION': '', 'OPERATION_CODE': '0', 'CURRENT_SCHEMA': '/'}> for query: 'PROFILE MATCH p = (src:Subreddit {name: $seed_bfs})-[:POSTED|REFERENCES*2..6]->(tgt:Subreddit)\n            WHERE src <> tgt\n            WITH tgt, min(length(p) / 2) AS min_hops\n            RETURN tgt.name AS reachable, min_hops ORDER BY min_hops, tgt.name LIMIT 500'
00:49:44  INFO          db_hits=0
00:49:44  WARNING   Received notification from DBMS server: <GqlStatusObject gql_status='01N51', status_description='warn: relationship type does not exist. The relationship type `REFERENCES` does not exist. Verify that the spelling is correct.', position=<SummaryInputPosition line=1, column=54, offset=53>, raw_classification='UNRECOGNIZED', classification=<NotificationClassification.UNRECOGNIZED: 'UNRECOGNIZED'>, raw_severity='WARNING', severity=<NotificationSeverity.WARNING: 'WARNING'>, diagnostic_record={'_classification': 'UNRECOGNIZED', '_severity': 'WARNING', '_position': {'offset': 53, 'line': 1, 'column': 54}, 'OPERATION': '', 'OPERATION_CODE': '0', 'CURRENT_SCHEMA': '/'}> for query: 'MATCH p = (src:Subreddit {name: $seed_bfs})-[:POSTED|REFERENCES*2..6]->(tgt:Subreddit)\n            WHERE src <> tgt\n            WITH tgt, min(length(p) / 2) AS min_hops\n            RETURN tgt.name AS reachable, min_hops ORDER BY min_hops, tgt.name LIMIT 500'
00:49:44  INFO          warm 1/5: consumed=50.0 ms  available=1.0 ms
00:49:44  WARNING   Received notification from DBMS server: <GqlStatusObject gql_status='01N51', status_description='warn: relationship type does not exist. The relationship type `REFERENCES` does not exist. Verify that the spelling is correct.', position=<SummaryInputPosition line=1, column=54, offset=53>, raw_classification='UNRECOGNIZED', classification=<NotificationClassification.UNRECOGNIZED: 'UNRECOGNIZED'>, raw_severity='WARNING', severity=<NotificationSeverity.WARNING: 'WARNING'>, diagnostic_record={'_classification': 'UNRECOGNIZED', '_severity': 'WARNING', '_position': {'offset': 53, 'line': 1, 'column': 54}, 'OPERATION': '', 'OPERATION_CODE': '0', 'CURRENT_SCHEMA': '/'}> for query: 'MATCH p = (src:Subreddit {name: $seed_bfs})-[:POSTED|REFERENCES*2..6]->(tgt:Subreddit)\n            WHERE src <> tgt\n            WITH tgt, min(length(p) / 2) AS min_hops\n            RETURN tgt.name AS reachable, min_hops ORDER BY min_hops, tgt.name LIMIT 500'
00:49:44  INFO          warm 2/5: consumed=42.0 ms  available=1.0 ms
00:49:44  WARNING   Received notification from DBMS server: <GqlStatusObject gql_status='01N51', status_description='warn: relationship type does not exist. The relationship type `REFERENCES` does not exist. Verify that the spelling is correct.', position=<SummaryInputPosition line=1, column=54, offset=53>, raw_classification='UNRECOGNIZED', classification=<NotificationClassification.UNRECOGNIZED: 'UNRECOGNIZED'>, raw_severity='WARNING', severity=<NotificationSeverity.WARNING: 'WARNING'>, diagnostic_record={'_classification': 'UNRECOGNIZED', '_severity': 'WARNING', '_position': {'offset': 53, 'line': 1, 'column': 54}, 'OPERATION': '', 'OPERATION_CODE': '0', 'CURRENT_SCHEMA': '/'}> for query: 'MATCH p = (src:Subreddit {name: $seed_bfs})-[:POSTED|REFERENCES*2..6]->(tgt:Subreddit)\n            WHERE src <> tgt\n            WITH tgt, min(length(p) / 2) AS min_hops\n            RETURN tgt.name AS reachable, min_hops ORDER BY min_hops, tgt.name LIMIT 500'
00:49:44  INFO          warm 3/5: consumed=40.0 ms  available=1.0 ms
00:49:44  WARNING   Received notification from DBMS server: <GqlStatusObject gql_status='01N51', status_description='warn: relationship type does not exist. The relationship type `REFERENCES` does not exist. Verify that the spelling is correct.', position=<SummaryInputPosition line=1, column=54, offset=53>, raw_classification='UNRECOGNIZED', classification=<NotificationClassification.UNRECOGNIZED: 'UNRECOGNIZED'>, raw_severity='WARNING', severity=<NotificationSeverity.WARNING: 'WARNING'>, diagnostic_record={'_classification': 'UNRECOGNIZED', '_severity': 'WARNING', '_position': {'offset': 53, 'line': 1, 'column': 54}, 'OPERATION': '', 'OPERATION_CODE': '0', 'CURRENT_SCHEMA': '/'}> for query: 'MATCH p = (src:Subreddit {name: $seed_bfs})-[:POSTED|REFERENCES*2..6]->(tgt:Subreddit)\n            WHERE src <> tgt\n            WITH tgt, min(length(p) / 2) AS min_hops\n            RETURN tgt.name AS reachable, min_hops ORDER BY min_hops, tgt.name LIMIT 500'
00:49:44  INFO          warm 4/5: consumed=42.0 ms  available=1.0 ms
00:49:44  WARNING   Received notification from DBMS server: <GqlStatusObject gql_status='01N51', status_description='warn: relationship type does not exist. The relationship type `REFERENCES` does not exist. Verify that the spelling is correct.', position=<SummaryInputPosition line=1, column=54, offset=53>, raw_classification='UNRECOGNIZED', classification=<NotificationClassification.UNRECOGNIZED: 'UNRECOGNIZED'>, raw_severity='WARNING', severity=<NotificationSeverity.WARNING: 'WARNING'>, diagnostic_record={'_classification': 'UNRECOGNIZED', '_severity': 'WARNING', '_position': {'offset': 53, 'line': 1, 'column': 54}, 'OPERATION': '', 'OPERATION_CODE': '0', 'CURRENT_SCHEMA': '/'}> for query: 'MATCH p = (src:Subreddit {name: $seed_bfs})-[:POSTED|REFERENCES*2..6]->(tgt:Subreddit)\n            WHERE src <> tgt\n            WITH tgt, min(length(p) / 2) AS min_hops\n            RETURN tgt.name AS reachable, min_hops ORDER BY min_hops, tgt.name LIMIT 500'
00:49:44  INFO          warm 5/5: consumed=44.0 ms  available=2.0 ms
00:49:44  INFO      Results saved → C:\Users\david\Desktop\postgres-vs-neo4j-reddit-benchmark\data\benchmark_results.json
00:49:44  INFO      Open notebooks/results_analysis.ipynb to generate charts.
00:59:22  INFO          warm 5/5: exec=1895386.1 ms  plan=10.60 ms  hits=6272974706  reads=0
00:59:22  INFO      === Neo4j: 10 queries × 5 warm runs + 1 PROFILE ===
00:59:22  INFO      Running T1-B: All outgoing links from seed
00:59:22  INFO        [Neo4j] T1-B cold run...
00:59:23  WARNING   Received notification from DBMS server: <GqlStatusObject gql_status='01N51', status_description='warn: relationship type does not exist. The relationship type `REFERENCES` does not exist. Verify that the spelling is correct.', position=<SummaryInputPosition line=1, column=59, offset=58>, raw_classification='UNRECOGNIZED', classification=<NotificationClassification.UNRECOGNIZED: 'UNRECOGNIZED'>, raw_severity='WARNING', severity=<NotificationSeverity.WARNING: 'WARNING'>, diagnostic_record={'_classification': 'UNRECOGNIZED', '_severity': 'WARNING', '_position': {'offset': 58, 'line': 1, 'column': 59}, 'OPERATION': '', 'OPERATION_CODE': '0', 'CURRENT_SCHEMA': '/'}> for query: 'MATCH (src:Subreddit {name: $seed})-[:POSTED]->(p:Post)-[:REFERENCES]->(tgt:Subreddit)\n            RETURN tgt.name AS target_subreddit, p.post_id AS post_id, p.timestamp AS timestamp,\n                   p.source_type AS source_type, p.post_label AS post_label\n            ORDER BY p.timestamp DESC'
00:59:23  INFO          cold=689.2 ms  rows=0
00:59:23  INFO          profiling for db_hits (not timed)...
00:59:24  WARNING   Received notification from DBMS server: <GqlStatusObject gql_status='01N51', status_description='warn: relationship type does not exist. The relationship type `REFERENCES` does not exist. Verify that the spelling is correct.', position=<SummaryInputPosition line=1, column=67, offset=66>, raw_classification='UNRECOGNIZED', classification=<NotificationClassification.UNRECOGNIZED: 'UNRECOGNIZED'>, raw_severity='WARNING', severity=<NotificationSeverity.WARNING: 'WARNING'>, diagnostic_record={'_classification': 'UNRECOGNIZED', '_severity': 'WARNING', '_position': {'offset': 66, 'line': 1, 'column': 67}, 'OPERATION': '', 'OPERATION_CODE': '0', 'CURRENT_SCHEMA': '/'}> for query: 'PROFILE MATCH (src:Subreddit {name: $seed})-[:POSTED]->(p:Post)-[:REFERENCES]->(tgt:Subreddit)\n            RETURN tgt.name AS target_subreddit, p.post_id AS post_id, p.timestamp AS timestamp,\n                   p.source_type AS source_type, p.post_label AS post_label\n            ORDER BY p.timestamp DESC'
00:59:24  INFO          db_hits=0
00:59:24  WARNING   Received notification from DBMS server: <GqlStatusObject gql_status='01N51', status_description='warn: relationship type does not exist. The relationship type `REFERENCES` does not exist. Verify that the spelling is correct.', position=<SummaryInputPosition line=1, column=59, offset=58>, raw_classification='UNRECOGNIZED', classification=<NotificationClassification.UNRECOGNIZED: 'UNRECOGNIZED'>, raw_severity='WARNING', severity=<NotificationSeverity.WARNING: 'WARNING'>, diagnostic_record={'_classification': 'UNRECOGNIZED', '_severity': 'WARNING', '_position': {'offset': 58, 'line': 1, 'column': 59}, 'OPERATION': '', 'OPERATION_CODE': '0', 'CURRENT_SCHEMA': '/'}> for query: 'MATCH (src:Subreddit {name: $seed})-[:POSTED]->(p:Post)-[:REFERENCES]->(tgt:Subreddit)\n            RETURN tgt.name AS target_subreddit, p.post_id AS post_id, p.timestamp AS timestamp,\n                   p.source_type AS source_type, p.post_label AS post_label\n            ORDER BY p.timestamp DESC'
00:59:24  INFO          warm 1/5: consumed=3.0 ms  available=7.0 ms
00:59:25  WARNING   Received notification from DBMS server: <GqlStatusObject gql_status='01N51', status_description='warn: relationship type does not exist. The relationship type `REFERENCES` does not exist. Verify that the spelling is correct.', position=<SummaryInputPosition line=1, column=59, offset=58>, raw_classification='UNRECOGNIZED', classification=<NotificationClassification.UNRECOGNIZED: 'UNRECOGNIZED'>, raw_severity='WARNING', severity=<NotificationSeverity.WARNING: 'WARNING'>, diagnostic_record={'_classification': 'UNRECOGNIZED', '_severity': 'WARNING', '_position': {'offset': 58, 'line': 1, 'column': 59}, 'OPERATION': '', 'OPERATION_CODE': '0', 'CURRENT_SCHEMA': '/'}> for query: 'MATCH (src:Subreddit {name: $seed})-[:POSTED]->(p:Post)-[:REFERENCES]->(tgt:Subreddit)\n            RETURN tgt.name AS target_subreddit, p.post_id AS post_id, p.timestamp AS timestamp,\n                   p.source_type AS source_type, p.post_label AS post_label\n            ORDER BY p.timestamp DESC'
00:59:25  INFO          warm 2/5: consumed=50.0 ms  available=236.0 ms
00:59:25  WARNING   Received notification from DBMS server: <GqlStatusObject gql_status='01N51', status_description='warn: relationship type does not exist. The relationship type `REFERENCES` does not exist. Verify that the spelling is correct.', position=<SummaryInputPosition line=1, column=59, offset=58>, raw_classification='UNRECOGNIZED', classification=<NotificationClassification.UNRECOGNIZED: 'UNRECOGNIZED'>, raw_severity='WARNING', severity=<NotificationSeverity.WARNING: 'WARNING'>, diagnostic_record={'_classification': 'UNRECOGNIZED', '_severity': 'WARNING', '_position': {'offset': 58, 'line': 1, 'column': 59}, 'OPERATION': '', 'OPERATION_CODE': '0', 'CURRENT_SCHEMA': '/'}> for query: 'MATCH (src:Subreddit {name: $seed})-[:POSTED]->(p:Post)-[:REFERENCES]->(tgt:Subreddit)\n            RETURN tgt.name AS target_subreddit, p.post_id AS post_id, p.timestamp AS timestamp,\n                   p.source_type AS source_type, p.post_label AS post_label\n            ORDER BY p.timestamp DESC'
00:59:25  INFO          warm 3/5: consumed=1.0 ms  available=204.0 ms
00:59:29  WARNING   Received notification from DBMS server: <GqlStatusObject gql_status='01N51', status_description='warn: relationship type does not exist. The relationship type `REFERENCES` does not exist. Verify that the spelling is correct.', position=<SummaryInputPosition line=1, column=59, offset=58>, raw_classification='UNRECOGNIZED', classification=<NotificationClassification.UNRECOGNIZED: 'UNRECOGNIZED'>, raw_severity='WARNING', severity=<NotificationSeverity.WARNING: 'WARNING'>, diagnostic_record={'_classification': 'UNRECOGNIZED', '_severity': 'WARNING', '_position': {'offset': 58, 'line': 1, 'column': 59}, 'OPERATION': '', 'OPERATION_CODE': '0', 'CURRENT_SCHEMA': '/'}> for query: 'MATCH (src:Subreddit {name: $seed})-[:POSTED]->(p:Post)-[:REFERENCES]->(tgt:Subreddit)\n            RETURN tgt.name AS target_subreddit, p.post_id AS post_id, p.timestamp AS timestamp,\n                   p.source_type AS source_type, p.post_label AS post_label\n            ORDER BY p.timestamp DESC'
00:59:29  INFO          warm 4/5: consumed=1.0 ms  available=3250.0 ms
00:59:29  WARNING   Received notification from DBMS server: <GqlStatusObject gql_status='01N51', status_description='warn: relationship type does not exist. The relationship type `REFERENCES` does not exist. Verify that the spelling is correct.', position=<SummaryInputPosition line=1, column=59, offset=58>, raw_classification='UNRECOGNIZED', classification=<NotificationClassification.UNRECOGNIZED: 'UNRECOGNIZED'>, raw_severity='WARNING', severity=<NotificationSeverity.WARNING: 'WARNING'>, diagnostic_record={'_classification': 'UNRECOGNIZED', '_severity': 'WARNING', '_position': {'offset': 58, 'line': 1, 'column': 59}, 'OPERATION': '', 'OPERATION_CODE': '0', 'CURRENT_SCHEMA': '/'}> for query: 'MATCH (src:Subreddit {name: $seed})-[:POSTED]->(p:Post)-[:REFERENCES]->(tgt:Subreddit)\n            RETURN tgt.name AS target_subreddit, p.post_id AS post_id, p.timestamp AS timestamp,\n                   p.source_type AS source_type, p.post_label AS post_label\n            ORDER BY p.timestamp DESC'
00:59:29  INFO          warm 5/5: consumed=0.0 ms  available=10.0 ms
00:59:29  INFO      Running T1-C: Hostile links only from seed
00:59:29  INFO        [Neo4j] T1-C cold run...
00:59:30  WARNING   Received notification from DBMS server: <GqlStatusObject gql_status='01N51', status_description='warn: relationship type does not exist. The relationship type `REFERENCES` does not exist. Verify that the spelling is correct.', position=<SummaryInputPosition line=1, column=76, offset=75>, raw_classification='UNRECOGNIZED', classification=<NotificationClassification.UNRECOGNIZED: 'UNRECOGNIZED'>, raw_severity='WARNING', severity=<NotificationSeverity.WARNING: 'WARNING'>, diagnostic_record={'_classification': 'UNRECOGNIZED', '_severity': 'WARNING', '_position': {'offset': 75, 'line': 1, 'column': 76}, 'OPERATION': '', 'OPERATION_CODE': '0', 'CURRENT_SCHEMA': '/'}> for query: 'MATCH (src:Subreddit {name: $seed})-[:POSTED]->(p:Post {post_label: -1})-[:REFERENCES]->(tgt:Subreddit)\n            RETURN tgt.name AS target_subreddit, p.post_id AS post_id, p.timestamp AS timestamp, p.source_type AS source_type\n            ORDER BY p.timestamp DESC'
00:59:30  INFO          cold=60.0 ms  rows=0
00:59:30  INFO          profiling for db_hits (not timed)...
00:59:30  WARNING   Received notification from DBMS server: <GqlStatusObject gql_status='01N51', status_description='warn: relationship type does not exist. The relationship type `REFERENCES` does not exist. Verify that the spelling is correct.', position=<SummaryInputPosition line=1, column=84, offset=83>, raw_classification='UNRECOGNIZED', classification=<NotificationClassification.UNRECOGNIZED: 'UNRECOGNIZED'>, raw_severity='WARNING', severity=<NotificationSeverity.WARNING: 'WARNING'>, diagnostic_record={'_classification': 'UNRECOGNIZED', '_severity': 'WARNING', '_position': {'offset': 83, 'line': 1, 'column': 84}, 'OPERATION': '', 'OPERATION_CODE': '0', 'CURRENT_SCHEMA': '/'}> for query: 'PROFILE MATCH (src:Subreddit {name: $seed})-[:POSTED]->(p:Post {post_label: -1})-[:REFERENCES]->(tgt:Subreddit)\n            RETURN tgt.name AS target_subreddit, p.post_id AS post_id, p.timestamp AS timestamp, p.source_type AS source_type\n            ORDER BY p.timestamp DESC'
00:59:30  INFO          db_hits=0
00:59:30  WARNING   Received notification from DBMS server: <GqlStatusObject gql_status='01N51', status_description='warn: relationship type does not exist. The relationship type `REFERENCES` does not exist. Verify that the spelling is correct.', position=<SummaryInputPosition line=1, column=76, offset=75>, raw_classification='UNRECOGNIZED', classification=<NotificationClassification.UNRECOGNIZED: 'UNRECOGNIZED'>, raw_severity='WARNING', severity=<NotificationSeverity.WARNING: 'WARNING'>, diagnostic_record={'_classification': 'UNRECOGNIZED', '_severity': 'WARNING', '_position': {'offset': 75, 'line': 1, 'column': 76}, 'OPERATION': '', 'OPERATION_CODE': '0', 'CURRENT_SCHEMA': '/'}> for query: 'MATCH (src:Subreddit {name: $seed})-[:POSTED]->(p:Post {post_label: -1})-[:REFERENCES]->(tgt:Subreddit)\n            RETURN tgt.name AS target_subreddit, p.post_id AS post_id, p.timestamp AS timestamp, p.source_type AS source_type\n            ORDER BY p.timestamp DESC'
00:59:30  INFO          warm 1/5: consumed=0.0 ms  available=3.0 ms
00:59:30  WARNING   Received notification from DBMS server: <GqlStatusObject gql_status='01N51', status_description='warn: relationship type does not exist. The relationship type `REFERENCES` does not exist. Verify that the spelling is correct.', position=<SummaryInputPosition line=1, column=76, offset=75>, raw_classification='UNRECOGNIZED', classification=<NotificationClassification.UNRECOGNIZED: 'UNRECOGNIZED'>, raw_severity='WARNING', severity=<NotificationSeverity.WARNING: 'WARNING'>, diagnostic_record={'_classification': 'UNRECOGNIZED', '_severity': 'WARNING', '_position': {'offset': 75, 'line': 1, 'column': 76}, 'OPERATION': '', 'OPERATION_CODE': '0', 'CURRENT_SCHEMA': '/'}> for query: 'MATCH (src:Subreddit {name: $seed})-[:POSTED]->(p:Post {post_label: -1})-[:REFERENCES]->(tgt:Subreddit)\n            RETURN tgt.name AS target_subreddit, p.post_id AS post_id, p.timestamp AS timestamp, p.source_type AS source_type\n            ORDER BY p.timestamp DESC'
00:59:30  INFO          warm 2/5: consumed=1.0 ms  available=4.0 ms
00:59:30  WARNING   Received notification from DBMS server: <GqlStatusObject gql_status='01N51', status_description='warn: relationship type does not exist. The relationship type `REFERENCES` does not exist. Verify that the spelling is correct.', position=<SummaryInputPosition line=1, column=76, offset=75>, raw_classification='UNRECOGNIZED', classification=<NotificationClassification.UNRECOGNIZED: 'UNRECOGNIZED'>, raw_severity='WARNING', severity=<NotificationSeverity.WARNING: 'WARNING'>, diagnostic_record={'_classification': 'UNRECOGNIZED', '_severity': 'WARNING', '_position': {'offset': 75, 'line': 1, 'column': 76}, 'OPERATION': '', 'OPERATION_CODE': '0', 'CURRENT_SCHEMA': '/'}> for query: 'MATCH (src:Subreddit {name: $seed})-[:POSTED]->(p:Post {post_label: -1})-[:REFERENCES]->(tgt:Subreddit)\n            RETURN tgt.name AS target_subreddit, p.post_id AS post_id, p.timestamp AS timestamp, p.source_type AS source_type\n            ORDER BY p.timestamp DESC'
00:59:30  INFO          warm 3/5: consumed=0.0 ms  available=4.0 ms
00:59:30  WARNING   Received notification from DBMS server: <GqlStatusObject gql_status='01N51', status_description='warn: relationship type does not exist. The relationship type `REFERENCES` does not exist. Verify that the spelling is correct.', position=<SummaryInputPosition line=1, column=76, offset=75>, raw_classification='UNRECOGNIZED', classification=<NotificationClassification.UNRECOGNIZED: 'UNRECOGNIZED'>, raw_severity='WARNING', severity=<NotificationSeverity.WARNING: 'WARNING'>, diagnostic_record={'_classification': 'UNRECOGNIZED', '_severity': 'WARNING', '_position': {'offset': 75, 'line': 1, 'column': 76}, 'OPERATION': '', 'OPERATION_CODE': '0', 'CURRENT_SCHEMA': '/'}> for query: 'MATCH (src:Subreddit {name: $seed})-[:POSTED]->(p:Post {post_label: -1})-[:REFERENCES]->(tgt:Subreddit)\n            RETURN tgt.name AS target_subreddit, p.post_id AS post_id, p.timestamp AS timestamp, p.source_type AS source_type\n            ORDER BY p.timestamp DESC'
00:59:30  INFO          warm 4/5: consumed=1.0 ms  available=232.0 ms
00:59:30  WARNING   Received notification from DBMS server: <GqlStatusObject gql_status='01N51', status_description='warn: relationship type does not exist. The relationship type `REFERENCES` does not exist. Verify that the spelling is correct.', position=<SummaryInputPosition line=1, column=76, offset=75>, raw_classification='UNRECOGNIZED', classification=<NotificationClassification.UNRECOGNIZED: 'UNRECOGNIZED'>, raw_severity='WARNING', severity=<NotificationSeverity.WARNING: 'WARNING'>, diagnostic_record={'_classification': 'UNRECOGNIZED', '_severity': 'WARNING', '_position': {'offset': 75, 'line': 1, 'column': 76}, 'OPERATION': '', 'OPERATION_CODE': '0', 'CURRENT_SCHEMA': '/'}> for query: 'MATCH (src:Subreddit {name: $seed})-[:POSTED]->(p:Post {post_label: -1})-[:REFERENCES]->(tgt:Subreddit)\n            RETURN tgt.name AS target_subreddit, p.post_id AS post_id, p.timestamp AS timestamp, p.source_type AS source_type\n            ORDER BY p.timestamp DESC'
00:59:30  INFO          warm 5/5: consumed=1.0 ms  available=14.0 ms
00:59:30  INFO      Running T2-A: Global in-degree ranking (top 20)
00:59:30  INFO        [Neo4j] T2-A cold run...
00:59:30  WARNING   Received notification from DBMS server: <GqlStatusObject gql_status='01N51', status_description='warn: relationship type does not exist. The relationship type `REFERENCES` does not exist. Verify that the spelling is correct.', position=<SummaryInputPosition line=1, column=12, offset=11>, raw_classification='UNRECOGNIZED', classification=<NotificationClassification.UNRECOGNIZED: 'UNRECOGNIZED'>, raw_severity='WARNING', severity=<NotificationSeverity.WARNING: 'WARNING'>, diagnostic_record={'_classification': 'UNRECOGNIZED', '_severity': 'WARNING', '_position': {'offset': 11, 'line': 1, 'column': 12}, 'OPERATION': '', 'OPERATION_CODE': '0', 'CURRENT_SCHEMA': '/'}> for query: 'MATCH ()-[:REFERENCES]->(tgt:Subreddit)\n            RETURN tgt.name AS subreddit, count(*) AS in_degree\n            ORDER BY in_degree DESC LIMIT 20'
00:59:30  INFO          cold=144.3 ms  rows=0
00:59:30  INFO          profiling for db_hits (not timed)...
00:59:31  WARNING   Received notification from DBMS server: <GqlStatusObject gql_status='01N51', status_description='warn: relationship type does not exist. The relationship type `REFERENCES` does not exist. Verify that the spelling is correct.', position=<SummaryInputPosition line=1, column=20, offset=19>, raw_classification='UNRECOGNIZED', classification=<NotificationClassification.UNRECOGNIZED: 'UNRECOGNIZED'>, raw_severity='WARNING', severity=<NotificationSeverity.WARNING: 'WARNING'>, diagnostic_record={'_classification': 'UNRECOGNIZED', '_severity': 'WARNING', '_position': {'offset': 19, 'line': 1, 'column': 20}, 'OPERATION': '', 'OPERATION_CODE': '0', 'CURRENT_SCHEMA': '/'}> for query: 'PROFILE MATCH ()-[:REFERENCES]->(tgt:Subreddit)\n            RETURN tgt.name AS subreddit, count(*) AS in_degree\n            ORDER BY in_degree DESC LIMIT 20'
00:59:31  INFO          db_hits=0
00:59:31  WARNING   Received notification from DBMS server: <GqlStatusObject gql_status='01N51', status_description='warn: relationship type does not exist. The relationship type `REFERENCES` does not exist. Verify that the spelling is correct.', position=<SummaryInputPosition line=1, column=12, offset=11>, raw_classification='UNRECOGNIZED', classification=<NotificationClassification.UNRECOGNIZED: 'UNRECOGNIZED'>, raw_severity='WARNING', severity=<NotificationSeverity.WARNING: 'WARNING'>, diagnostic_record={'_classification': 'UNRECOGNIZED', '_severity': 'WARNING', '_position': {'offset': 11, 'line': 1, 'column': 12}, 'OPERATION': '', 'OPERATION_CODE': '0', 'CURRENT_SCHEMA': '/'}> for query: 'MATCH ()-[:REFERENCES]->(tgt:Subreddit)\n            RETURN tgt.name AS subreddit, count(*) AS in_degree\n            ORDER BY in_degree DESC LIMIT 20'
00:59:31  INFO          warm 1/5: consumed=2.0 ms  available=8.0 ms
00:59:31  WARNING   Received notification from DBMS server: <GqlStatusObject gql_status='01N51', status_description='warn: relationship type does not exist. The relationship type `REFERENCES` does not exist. Verify that the spelling is correct.', position=<SummaryInputPosition line=1, column=12, offset=11>, raw_classification='UNRECOGNIZED', classification=<NotificationClassification.UNRECOGNIZED: 'UNRECOGNIZED'>, raw_severity='WARNING', severity=<NotificationSeverity.WARNING: 'WARNING'>, diagnostic_record={'_classification': 'UNRECOGNIZED', '_severity': 'WARNING', '_position': {'offset': 11, 'line': 1, 'column': 12}, 'OPERATION': '', 'OPERATION_CODE': '0', 'CURRENT_SCHEMA': '/'}> for query: 'MATCH ()-[:REFERENCES]->(tgt:Subreddit)\n            RETURN tgt.name AS subreddit, count(*) AS in_degree\n            ORDER BY in_degree DESC LIMIT 20'
00:59:31  INFO          warm 2/5: consumed=4.0 ms  available=4.0 ms
00:59:31  WARNING   Received notification from DBMS server: <GqlStatusObject gql_status='01N51', status_description='warn: relationship type does not exist. The relationship type `REFERENCES` does not exist. Verify that the spelling is correct.', position=<SummaryInputPosition line=1, column=12, offset=11>, raw_classification='UNRECOGNIZED', classification=<NotificationClassification.UNRECOGNIZED: 'UNRECOGNIZED'>, raw_severity='WARNING', severity=<NotificationSeverity.WARNING: 'WARNING'>, diagnostic_record={'_classification': 'UNRECOGNIZED', '_severity': 'WARNING', '_position': {'offset': 11, 'line': 1, 'column': 12}, 'OPERATION': '', 'OPERATION_CODE': '0', 'CURRENT_SCHEMA': '/'}> for query: 'MATCH ()-[:REFERENCES]->(tgt:Subreddit)\n            RETURN tgt.name AS subreddit, count(*) AS in_degree\n            ORDER BY in_degree DESC LIMIT 20'
00:59:31  INFO          warm 3/5: consumed=0.0 ms  available=4.0 ms
00:59:31  WARNING   Received notification from DBMS server: <GqlStatusObject gql_status='01N51', status_description='warn: relationship type does not exist. The relationship type `REFERENCES` does not exist. Verify that the spelling is correct.', position=<SummaryInputPosition line=1, column=12, offset=11>, raw_classification='UNRECOGNIZED', classification=<NotificationClassification.UNRECOGNIZED: 'UNRECOGNIZED'>, raw_severity='WARNING', severity=<NotificationSeverity.WARNING: 'WARNING'>, diagnostic_record={'_classification': 'UNRECOGNIZED', '_severity': 'WARNING', '_position': {'offset': 11, 'line': 1, 'column': 12}, 'OPERATION': '', 'OPERATION_CODE': '0', 'CURRENT_SCHEMA': '/'}> for query: 'MATCH ()-[:REFERENCES]->(tgt:Subreddit)\n            RETURN tgt.name AS subreddit, count(*) AS in_degree\n            ORDER BY in_degree DESC LIMIT 20'
00:59:31  INFO          warm 4/5: consumed=2.0 ms  available=287.0 ms
00:59:31  WARNING   Received notification from DBMS server: <GqlStatusObject gql_status='01N51', status_description='warn: relationship type does not exist. The relationship type `REFERENCES` does not exist. Verify that the spelling is correct.', position=<SummaryInputPosition line=1, column=12, offset=11>, raw_classification='UNRECOGNIZED', classification=<NotificationClassification.UNRECOGNIZED: 'UNRECOGNIZED'>, raw_severity='WARNING', severity=<NotificationSeverity.WARNING: 'WARNING'>, diagnostic_record={'_classification': 'UNRECOGNIZED', '_severity': 'WARNING', '_position': {'offset': 11, 'line': 1, 'column': 12}, 'OPERATION': '', 'OPERATION_CODE': '0', 'CURRENT_SCHEMA': '/'}> for query: 'MATCH ()-[:REFERENCES]->(tgt:Subreddit)\n            RETURN tgt.name AS subreddit, count(*) AS in_degree\n            ORDER BY in_degree DESC LIMIT 20'
00:59:31  INFO          warm 5/5: consumed=0.0 ms  available=8.0 ms
00:59:31  INFO      Running T2-B: Top-20 subreddits by hostile link count
00:59:31  INFO        [Neo4j] T2-B cold run...
00:59:31  INFO          cold=21.2 ms  rows=0
00:59:31  INFO          profiling for db_hits (not timed)...
00:59:32  INFO          db_hits=0
00:59:32  INFO          warm 1/5: consumed=2.0 ms  available=11.0 ms
00:59:32  INFO          warm 2/5: consumed=2.0 ms  available=10.0 ms
00:59:32  INFO          warm 3/5: consumed=3.0 ms  available=16.0 ms
00:59:32  INFO          warm 4/5: consumed=1.0 ms  available=627.0 ms
00:59:32  INFO          warm 5/5: consumed=1.0 ms  available=8.0 ms
00:59:32  INFO      Running T3-A: 2-hop common targets of seed_a and seed_b
00:59:32  INFO        [Neo4j] T3-A cold run...
00:59:32  WARNING   Received notification from DBMS server: <GqlStatusObject gql_status='01N51', status_description='warn: relationship type does not exist. The relationship type `REFERENCES` does not exist. Verify that the spelling is correct.', position=<SummaryInputPosition line=1, column=58, offset=57>, raw_classification='UNRECOGNIZED', classification=<NotificationClassification.UNRECOGNIZED: 'UNRECOGNIZED'>, raw_severity='WARNING', severity=<NotificationSeverity.WARNING: 'WARNING'>, diagnostic_record={'_classification': 'UNRECOGNIZED', '_severity': 'WARNING', '_position': {'offset': 57, 'line': 1, 'column': 58}, 'OPERATION': '', 'OPERATION_CODE': '0', 'CURRENT_SCHEMA': '/'}> for query: 'MATCH (a:Subreddit {name: $seed_a})-[:POSTED]->(:Post)-[:REFERENCES]->(shared:Subreddit)\n            WITH shared\n            MATCH (b:Subreddit {name: $seed_b})-[:POSTED]->(:Post)-[:REFERENCES]->(shared)\n            RETURN shared.name AS shared_target ORDER BY shared_target LIMIT 25'
00:59:32  WARNING   Received notification from DBMS server: <GqlStatusObject gql_status='01N51', status_description='warn: relationship type does not exist. The relationship type `REFERENCES` does not exist. Verify that the spelling is correct.', position=<SummaryInputPosition line=3, column=70, offset=182>, raw_classification='UNRECOGNIZED', classification=<NotificationClassification.UNRECOGNIZED: 'UNRECOGNIZED'>, raw_severity='WARNING', severity=<NotificationSeverity.WARNING: 'WARNING'>, diagnostic_record={'_classification': 'UNRECOGNIZED', '_severity': 'WARNING', '_position': {'offset': 182, 'line': 3, 'column': 70}, 'OPERATION': '', 'OPERATION_CODE': '0', 'CURRENT_SCHEMA': '/'}> for query: 'MATCH (a:Subreddit {name: $seed_a})-[:POSTED]->(:Post)-[:REFERENCES]->(shared:Subreddit)\n            WITH shared\n            MATCH (b:Subreddit {name: $seed_b})-[:POSTED]->(:Post)-[:REFERENCES]->(shared)\n            RETURN shared.name AS shared_target ORDER BY shared_target LIMIT 25'
00:59:32  INFO          cold=37.0 ms  rows=0
00:59:32  INFO          profiling for db_hits (not timed)...
00:59:33  WARNING   Received notification from DBMS server: <GqlStatusObject gql_status='01N51', status_description='warn: relationship type does not exist. The relationship type `REFERENCES` does not exist. Verify that the spelling is correct.', position=<SummaryInputPosition line=1, column=66, offset=65>, raw_classification='UNRECOGNIZED', classification=<NotificationClassification.UNRECOGNIZED: 'UNRECOGNIZED'>, raw_severity='WARNING', severity=<NotificationSeverity.WARNING: 'WARNING'>, diagnostic_record={'_classification': 'UNRECOGNIZED', '_severity': 'WARNING', '_position': {'offset': 65, 'line': 1, 'column': 66}, 'OPERATION': '', 'OPERATION_CODE': '0', 'CURRENT_SCHEMA': '/'}> for query: 'PROFILE MATCH (a:Subreddit {name: $seed_a})-[:POSTED]->(:Post)-[:REFERENCES]->(shared:Subreddit)\n            WITH shared\n            MATCH (b:Subreddit {name: $seed_b})-[:POSTED]->(:Post)-[:REFERENCES]->(shared)\n            RETURN shared.name AS shared_target ORDER BY shared_target LIMIT 25'
00:59:33  WARNING   Received notification from DBMS server: <GqlStatusObject gql_status='01N51', status_description='warn: relationship type does not exist. The relationship type `REFERENCES` does not exist. Verify that the spelling is correct.', position=<SummaryInputPosition line=3, column=70, offset=190>, raw_classification='UNRECOGNIZED', classification=<NotificationClassification.UNRECOGNIZED: 'UNRECOGNIZED'>, raw_severity='WARNING', severity=<NotificationSeverity.WARNING: 'WARNING'>, diagnostic_record={'_classification': 'UNRECOGNIZED', '_severity': 'WARNING', '_position': {'offset': 190, 'line': 3, 'column': 70}, 'OPERATION': '', 'OPERATION_CODE': '0', 'CURRENT_SCHEMA': '/'}> for query: 'PROFILE MATCH (a:Subreddit {name: $seed_a})-[:POSTED]->(:Post)-[:REFERENCES]->(shared:Subreddit)\n            WITH shared\n            MATCH (b:Subreddit {name: $seed_b})-[:POSTED]->(:Post)-[:REFERENCES]->(shared)\n            RETURN shared.name AS shared_target ORDER BY shared_target LIMIT 25'
00:59:33  INFO          db_hits=0
00:59:33  WARNING   Received notification from DBMS server: <GqlStatusObject gql_status='01N51', status_description='warn: relationship type does not exist. The relationship type `REFERENCES` does not exist. Verify that the spelling is correct.', position=<SummaryInputPosition line=1, column=58, offset=57>, raw_classification='UNRECOGNIZED', classification=<NotificationClassification.UNRECOGNIZED: 'UNRECOGNIZED'>, raw_severity='WARNING', severity=<NotificationSeverity.WARNING: 'WARNING'>, diagnostic_record={'_classification': 'UNRECOGNIZED', '_severity': 'WARNING', '_position': {'offset': 57, 'line': 1, 'column': 58}, 'OPERATION': '', 'OPERATION_CODE': '0', 'CURRENT_SCHEMA': '/'}> for query: 'MATCH (a:Subreddit {name: $seed_a})-[:POSTED]->(:Post)-[:REFERENCES]->(shared:Subreddit)\n            WITH shared\n            MATCH (b:Subreddit {name: $seed_b})-[:POSTED]->(:Post)-[:REFERENCES]->(shared)\n            RETURN shared.name AS shared_target ORDER BY shared_target LIMIT 25'
00:59:33  WARNING   Received notification from DBMS server: <GqlStatusObject gql_status='01N51', status_description='warn: relationship type does not exist. The relationship type `REFERENCES` does not exist. Verify that the spelling is correct.', position=<SummaryInputPosition line=3, column=70, offset=182>, raw_classification='UNRECOGNIZED', classification=<NotificationClassification.UNRECOGNIZED: 'UNRECOGNIZED'>, raw_severity='WARNING', severity=<NotificationSeverity.WARNING: 'WARNING'>, diagnostic_record={'_classification': 'UNRECOGNIZED', '_severity': 'WARNING', '_position': {'offset': 182, 'line': 3, 'column': 70}, 'OPERATION': '', 'OPERATION_CODE': '0', 'CURRENT_SCHEMA': '/'}> for query: 'MATCH (a:Subreddit {name: $seed_a})-[:POSTED]->(:Post)-[:REFERENCES]->(shared:Subreddit)\n            WITH shared\n            MATCH (b:Subreddit {name: $seed_b})-[:POSTED]->(:Post)-[:REFERENCES]->(shared)\n            RETURN shared.name AS shared_target ORDER BY shared_target LIMIT 25'
00:59:33  INFO          warm 1/5: consumed=1.0 ms  available=5.0 ms
00:59:33  WARNING   Received notification from DBMS server: <GqlStatusObject gql_status='01N51', status_description='warn: relationship type does not exist. The relationship type `REFERENCES` does not exist. Verify that the spelling is correct.', position=<SummaryInputPosition line=1, column=58, offset=57>, raw_classification='UNRECOGNIZED', classification=<NotificationClassification.UNRECOGNIZED: 'UNRECOGNIZED'>, raw_severity='WARNING', severity=<NotificationSeverity.WARNING: 'WARNING'>, diagnostic_record={'_classification': 'UNRECOGNIZED', '_severity': 'WARNING', '_position': {'offset': 57, 'line': 1, 'column': 58}, 'OPERATION': '', 'OPERATION_CODE': '0', 'CURRENT_SCHEMA': '/'}> for query: 'MATCH (a:Subreddit {name: $seed_a})-[:POSTED]->(:Post)-[:REFERENCES]->(shared:Subreddit)\n            WITH shared\n            MATCH (b:Subreddit {name: $seed_b})-[:POSTED]->(:Post)-[:REFERENCES]->(shared)\n            RETURN shared.name AS shared_target ORDER BY shared_target LIMIT 25'
00:59:33  WARNING   Received notification from DBMS server: <GqlStatusObject gql_status='01N51', status_description='warn: relationship type does not exist. The relationship type `REFERENCES` does not exist. Verify that the spelling is correct.', position=<SummaryInputPosition line=3, column=70, offset=182>, raw_classification='UNRECOGNIZED', classification=<NotificationClassification.UNRECOGNIZED: 'UNRECOGNIZED'>, raw_severity='WARNING', severity=<NotificationSeverity.WARNING: 'WARNING'>, diagnostic_record={'_classification': 'UNRECOGNIZED', '_severity': 'WARNING', '_position': {'offset': 182, 'line': 3, 'column': 70}, 'OPERATION': '', 'OPERATION_CODE': '0', 'CURRENT_SCHEMA': '/'}> for query: 'MATCH (a:Subreddit {name: $seed_a})-[:POSTED]->(:Post)-[:REFERENCES]->(shared:Subreddit)\n            WITH shared\n            MATCH (b:Subreddit {name: $seed_b})-[:POSTED]->(:Post)-[:REFERENCES]->(shared)\n            RETURN shared.name AS shared_target ORDER BY shared_target LIMIT 25'
00:59:33  INFO          warm 2/5: consumed=1.0 ms  available=20.0 ms
00:59:33  WARNING   Received notification from DBMS server: <GqlStatusObject gql_status='01N51', status_description='warn: relationship type does not exist. The relationship type `REFERENCES` does not exist. Verify that the spelling is correct.', position=<SummaryInputPosition line=1, column=58, offset=57>, raw_classification='UNRECOGNIZED', classification=<NotificationClassification.UNRECOGNIZED: 'UNRECOGNIZED'>, raw_severity='WARNING', severity=<NotificationSeverity.WARNING: 'WARNING'>, diagnostic_record={'_classification': 'UNRECOGNIZED', '_severity': 'WARNING', '_position': {'offset': 57, 'line': 1, 'column': 58}, 'OPERATION': '', 'OPERATION_CODE': '0', 'CURRENT_SCHEMA': '/'}> for query: 'MATCH (a:Subreddit {name: $seed_a})-[:POSTED]->(:Post)-[:REFERENCES]->(shared:Subreddit)\n            WITH shared\n            MATCH (b:Subreddit {name: $seed_b})-[:POSTED]->(:Post)-[:REFERENCES]->(shared)\n            RETURN shared.name AS shared_target ORDER BY shared_target LIMIT 25'
00:59:33  WARNING   Received notification from DBMS server: <GqlStatusObject gql_status='01N51', status_description='warn: relationship type does not exist. The relationship type `REFERENCES` does not exist. Verify that the spelling is correct.', position=<SummaryInputPosition line=3, column=70, offset=182>, raw_classification='UNRECOGNIZED', classification=<NotificationClassification.UNRECOGNIZED: 'UNRECOGNIZED'>, raw_severity='WARNING', severity=<NotificationSeverity.WARNING: 'WARNING'>, diagnostic_record={'_classification': 'UNRECOGNIZED', '_severity': 'WARNING', '_position': {'offset': 182, 'line': 3, 'column': 70}, 'OPERATION': '', 'OPERATION_CODE': '0', 'CURRENT_SCHEMA': '/'}> for query: 'MATCH (a:Subreddit {name: $seed_a})-[:POSTED]->(:Post)-[:REFERENCES]->(shared:Subreddit)\n            WITH shared\n            MATCH (b:Subreddit {name: $seed_b})-[:POSTED]->(:Post)-[:REFERENCES]->(shared)\n            RETURN shared.name AS shared_target ORDER BY shared_target LIMIT 25'
00:59:33  INFO          warm 3/5: consumed=1.0 ms  available=7.0 ms
00:59:33  WARNING   Received notification from DBMS server: <GqlStatusObject gql_status='01N51', status_description='warn: relationship type does not exist. The relationship type `REFERENCES` does not exist. Verify that the spelling is correct.', position=<SummaryInputPosition line=1, column=58, offset=57>, raw_classification='UNRECOGNIZED', classification=<NotificationClassification.UNRECOGNIZED: 'UNRECOGNIZED'>, raw_severity='WARNING', severity=<NotificationSeverity.WARNING: 'WARNING'>, diagnostic_record={'_classification': 'UNRECOGNIZED', '_severity': 'WARNING', '_position': {'offset': 57, 'line': 1, 'column': 58}, 'OPERATION': '', 'OPERATION_CODE': '0', 'CURRENT_SCHEMA': '/'}> for query: 'MATCH (a:Subreddit {name: $seed_a})-[:POSTED]->(:Post)-[:REFERENCES]->(shared:Subreddit)\n            WITH shared\n            MATCH (b:Subreddit {name: $seed_b})-[:POSTED]->(:Post)-[:REFERENCES]->(shared)\n            RETURN shared.name AS shared_target ORDER BY shared_target LIMIT 25'
00:59:33  WARNING   Received notification from DBMS server: <GqlStatusObject gql_status='01N51', status_description='warn: relationship type does not exist. The relationship type `REFERENCES` does not exist. Verify that the spelling is correct.', position=<SummaryInputPosition line=3, column=70, offset=182>, raw_classification='UNRECOGNIZED', classification=<NotificationClassification.UNRECOGNIZED: 'UNRECOGNIZED'>, raw_severity='WARNING', severity=<NotificationSeverity.WARNING: 'WARNING'>, diagnostic_record={'_classification': 'UNRECOGNIZED', '_severity': 'WARNING', '_position': {'offset': 182, 'line': 3, 'column': 70}, 'OPERATION': '', 'OPERATION_CODE': '0', 'CURRENT_SCHEMA': '/'}> for query: 'MATCH (a:Subreddit {name: $seed_a})-[:POSTED]->(:Post)-[:REFERENCES]->(shared:Subreddit)\n            WITH shared\n            MATCH (b:Subreddit {name: $seed_b})-[:POSTED]->(:Post)-[:REFERENCES]->(shared)\n            RETURN shared.name AS shared_target ORDER BY shared_target LIMIT 25'
00:59:33  INFO          warm 4/5: consumed=1.0 ms  available=531.0 ms
00:59:33  WARNING   Received notification from DBMS server: <GqlStatusObject gql_status='01N51', status_description='warn: relationship type does not exist. The relationship type `REFERENCES` does not exist. Verify that the spelling is correct.', position=<SummaryInputPosition line=1, column=58, offset=57>, raw_classification='UNRECOGNIZED', classification=<NotificationClassification.UNRECOGNIZED: 'UNRECOGNIZED'>, raw_severity='WARNING', severity=<NotificationSeverity.WARNING: 'WARNING'>, diagnostic_record={'_classification': 'UNRECOGNIZED', '_severity': 'WARNING', '_position': {'offset': 57, 'line': 1, 'column': 58}, 'OPERATION': '', 'OPERATION_CODE': '0', 'CURRENT_SCHEMA': '/'}> for query: 'MATCH (a:Subreddit {name: $seed_a})-[:POSTED]->(:Post)-[:REFERENCES]->(shared:Subreddit)\n            WITH shared\n            MATCH (b:Subreddit {name: $seed_b})-[:POSTED]->(:Post)-[:REFERENCES]->(shared)\n            RETURN shared.name AS shared_target ORDER BY shared_target LIMIT 25'
00:59:33  WARNING   Received notification from DBMS server: <GqlStatusObject gql_status='01N51', status_description='warn: relationship type does not exist. The relationship type `REFERENCES` does not exist. Verify that the spelling is correct.', position=<SummaryInputPosition line=3, column=70, offset=182>, raw_classification='UNRECOGNIZED', classification=<NotificationClassification.UNRECOGNIZED: 'UNRECOGNIZED'>, raw_severity='WARNING', severity=<NotificationSeverity.WARNING: 'WARNING'>, diagnostic_record={'_classification': 'UNRECOGNIZED', '_severity': 'WARNING', '_position': {'offset': 182, 'line': 3, 'column': 70}, 'OPERATION': '', 'OPERATION_CODE': '0', 'CURRENT_SCHEMA': '/'}> for query: 'MATCH (a:Subreddit {name: $seed_a})-[:POSTED]->(:Post)-[:REFERENCES]->(shared:Subreddit)\n            WITH shared\n            MATCH (b:Subreddit {name: $seed_b})-[:POSTED]->(:Post)-[:REFERENCES]->(shared)\n            RETURN shared.name AS shared_target ORDER BY shared_target LIMIT 25'
00:59:33  INFO          warm 5/5: consumed=1.0 ms  available=3.0 ms
00:59:33  INFO      Running T3-C: Common hostile attackers of seed_a and seed_b
00:59:33  INFO        [Neo4j] T3-C cold run...
00:59:33  WARNING   Received notification from DBMS server: <GqlStatusObject gql_status='01N51', status_description='warn: relationship type does not exist. The relationship type `REFERENCES` does not exist. Verify that the spelling is correct.', position=<SummaryInputPosition line=1, column=61, offset=60>, raw_classification='UNRECOGNIZED', classification=<NotificationClassification.UNRECOGNIZED: 'UNRECOGNIZED'>, raw_severity='WARNING', severity=<NotificationSeverity.WARNING: 'WARNING'>, diagnostic_record={'_classification': 'UNRECOGNIZED', '_severity': 'WARNING', '_position': {'offset': 60, 'line': 1, 'column': 61}, 'OPERATION': '', 'OPERATION_CODE': '0', 'CURRENT_SCHEMA': '/'}> for query: 'MATCH (atk:Subreddit)-[:POSTED]->(:Post {post_label: -1})-[:REFERENCES]->(a:Subreddit {name: $seed_a})\n            WITH atk\n            MATCH (atk)-[:POSTED]->(:Post {post_label: -1})-[:REFERENCES]->(b:Subreddit {name: $seed_b})\n            RETURN atk.name AS common_attacker ORDER BY atk.name LIMIT 25'
00:59:33  WARNING   Received notification from DBMS server: <GqlStatusObject gql_status='01N51', status_description='warn: relationship type does not exist. The relationship type `REFERENCES` does not exist. Verify that the spelling is correct.', position=<SummaryInputPosition line=3, column=63, offset=186>, raw_classification='UNRECOGNIZED', classification=<NotificationClassification.UNRECOGNIZED: 'UNRECOGNIZED'>, raw_severity='WARNING', severity=<NotificationSeverity.WARNING: 'WARNING'>, diagnostic_record={'_classification': 'UNRECOGNIZED', '_severity': 'WARNING', '_position': {'offset': 186, 'line': 3, 'column': 63}, 'OPERATION': '', 'OPERATION_CODE': '0', 'CURRENT_SCHEMA': '/'}> for query: 'MATCH (atk:Subreddit)-[:POSTED]->(:Post {post_label: -1})-[:REFERENCES]->(a:Subreddit {name: $seed_a})\n            WITH atk\n            MATCH (atk)-[:POSTED]->(:Post {post_label: -1})-[:REFERENCES]->(b:Subreddit {name: $seed_b})\n            RETURN atk.name AS common_attacker ORDER BY atk.name LIMIT 25'
00:59:33  INFO          cold=83.0 ms  rows=0
00:59:33  INFO          profiling for db_hits (not timed)...
00:59:34  WARNING   Received notification from DBMS server: <GqlStatusObject gql_status='01N51', status_description='warn: relationship type does not exist. The relationship type `REFERENCES` does not exist. Verify that the spelling is correct.', position=<SummaryInputPosition line=1, column=69, offset=68>, raw_classification='UNRECOGNIZED', classification=<NotificationClassification.UNRECOGNIZED: 'UNRECOGNIZED'>, raw_severity='WARNING', severity=<NotificationSeverity.WARNING: 'WARNING'>, diagnostic_record={'_classification': 'UNRECOGNIZED', '_severity': 'WARNING', '_position': {'offset': 68, 'line': 1, 'column': 69}, 'OPERATION': '', 'OPERATION_CODE': '0', 'CURRENT_SCHEMA': '/'}> for query: 'PROFILE MATCH (atk:Subreddit)-[:POSTED]->(:Post {post_label: -1})-[:REFERENCES]->(a:Subreddit {name: $seed_a})\n            WITH atk\n            MATCH (atk)-[:POSTED]->(:Post {post_label: -1})-[:REFERENCES]->(b:Subreddit {name: $seed_b})\n            RETURN atk.name AS common_attacker ORDER BY atk.name LIMIT 25'
00:59:34  WARNING   Received notification from DBMS server: <GqlStatusObject gql_status='01N51', status_description='warn: relationship type does not exist. The relationship type `REFERENCES` does not exist. Verify that the spelling is correct.', position=<SummaryInputPosition line=3, column=63, offset=194>, raw_classification='UNRECOGNIZED', classification=<NotificationClassification.UNRECOGNIZED: 'UNRECOGNIZED'>, raw_severity='WARNING', severity=<NotificationSeverity.WARNING: 'WARNING'>, diagnostic_record={'_classification': 'UNRECOGNIZED', '_severity': 'WARNING', '_position': {'offset': 194, 'line': 3, 'column': 63}, 'OPERATION': '', 'OPERATION_CODE': '0', 'CURRENT_SCHEMA': '/'}> for query: 'PROFILE MATCH (atk:Subreddit)-[:POSTED]->(:Post {post_label: -1})-[:REFERENCES]->(a:Subreddit {name: $seed_a})\n            WITH atk\n            MATCH (atk)-[:POSTED]->(:Post {post_label: -1})-[:REFERENCES]->(b:Subreddit {name: $seed_b})\n            RETURN atk.name AS common_attacker ORDER BY atk.name LIMIT 25'
00:59:34  INFO          db_hits=0
00:59:34  WARNING   Received notification from DBMS server: <GqlStatusObject gql_status='01N51', status_description='warn: relationship type does not exist. The relationship type `REFERENCES` does not exist. Verify that the spelling is correct.', position=<SummaryInputPosition line=1, column=61, offset=60>, raw_classification='UNRECOGNIZED', classification=<NotificationClassification.UNRECOGNIZED: 'UNRECOGNIZED'>, raw_severity='WARNING', severity=<NotificationSeverity.WARNING: 'WARNING'>, diagnostic_record={'_classification': 'UNRECOGNIZED', '_severity': 'WARNING', '_position': {'offset': 60, 'line': 1, 'column': 61}, 'OPERATION': '', 'OPERATION_CODE': '0', 'CURRENT_SCHEMA': '/'}> for query: 'MATCH (atk:Subreddit)-[:POSTED]->(:Post {post_label: -1})-[:REFERENCES]->(a:Subreddit {name: $seed_a})\n            WITH atk\n            MATCH (atk)-[:POSTED]->(:Post {post_label: -1})-[:REFERENCES]->(b:Subreddit {name: $seed_b})\n            RETURN atk.name AS common_attacker ORDER BY atk.name LIMIT 25'
00:59:34  WARNING   Received notification from DBMS server: <GqlStatusObject gql_status='01N51', status_description='warn: relationship type does not exist. The relationship type `REFERENCES` does not exist. Verify that the spelling is correct.', position=<SummaryInputPosition line=3, column=63, offset=186>, raw_classification='UNRECOGNIZED', classification=<NotificationClassification.UNRECOGNIZED: 'UNRECOGNIZED'>, raw_severity='WARNING', severity=<NotificationSeverity.WARNING: 'WARNING'>, diagnostic_record={'_classification': 'UNRECOGNIZED', '_severity': 'WARNING', '_position': {'offset': 186, 'line': 3, 'column': 63}, 'OPERATION': '', 'OPERATION_CODE': '0', 'CURRENT_SCHEMA': '/'}> for query: 'MATCH (atk:Subreddit)-[:POSTED]->(:Post {post_label: -1})-[:REFERENCES]->(a:Subreddit {name: $seed_a})\n            WITH atk\n            MATCH (atk)-[:POSTED]->(:Post {post_label: -1})-[:REFERENCES]->(b:Subreddit {name: $seed_b})\n            RETURN atk.name AS common_attacker ORDER BY atk.name LIMIT 25'
00:59:34  INFO          warm 1/5: consumed=1.0 ms  available=14.0 ms
00:59:34  WARNING   Received notification from DBMS server: <GqlStatusObject gql_status='01N51', status_description='warn: relationship type does not exist. The relationship type `REFERENCES` does not exist. Verify that the spelling is correct.', position=<SummaryInputPosition line=1, column=61, offset=60>, raw_classification='UNRECOGNIZED', classification=<NotificationClassification.UNRECOGNIZED: 'UNRECOGNIZED'>, raw_severity='WARNING', severity=<NotificationSeverity.WARNING: 'WARNING'>, diagnostic_record={'_classification': 'UNRECOGNIZED', '_severity': 'WARNING', '_position': {'offset': 60, 'line': 1, 'column': 61}, 'OPERATION': '', 'OPERATION_CODE': '0', 'CURRENT_SCHEMA': '/'}> for query: 'MATCH (atk:Subreddit)-[:POSTED]->(:Post {post_label: -1})-[:REFERENCES]->(a:Subreddit {name: $seed_a})\n            WITH atk\n            MATCH (atk)-[:POSTED]->(:Post {post_label: -1})-[:REFERENCES]->(b:Subreddit {name: $seed_b})\n            RETURN atk.name AS common_attacker ORDER BY atk.name LIMIT 25'
00:59:34  WARNING   Received notification from DBMS server: <GqlStatusObject gql_status='01N51', status_description='warn: relationship type does not exist. The relationship type `REFERENCES` does not exist. Verify that the spelling is correct.', position=<SummaryInputPosition line=3, column=63, offset=186>, raw_classification='UNRECOGNIZED', classification=<NotificationClassification.UNRECOGNIZED: 'UNRECOGNIZED'>, raw_severity='WARNING', severity=<NotificationSeverity.WARNING: 'WARNING'>, diagnostic_record={'_classification': 'UNRECOGNIZED', '_severity': 'WARNING', '_position': {'offset': 186, 'line': 3, 'column': 63}, 'OPERATION': '', 'OPERATION_CODE': '0', 'CURRENT_SCHEMA': '/'}> for query: 'MATCH (atk:Subreddit)-[:POSTED]->(:Post {post_label: -1})-[:REFERENCES]->(a:Subreddit {name: $seed_a})\n            WITH atk\n            MATCH (atk)-[:POSTED]->(:Post {post_label: -1})-[:REFERENCES]->(b:Subreddit {name: $seed_b})\n            RETURN atk.name AS common_attacker ORDER BY atk.name LIMIT 25'
00:59:34  INFO          warm 2/5: consumed=5.0 ms  available=14.0 ms
00:59:34  WARNING   Received notification from DBMS server: <GqlStatusObject gql_status='01N51', status_description='warn: relationship type does not exist. The relationship type `REFERENCES` does not exist. Verify that the spelling is correct.', position=<SummaryInputPosition line=1, column=61, offset=60>, raw_classification='UNRECOGNIZED', classification=<NotificationClassification.UNRECOGNIZED: 'UNRECOGNIZED'>, raw_severity='WARNING', severity=<NotificationSeverity.WARNING: 'WARNING'>, diagnostic_record={'_classification': 'UNRECOGNIZED', '_severity': 'WARNING', '_position': {'offset': 60, 'line': 1, 'column': 61}, 'OPERATION': '', 'OPERATION_CODE': '0', 'CURRENT_SCHEMA': '/'}> for query: 'MATCH (atk:Subreddit)-[:POSTED]->(:Post {post_label: -1})-[:REFERENCES]->(a:Subreddit {name: $seed_a})\n            WITH atk\n            MATCH (atk)-[:POSTED]->(:Post {post_label: -1})-[:REFERENCES]->(b:Subreddit {name: $seed_b})\n            RETURN atk.name AS common_attacker ORDER BY atk.name LIMIT 25'
00:59:34  WARNING   Received notification from DBMS server: <GqlStatusObject gql_status='01N51', status_description='warn: relationship type does not exist. The relationship type `REFERENCES` does not exist. Verify that the spelling is correct.', position=<SummaryInputPosition line=3, column=63, offset=186>, raw_classification='UNRECOGNIZED', classification=<NotificationClassification.UNRECOGNIZED: 'UNRECOGNIZED'>, raw_severity='WARNING', severity=<NotificationSeverity.WARNING: 'WARNING'>, diagnostic_record={'_classification': 'UNRECOGNIZED', '_severity': 'WARNING', '_position': {'offset': 186, 'line': 3, 'column': 63}, 'OPERATION': '', 'OPERATION_CODE': '0', 'CURRENT_SCHEMA': '/'}> for query: 'MATCH (atk:Subreddit)-[:POSTED]->(:Post {post_label: -1})-[:REFERENCES]->(a:Subreddit {name: $seed_a})\n            WITH atk\n            MATCH (atk)-[:POSTED]->(:Post {post_label: -1})-[:REFERENCES]->(b:Subreddit {name: $seed_b})\n            RETURN atk.name AS common_attacker ORDER BY atk.name LIMIT 25'
00:59:34  INFO          warm 3/5: consumed=1.0 ms  available=6.0 ms
00:59:34  WARNING   Received notification from DBMS server: <GqlStatusObject gql_status='01N51', status_description='warn: relationship type does not exist. The relationship type `REFERENCES` does not exist. Verify that the spelling is correct.', position=<SummaryInputPosition line=1, column=61, offset=60>, raw_classification='UNRECOGNIZED', classification=<NotificationClassification.UNRECOGNIZED: 'UNRECOGNIZED'>, raw_severity='WARNING', severity=<NotificationSeverity.WARNING: 'WARNING'>, diagnostic_record={'_classification': 'UNRECOGNIZED', '_severity': 'WARNING', '_position': {'offset': 60, 'line': 1, 'column': 61}, 'OPERATION': '', 'OPERATION_CODE': '0', 'CURRENT_SCHEMA': '/'}> for query: 'MATCH (atk:Subreddit)-[:POSTED]->(:Post {post_label: -1})-[:REFERENCES]->(a:Subreddit {name: $seed_a})\n            WITH atk\n            MATCH (atk)-[:POSTED]->(:Post {post_label: -1})-[:REFERENCES]->(b:Subreddit {name: $seed_b})\n            RETURN atk.name AS common_attacker ORDER BY atk.name LIMIT 25'
00:59:34  WARNING   Received notification from DBMS server: <GqlStatusObject gql_status='01N51', status_description='warn: relationship type does not exist. The relationship type `REFERENCES` does not exist. Verify that the spelling is correct.', position=<SummaryInputPosition line=3, column=63, offset=186>, raw_classification='UNRECOGNIZED', classification=<NotificationClassification.UNRECOGNIZED: 'UNRECOGNIZED'>, raw_severity='WARNING', severity=<NotificationSeverity.WARNING: 'WARNING'>, diagnostic_record={'_classification': 'UNRECOGNIZED', '_severity': 'WARNING', '_position': {'offset': 186, 'line': 3, 'column': 63}, 'OPERATION': '', 'OPERATION_CODE': '0', 'CURRENT_SCHEMA': '/'}> for query: 'MATCH (atk:Subreddit)-[:POSTED]->(:Post {post_label: -1})-[:REFERENCES]->(a:Subreddit {name: $seed_a})\n            WITH atk\n            MATCH (atk)-[:POSTED]->(:Post {post_label: -1})-[:REFERENCES]->(b:Subreddit {name: $seed_b})\n            RETURN atk.name AS common_attacker ORDER BY atk.name LIMIT 25'
00:59:34  INFO          warm 4/5: consumed=4.0 ms  available=190.0 ms
00:59:34  WARNING   Received notification from DBMS server: <GqlStatusObject gql_status='01N51', status_description='warn: relationship type does not exist. The relationship type `REFERENCES` does not exist. Verify that the spelling is correct.', position=<SummaryInputPosition line=1, column=61, offset=60>, raw_classification='UNRECOGNIZED', classification=<NotificationClassification.UNRECOGNIZED: 'UNRECOGNIZED'>, raw_severity='WARNING', severity=<NotificationSeverity.WARNING: 'WARNING'>, diagnostic_record={'_classification': 'UNRECOGNIZED', '_severity': 'WARNING', '_position': {'offset': 60, 'line': 1, 'column': 61}, 'OPERATION': '', 'OPERATION_CODE': '0', 'CURRENT_SCHEMA': '/'}> for query: 'MATCH (atk:Subreddit)-[:POSTED]->(:Post {post_label: -1})-[:REFERENCES]->(a:Subreddit {name: $seed_a})\n            WITH atk\n            MATCH (atk)-[:POSTED]->(:Post {post_label: -1})-[:REFERENCES]->(b:Subreddit {name: $seed_b})\n            RETURN atk.name AS common_attacker ORDER BY atk.name LIMIT 25'
00:59:34  WARNING   Received notification from DBMS server: <GqlStatusObject gql_status='01N51', status_description='warn: relationship type does not exist. The relationship type `REFERENCES` does not exist. Verify that the spelling is correct.', position=<SummaryInputPosition line=3, column=63, offset=186>, raw_classification='UNRECOGNIZED', classification=<NotificationClassification.UNRECOGNIZED: 'UNRECOGNIZED'>, raw_severity='WARNING', severity=<NotificationSeverity.WARNING: 'WARNING'>, diagnostic_record={'_classification': 'UNRECOGNIZED', '_severity': 'WARNING', '_position': {'offset': 186, 'line': 3, 'column': 63}, 'OPERATION': '', 'OPERATION_CODE': '0', 'CURRENT_SCHEMA': '/'}> for query: 'MATCH (atk:Subreddit)-[:POSTED]->(:Post {post_label: -1})-[:REFERENCES]->(a:Subreddit {name: $seed_a})\n            WITH atk\n            MATCH (atk)-[:POSTED]->(:Post {post_label: -1})-[:REFERENCES]->(b:Subreddit {name: $seed_b})\n            RETURN atk.name AS common_attacker ORDER BY atk.name LIMIT 25'
00:59:34  INFO          warm 5/5: consumed=1.0 ms  available=8.0 ms
00:59:34  INFO      Running T4-A: Global mutual hostile pairs
00:59:34  INFO        [Neo4j] T4-A cold run...
00:59:34  WARNING   Received notification from DBMS server: <GqlStatusObject gql_status='01N02', status_description='warn: feature deprecated without replacement. id is deprecated and will be removed without a replacement.', position=<SummaryInputPosition line=3, column=19, offset=177>, raw_classification='DEPRECATION', classification=<NotificationClassification.DEPRECATION: 'DEPRECATION'>, raw_severity='WARNING', severity=<NotificationSeverity.WARNING: 'WARNING'>, diagnostic_record={'_classification': 'DEPRECATION', '_severity': 'WARNING', '_position': {'offset': 177, 'line': 3, 'column': 19}, 'OPERATION': '', 'OPERATION_CODE': '0', 'CURRENT_SCHEMA': '/'}> for query: 'MATCH (a:Subreddit)-[:POSTED]->(:Post {post_label: -1})-[:REFERENCES]->(b:Subreddit)\n                  -[:POSTED]->(:Post {post_label: -1})-[:REFERENCES]->(a)\n            WHERE id(a) < id(b)\n            RETURN a.name AS sub_a, b.name AS sub_b, count(*) AS mutual_hostile_links\n            ORDER BY mutual_hostile_links DESC LIMIT 20'
00:59:34  WARNING   Received notification from DBMS server: <GqlStatusObject gql_status='01N02', status_description='warn: feature deprecated without replacement. id is deprecated and will be removed without a replacement.', position=<SummaryInputPosition line=3, column=27, offset=185>, raw_classification='DEPRECATION', classification=<NotificationClassification.DEPRECATION: 'DEPRECATION'>, raw_severity='WARNING', severity=<NotificationSeverity.WARNING: 'WARNING'>, diagnostic_record={'_classification': 'DEPRECATION', '_severity': 'WARNING', '_position': {'offset': 185, 'line': 3, 'column': 27}, 'OPERATION': '', 'OPERATION_CODE': '0', 'CURRENT_SCHEMA': '/'}> for query: 'MATCH (a:Subreddit)-[:POSTED]->(:Post {post_label: -1})-[:REFERENCES]->(b:Subreddit)\n                  -[:POSTED]->(:Post {post_label: -1})-[:REFERENCES]->(a)\n            WHERE id(a) < id(b)\n            RETURN a.name AS sub_a, b.name AS sub_b, count(*) AS mutual_hostile_links\n            ORDER BY mutual_hostile_links DESC LIMIT 20'
00:59:34  WARNING   Received notification from DBMS server: <GqlStatusObject gql_status='01N51', status_description='warn: relationship type does not exist. The relationship type `REFERENCES` does not exist. Verify that the spelling is correct.', position=<SummaryInputPosition line=1, column=59, offset=58>, raw_classification='UNRECOGNIZED', classification=<NotificationClassification.UNRECOGNIZED: 'UNRECOGNIZED'>, raw_severity='WARNING', severity=<NotificationSeverity.WARNING: 'WARNING'>, diagnostic_record={'_classification': 'UNRECOGNIZED', '_severity': 'WARNING', '_position': {'offset': 58, 'line': 1, 'column': 59}, 'OPERATION': '', 'OPERATION_CODE': '0', 'CURRENT_SCHEMA': '/'}> for query: 'MATCH (a:Subreddit)-[:POSTED]->(:Post {post_label: -1})-[:REFERENCES]->(b:Subreddit)\n                  -[:POSTED]->(:Post {post_label: -1})-[:REFERENCES]->(a)\n            WHERE id(a) < id(b)\n            RETURN a.name AS sub_a, b.name AS sub_b, count(*) AS mutual_hostile_links\n            ORDER BY mutual_hostile_links DESC LIMIT 20'
00:59:34  WARNING   Received notification from DBMS server: <GqlStatusObject gql_status='01N51', status_description='warn: relationship type does not exist. The relationship type `REFERENCES` does not exist. Verify that the spelling is correct.', position=<SummaryInputPosition line=2, column=58, offset=142>, raw_classification='UNRECOGNIZED', classification=<NotificationClassification.UNRECOGNIZED: 'UNRECOGNIZED'>, raw_severity='WARNING', severity=<NotificationSeverity.WARNING: 'WARNING'>, diagnostic_record={'_classification': 'UNRECOGNIZED', '_severity': 'WARNING', '_position': {'offset': 142, 'line': 2, 'column': 58}, 'OPERATION': '', 'OPERATION_CODE': '0', 'CURRENT_SCHEMA': '/'}> for query: 'MATCH (a:Subreddit)-[:POSTED]->(:Post {post_label: -1})-[:REFERENCES]->(b:Subreddit)\n                  -[:POSTED]->(:Post {post_label: -1})-[:REFERENCES]->(a)\n            WHERE id(a) < id(b)\n            RETURN a.name AS sub_a, b.name AS sub_b, count(*) AS mutual_hostile_links\n            ORDER BY mutual_hostile_links DESC LIMIT 20'
00:59:34  INFO          cold=38.8 ms  rows=0
00:59:34  INFO          profiling for db_hits (not timed)...
00:59:34  WARNING   Received notification from DBMS server: <GqlStatusObject gql_status='01N02', status_description='warn: feature deprecated without replacement. id is deprecated and will be removed without a replacement.', position=<SummaryInputPosition line=3, column=19, offset=185>, raw_classification='DEPRECATION', classification=<NotificationClassification.DEPRECATION: 'DEPRECATION'>, raw_severity='WARNING', severity=<NotificationSeverity.WARNING: 'WARNING'>, diagnostic_record={'_classification': 'DEPRECATION', '_severity': 'WARNING', '_position': {'offset': 185, 'line': 3, 'column': 19}, 'OPERATION': '', 'OPERATION_CODE': '0', 'CURRENT_SCHEMA': '/'}> for query: 'PROFILE MATCH (a:Subreddit)-[:POSTED]->(:Post {post_label: -1})-[:REFERENCES]->(b:Subreddit)\n                  -[:POSTED]->(:Post {post_label: -1})-[:REFERENCES]->(a)\n            WHERE id(a) < id(b)\n            RETURN a.name AS sub_a, b.name AS sub_b, count(*) AS mutual_hostile_links\n            ORDER BY mutual_hostile_links DESC LIMIT 20'
00:59:34  WARNING   Received notification from DBMS server: <GqlStatusObject gql_status='01N02', status_description='warn: feature deprecated without replacement. id is deprecated and will be removed without a replacement.', position=<SummaryInputPosition line=3, column=27, offset=193>, raw_classification='DEPRECATION', classification=<NotificationClassification.DEPRECATION: 'DEPRECATION'>, raw_severity='WARNING', severity=<NotificationSeverity.WARNING: 'WARNING'>, diagnostic_record={'_classification': 'DEPRECATION', '_severity': 'WARNING', '_position': {'offset': 193, 'line': 3, 'column': 27}, 'OPERATION': '', 'OPERATION_CODE': '0', 'CURRENT_SCHEMA': '/'}> for query: 'PROFILE MATCH (a:Subreddit)-[:POSTED]->(:Post {post_label: -1})-[:REFERENCES]->(b:Subreddit)\n                  -[:POSTED]->(:Post {post_label: -1})-[:REFERENCES]->(a)\n            WHERE id(a) < id(b)\n            RETURN a.name AS sub_a, b.name AS sub_b, count(*) AS mutual_hostile_links\n            ORDER BY mutual_hostile_links DESC LIMIT 20'
00:59:34  WARNING   Received notification from DBMS server: <GqlStatusObject gql_status='01N51', status_description='warn: relationship type does not exist. The relationship type `REFERENCES` does not exist. Verify that the spelling is correct.', position=<SummaryInputPosition line=1, column=67, offset=66>, raw_classification='UNRECOGNIZED', classification=<NotificationClassification.UNRECOGNIZED: 'UNRECOGNIZED'>, raw_severity='WARNING', severity=<NotificationSeverity.WARNING: 'WARNING'>, diagnostic_record={'_classification': 'UNRECOGNIZED', '_severity': 'WARNING', '_position': {'offset': 66, 'line': 1, 'column': 67}, 'OPERATION': '', 'OPERATION_CODE': '0', 'CURRENT_SCHEMA': '/'}> for query: 'PROFILE MATCH (a:Subreddit)-[:POSTED]->(:Post {post_label: -1})-[:REFERENCES]->(b:Subreddit)\n                  -[:POSTED]->(:Post {post_label: -1})-[:REFERENCES]->(a)\n            WHERE id(a) < id(b)\n            RETURN a.name AS sub_a, b.name AS sub_b, count(*) AS mutual_hostile_links\n            ORDER BY mutual_hostile_links DESC LIMIT 20'
00:59:34  WARNING   Received notification from DBMS server: <GqlStatusObject gql_status='01N51', status_description='warn: relationship type does not exist. The relationship type `REFERENCES` does not exist. Verify that the spelling is correct.', position=<SummaryInputPosition line=2, column=58, offset=150>, raw_classification='UNRECOGNIZED', classification=<NotificationClassification.UNRECOGNIZED: 'UNRECOGNIZED'>, raw_severity='WARNING', severity=<NotificationSeverity.WARNING: 'WARNING'>, diagnostic_record={'_classification': 'UNRECOGNIZED', '_severity': 'WARNING', '_position': {'offset': 150, 'line': 2, 'column': 58}, 'OPERATION': '', 'OPERATION_CODE': '0', 'CURRENT_SCHEMA': '/'}> for query: 'PROFILE MATCH (a:Subreddit)-[:POSTED]->(:Post {post_label: -1})-[:REFERENCES]->(b:Subreddit)\n                  -[:POSTED]->(:Post {post_label: -1})-[:REFERENCES]->(a)\n            WHERE id(a) < id(b)\n            RETURN a.name AS sub_a, b.name AS sub_b, count(*) AS mutual_hostile_links\n            ORDER BY mutual_hostile_links DESC LIMIT 20'
00:59:34  INFO          db_hits=0
00:59:35  WARNING   Received notification from DBMS server: <GqlStatusObject gql_status='01N02', status_description='warn: feature deprecated without replacement. id is deprecated and will be removed without a replacement.', position=<SummaryInputPosition line=3, column=19, offset=177>, raw_classification='DEPRECATION', classification=<NotificationClassification.DEPRECATION: 'DEPRECATION'>, raw_severity='WARNING', severity=<NotificationSeverity.WARNING: 'WARNING'>, diagnostic_record={'_classification': 'DEPRECATION', '_severity': 'WARNING', '_position': {'offset': 177, 'line': 3, 'column': 19}, 'OPERATION': '', 'OPERATION_CODE': '0', 'CURRENT_SCHEMA': '/'}> for query: 'MATCH (a:Subreddit)-[:POSTED]->(:Post {post_label: -1})-[:REFERENCES]->(b:Subreddit)\n                  -[:POSTED]->(:Post {post_label: -1})-[:REFERENCES]->(a)\n            WHERE id(a) < id(b)\n            RETURN a.name AS sub_a, b.name AS sub_b, count(*) AS mutual_hostile_links\n            ORDER BY mutual_hostile_links DESC LIMIT 20'
00:59:35  WARNING   Received notification from DBMS server: <GqlStatusObject gql_status='01N02', status_description='warn: feature deprecated without replacement. id is deprecated and will be removed without a replacement.', position=<SummaryInputPosition line=3, column=27, offset=185>, raw_classification='DEPRECATION', classification=<NotificationClassification.DEPRECATION: 'DEPRECATION'>, raw_severity='WARNING', severity=<NotificationSeverity.WARNING: 'WARNING'>, diagnostic_record={'_classification': 'DEPRECATION', '_severity': 'WARNING', '_position': {'offset': 185, 'line': 3, 'column': 27}, 'OPERATION': '', 'OPERATION_CODE': '0', 'CURRENT_SCHEMA': '/'}> for query: 'MATCH (a:Subreddit)-[:POSTED]->(:Post {post_label: -1})-[:REFERENCES]->(b:Subreddit)\n                  -[:POSTED]->(:Post {post_label: -1})-[:REFERENCES]->(a)\n            WHERE id(a) < id(b)\n            RETURN a.name AS sub_a, b.name AS sub_b, count(*) AS mutual_hostile_links\n            ORDER BY mutual_hostile_links DESC LIMIT 20'
00:59:35  WARNING   Received notification from DBMS server: <GqlStatusObject gql_status='01N51', status_description='warn: relationship type does not exist. The relationship type `REFERENCES` does not exist. Verify that the spelling is correct.', position=<SummaryInputPosition line=1, column=59, offset=58>, raw_classification='UNRECOGNIZED', classification=<NotificationClassification.UNRECOGNIZED: 'UNRECOGNIZED'>, raw_severity='WARNING', severity=<NotificationSeverity.WARNING: 'WARNING'>, diagnostic_record={'_classification': 'UNRECOGNIZED', '_severity': 'WARNING', '_position': {'offset': 58, 'line': 1, 'column': 59}, 'OPERATION': '', 'OPERATION_CODE': '0', 'CURRENT_SCHEMA': '/'}> for query: 'MATCH (a:Subreddit)-[:POSTED]->(:Post {post_label: -1})-[:REFERENCES]->(b:Subreddit)\n                  -[:POSTED]->(:Post {post_label: -1})-[:REFERENCES]->(a)\n            WHERE id(a) < id(b)\n            RETURN a.name AS sub_a, b.name AS sub_b, count(*) AS mutual_hostile_links\n            ORDER BY mutual_hostile_links DESC LIMIT 20'
00:59:35  WARNING   Received notification from DBMS server: <GqlStatusObject gql_status='01N51', status_description='warn: relationship type does not exist. The relationship type `REFERENCES` does not exist. Verify that the spelling is correct.', position=<SummaryInputPosition line=2, column=58, offset=142>, raw_classification='UNRECOGNIZED', classification=<NotificationClassification.UNRECOGNIZED: 'UNRECOGNIZED'>, raw_severity='WARNING', severity=<NotificationSeverity.WARNING: 'WARNING'>, diagnostic_record={'_classification': 'UNRECOGNIZED', '_severity': 'WARNING', '_position': {'offset': 142, 'line': 2, 'column': 58}, 'OPERATION': '', 'OPERATION_CODE': '0', 'CURRENT_SCHEMA': '/'}> for query: 'MATCH (a:Subreddit)-[:POSTED]->(:Post {post_label: -1})-[:REFERENCES]->(b:Subreddit)\n                  -[:POSTED]->(:Post {post_label: -1})-[:REFERENCES]->(a)\n            WHERE id(a) < id(b)\n            RETURN a.name AS sub_a, b.name AS sub_b, count(*) AS mutual_hostile_links\n            ORDER BY mutual_hostile_links DESC LIMIT 20'
00:59:35  INFO          warm 1/5: consumed=1.0 ms  available=18.0 ms
00:59:35  WARNING   Received notification from DBMS server: <GqlStatusObject gql_status='01N02', status_description='warn: feature deprecated without replacement. id is deprecated and will be removed without a replacement.', position=<SummaryInputPosition line=3, column=19, offset=177>, raw_classification='DEPRECATION', classification=<NotificationClassification.DEPRECATION: 'DEPRECATION'>, raw_severity='WARNING', severity=<NotificationSeverity.WARNING: 'WARNING'>, diagnostic_record={'_classification': 'DEPRECATION', '_severity': 'WARNING', '_position': {'offset': 177, 'line': 3, 'column': 19}, 'OPERATION': '', 'OPERATION_CODE': '0', 'CURRENT_SCHEMA': '/'}> for query: 'MATCH (a:Subreddit)-[:POSTED]->(:Post {post_label: -1})-[:REFERENCES]->(b:Subreddit)\n                  -[:POSTED]->(:Post {post_label: -1})-[:REFERENCES]->(a)\n            WHERE id(a) < id(b)\n            RETURN a.name AS sub_a, b.name AS sub_b, count(*) AS mutual_hostile_links\n            ORDER BY mutual_hostile_links DESC LIMIT 20'
00:59:35  WARNING   Received notification from DBMS server: <GqlStatusObject gql_status='01N02', status_description='warn: feature deprecated without replacement. id is deprecated and will be removed without a replacement.', position=<SummaryInputPosition line=3, column=27, offset=185>, raw_classification='DEPRECATION', classification=<NotificationClassification.DEPRECATION: 'DEPRECATION'>, raw_severity='WARNING', severity=<NotificationSeverity.WARNING: 'WARNING'>, diagnostic_record={'_classification': 'DEPRECATION', '_severity': 'WARNING', '_position': {'offset': 185, 'line': 3, 'column': 27}, 'OPERATION': '', 'OPERATION_CODE': '0', 'CURRENT_SCHEMA': '/'}> for query: 'MATCH (a:Subreddit)-[:POSTED]->(:Post {post_label: -1})-[:REFERENCES]->(b:Subreddit)\n                  -[:POSTED]->(:Post {post_label: -1})-[:REFERENCES]->(a)\n            WHERE id(a) < id(b)\n            RETURN a.name AS sub_a, b.name AS sub_b, count(*) AS mutual_hostile_links\n            ORDER BY mutual_hostile_links DESC LIMIT 20'
00:59:35  WARNING   Received notification from DBMS server: <GqlStatusObject gql_status='01N51', status_description='warn: relationship type does not exist. The relationship type `REFERENCES` does not exist. Verify that the spelling is correct.', position=<SummaryInputPosition line=1, column=59, offset=58>, raw_classification='UNRECOGNIZED', classification=<NotificationClassification.UNRECOGNIZED: 'UNRECOGNIZED'>, raw_severity='WARNING', severity=<NotificationSeverity.WARNING: 'WARNING'>, diagnostic_record={'_classification': 'UNRECOGNIZED', '_severity': 'WARNING', '_position': {'offset': 58, 'line': 1, 'column': 59}, 'OPERATION': '', 'OPERATION_CODE': '0', 'CURRENT_SCHEMA': '/'}> for query: 'MATCH (a:Subreddit)-[:POSTED]->(:Post {post_label: -1})-[:REFERENCES]->(b:Subreddit)\n                  -[:POSTED]->(:Post {post_label: -1})-[:REFERENCES]->(a)\n            WHERE id(a) < id(b)\n            RETURN a.name AS sub_a, b.name AS sub_b, count(*) AS mutual_hostile_links\n            ORDER BY mutual_hostile_links DESC LIMIT 20'
00:59:35  WARNING   Received notification from DBMS server: <GqlStatusObject gql_status='01N51', status_description='warn: relationship type does not exist. The relationship type `REFERENCES` does not exist. Verify that the spelling is correct.', position=<SummaryInputPosition line=2, column=58, offset=142>, raw_classification='UNRECOGNIZED', classification=<NotificationClassification.UNRECOGNIZED: 'UNRECOGNIZED'>, raw_severity='WARNING', severity=<NotificationSeverity.WARNING: 'WARNING'>, diagnostic_record={'_classification': 'UNRECOGNIZED', '_severity': 'WARNING', '_position': {'offset': 142, 'line': 2, 'column': 58}, 'OPERATION': '', 'OPERATION_CODE': '0', 'CURRENT_SCHEMA': '/'}> for query: 'MATCH (a:Subreddit)-[:POSTED]->(:Post {post_label: -1})-[:REFERENCES]->(b:Subreddit)\n                  -[:POSTED]->(:Post {post_label: -1})-[:REFERENCES]->(a)\n            WHERE id(a) < id(b)\n            RETURN a.name AS sub_a, b.name AS sub_b, count(*) AS mutual_hostile_links\n            ORDER BY mutual_hostile_links DESC LIMIT 20'
00:59:35  INFO          warm 2/5: consumed=2.0 ms  available=14.0 ms
00:59:35  WARNING   Received notification from DBMS server: <GqlStatusObject gql_status='01N02', status_description='warn: feature deprecated without replacement. id is deprecated and will be removed without a replacement.', position=<SummaryInputPosition line=3, column=19, offset=177>, raw_classification='DEPRECATION', classification=<NotificationClassification.DEPRECATION: 'DEPRECATION'>, raw_severity='WARNING', severity=<NotificationSeverity.WARNING: 'WARNING'>, diagnostic_record={'_classification': 'DEPRECATION', '_severity': 'WARNING', '_position': {'offset': 177, 'line': 3, 'column': 19}, 'OPERATION': '', 'OPERATION_CODE': '0', 'CURRENT_SCHEMA': '/'}> for query: 'MATCH (a:Subreddit)-[:POSTED]->(:Post {post_label: -1})-[:REFERENCES]->(b:Subreddit)\n                  -[:POSTED]->(:Post {post_label: -1})-[:REFERENCES]->(a)\n            WHERE id(a) < id(b)\n            RETURN a.name AS sub_a, b.name AS sub_b, count(*) AS mutual_hostile_links\n            ORDER BY mutual_hostile_links DESC LIMIT 20'
00:59:35  WARNING   Received notification from DBMS server: <GqlStatusObject gql_status='01N02', status_description='warn: feature deprecated without replacement. id is deprecated and will be removed without a replacement.', position=<SummaryInputPosition line=3, column=27, offset=185>, raw_classification='DEPRECATION', classification=<NotificationClassification.DEPRECATION: 'DEPRECATION'>, raw_severity='WARNING', severity=<NotificationSeverity.WARNING: 'WARNING'>, diagnostic_record={'_classification': 'DEPRECATION', '_severity': 'WARNING', '_position': {'offset': 185, 'line': 3, 'column': 27}, 'OPERATION': '', 'OPERATION_CODE': '0', 'CURRENT_SCHEMA': '/'}> for query: 'MATCH (a:Subreddit)-[:POSTED]->(:Post {post_label: -1})-[:REFERENCES]->(b:Subreddit)\n                  -[:POSTED]->(:Post {post_label: -1})-[:REFERENCES]->(a)\n            WHERE id(a) < id(b)\n            RETURN a.name AS sub_a, b.name AS sub_b, count(*) AS mutual_hostile_links\n            ORDER BY mutual_hostile_links DESC LIMIT 20'
00:59:35  WARNING   Received notification from DBMS server: <GqlStatusObject gql_status='01N51', status_description='warn: relationship type does not exist. The relationship type `REFERENCES` does not exist. Verify that the spelling is correct.', position=<SummaryInputPosition line=1, column=59, offset=58>, raw_classification='UNRECOGNIZED', classification=<NotificationClassification.UNRECOGNIZED: 'UNRECOGNIZED'>, raw_severity='WARNING', severity=<NotificationSeverity.WARNING: 'WARNING'>, diagnostic_record={'_classification': 'UNRECOGNIZED', '_severity': 'WARNING', '_position': {'offset': 58, 'line': 1, 'column': 59}, 'OPERATION': '', 'OPERATION_CODE': '0', 'CURRENT_SCHEMA': '/'}> for query: 'MATCH (a:Subreddit)-[:POSTED]->(:Post {post_label: -1})-[:REFERENCES]->(b:Subreddit)\n                  -[:POSTED]->(:Post {post_label: -1})-[:REFERENCES]->(a)\n            WHERE id(a) < id(b)\n            RETURN a.name AS sub_a, b.name AS sub_b, count(*) AS mutual_hostile_links\n            ORDER BY mutual_hostile_links DESC LIMIT 20'
00:59:35  WARNING   Received notification from DBMS server: <GqlStatusObject gql_status='01N51', status_description='warn: relationship type does not exist. The relationship type `REFERENCES` does not exist. Verify that the spelling is correct.', position=<SummaryInputPosition line=2, column=58, offset=142>, raw_classification='UNRECOGNIZED', classification=<NotificationClassification.UNRECOGNIZED: 'UNRECOGNIZED'>, raw_severity='WARNING', severity=<NotificationSeverity.WARNING: 'WARNING'>, diagnostic_record={'_classification': 'UNRECOGNIZED', '_severity': 'WARNING', '_position': {'offset': 142, 'line': 2, 'column': 58}, 'OPERATION': '', 'OPERATION_CODE': '0', 'CURRENT_SCHEMA': '/'}> for query: 'MATCH (a:Subreddit)-[:POSTED]->(:Post {post_label: -1})-[:REFERENCES]->(b:Subreddit)\n                  -[:POSTED]->(:Post {post_label: -1})-[:REFERENCES]->(a)\n            WHERE id(a) < id(b)\n            RETURN a.name AS sub_a, b.name AS sub_b, count(*) AS mutual_hostile_links\n            ORDER BY mutual_hostile_links DESC LIMIT 20'
00:59:35  INFO          warm 3/5: consumed=3.0 ms  available=11.0 ms
00:59:35  WARNING   Received notification from DBMS server: <GqlStatusObject gql_status='01N02', status_description='warn: feature deprecated without replacement. id is deprecated and will be removed without a replacement.', position=<SummaryInputPosition line=3, column=19, offset=177>, raw_classification='DEPRECATION', classification=<NotificationClassification.DEPRECATION: 'DEPRECATION'>, raw_severity='WARNING', severity=<NotificationSeverity.WARNING: 'WARNING'>, diagnostic_record={'_classification': 'DEPRECATION', '_severity': 'WARNING', '_position': {'offset': 177, 'line': 3, 'column': 19}, 'OPERATION': '', 'OPERATION_CODE': '0', 'CURRENT_SCHEMA': '/'}> for query: 'MATCH (a:Subreddit)-[:POSTED]->(:Post {post_label: -1})-[:REFERENCES]->(b:Subreddit)\n                  -[:POSTED]->(:Post {post_label: -1})-[:REFERENCES]->(a)\n            WHERE id(a) < id(b)\n            RETURN a.name AS sub_a, b.name AS sub_b, count(*) AS mutual_hostile_links\n            ORDER BY mutual_hostile_links DESC LIMIT 20'
00:59:35  WARNING   Received notification from DBMS server: <GqlStatusObject gql_status='01N02', status_description='warn: feature deprecated without replacement. id is deprecated and will be removed without a replacement.', position=<SummaryInputPosition line=3, column=27, offset=185>, raw_classification='DEPRECATION', classification=<NotificationClassification.DEPRECATION: 'DEPRECATION'>, raw_severity='WARNING', severity=<NotificationSeverity.WARNING: 'WARNING'>, diagnostic_record={'_classification': 'DEPRECATION', '_severity': 'WARNING', '_position': {'offset': 185, 'line': 3, 'column': 27}, 'OPERATION': '', 'OPERATION_CODE': '0', 'CURRENT_SCHEMA': '/'}> for query: 'MATCH (a:Subreddit)-[:POSTED]->(:Post {post_label: -1})-[:REFERENCES]->(b:Subreddit)\n                  -[:POSTED]->(:Post {post_label: -1})-[:REFERENCES]->(a)\n            WHERE id(a) < id(b)\n            RETURN a.name AS sub_a, b.name AS sub_b, count(*) AS mutual_hostile_links\n            ORDER BY mutual_hostile_links DESC LIMIT 20'
00:59:35  WARNING   Received notification from DBMS server: <GqlStatusObject gql_status='01N51', status_description='warn: relationship type does not exist. The relationship type `REFERENCES` does not exist. Verify that the spelling is correct.', position=<SummaryInputPosition line=1, column=59, offset=58>, raw_classification='UNRECOGNIZED', classification=<NotificationClassification.UNRECOGNIZED: 'UNRECOGNIZED'>, raw_severity='WARNING', severity=<NotificationSeverity.WARNING: 'WARNING'>, diagnostic_record={'_classification': 'UNRECOGNIZED', '_severity': 'WARNING', '_position': {'offset': 58, 'line': 1, 'column': 59}, 'OPERATION': '', 'OPERATION_CODE': '0', 'CURRENT_SCHEMA': '/'}> for query: 'MATCH (a:Subreddit)-[:POSTED]->(:Post {post_label: -1})-[:REFERENCES]->(b:Subreddit)\n                  -[:POSTED]->(:Post {post_label: -1})-[:REFERENCES]->(a)\n            WHERE id(a) < id(b)\n            RETURN a.name AS sub_a, b.name AS sub_b, count(*) AS mutual_hostile_links\n            ORDER BY mutual_hostile_links DESC LIMIT 20'
00:59:35  WARNING   Received notification from DBMS server: <GqlStatusObject gql_status='01N51', status_description='warn: relationship type does not exist. The relationship type `REFERENCES` does not exist. Verify that the spelling is correct.', position=<SummaryInputPosition line=2, column=58, offset=142>, raw_classification='UNRECOGNIZED', classification=<NotificationClassification.UNRECOGNIZED: 'UNRECOGNIZED'>, raw_severity='WARNING', severity=<NotificationSeverity.WARNING: 'WARNING'>, diagnostic_record={'_classification': 'UNRECOGNIZED', '_severity': 'WARNING', '_position': {'offset': 142, 'line': 2, 'column': 58}, 'OPERATION': '', 'OPERATION_CODE': '0', 'CURRENT_SCHEMA': '/'}> for query: 'MATCH (a:Subreddit)-[:POSTED]->(:Post {post_label: -1})-[:REFERENCES]->(b:Subreddit)\n                  -[:POSTED]->(:Post {post_label: -1})-[:REFERENCES]->(a)\n            WHERE id(a) < id(b)\n            RETURN a.name AS sub_a, b.name AS sub_b, count(*) AS mutual_hostile_links\n            ORDER BY mutual_hostile_links DESC LIMIT 20'
00:59:35  INFO          warm 4/5: consumed=7.0 ms  available=253.0 ms
00:59:35  WARNING   Received notification from DBMS server: <GqlStatusObject gql_status='01N02', status_description='warn: feature deprecated without replacement. id is deprecated and will be removed without a replacement.', position=<SummaryInputPosition line=3, column=19, offset=177>, raw_classification='DEPRECATION', classification=<NotificationClassification.DEPRECATION: 'DEPRECATION'>, raw_severity='WARNING', severity=<NotificationSeverity.WARNING: 'WARNING'>, diagnostic_record={'_classification': 'DEPRECATION', '_severity': 'WARNING', '_position': {'offset': 177, 'line': 3, 'column': 19}, 'OPERATION': '', 'OPERATION_CODE': '0', 'CURRENT_SCHEMA': '/'}> for query: 'MATCH (a:Subreddit)-[:POSTED]->(:Post {post_label: -1})-[:REFERENCES]->(b:Subreddit)\n                  -[:POSTED]->(:Post {post_label: -1})-[:REFERENCES]->(a)\n            WHERE id(a) < id(b)\n            RETURN a.name AS sub_a, b.name AS sub_b, count(*) AS mutual_hostile_links\n            ORDER BY mutual_hostile_links DESC LIMIT 20'
00:59:35  WARNING   Received notification from DBMS server: <GqlStatusObject gql_status='01N02', status_description='warn: feature deprecated without replacement. id is deprecated and will be removed without a replacement.', position=<SummaryInputPosition line=3, column=27, offset=185>, raw_classification='DEPRECATION', classification=<NotificationClassification.DEPRECATION: 'DEPRECATION'>, raw_severity='WARNING', severity=<NotificationSeverity.WARNING: 'WARNING'>, diagnostic_record={'_classification': 'DEPRECATION', '_severity': 'WARNING', '_position': {'offset': 185, 'line': 3, 'column': 27}, 'OPERATION': '', 'OPERATION_CODE': '0', 'CURRENT_SCHEMA': '/'}> for query: 'MATCH (a:Subreddit)-[:POSTED]->(:Post {post_label: -1})-[:REFERENCES]->(b:Subreddit)\n                  -[:POSTED]->(:Post {post_label: -1})-[:REFERENCES]->(a)\n            WHERE id(a) < id(b)\n            RETURN a.name AS sub_a, b.name AS sub_b, count(*) AS mutual_hostile_links\n            ORDER BY mutual_hostile_links DESC LIMIT 20'
00:59:35  WARNING   Received notification from DBMS server: <GqlStatusObject gql_status='01N51', status_description='warn: relationship type does not exist. The relationship type `REFERENCES` does not exist. Verify that the spelling is correct.', position=<SummaryInputPosition line=1, column=59, offset=58>, raw_classification='UNRECOGNIZED', classification=<NotificationClassification.UNRECOGNIZED: 'UNRECOGNIZED'>, raw_severity='WARNING', severity=<NotificationSeverity.WARNING: 'WARNING'>, diagnostic_record={'_classification': 'UNRECOGNIZED', '_severity': 'WARNING', '_position': {'offset': 58, 'line': 1, 'column': 59}, 'OPERATION': '', 'OPERATION_CODE': '0', 'CURRENT_SCHEMA': '/'}> for query: 'MATCH (a:Subreddit)-[:POSTED]->(:Post {post_label: -1})-[:REFERENCES]->(b:Subreddit)\n                  -[:POSTED]->(:Post {post_label: -1})-[:REFERENCES]->(a)\n            WHERE id(a) < id(b)\n            RETURN a.name AS sub_a, b.name AS sub_b, count(*) AS mutual_hostile_links\n            ORDER BY mutual_hostile_links DESC LIMIT 20'
00:59:35  WARNING   Received notification from DBMS server: <GqlStatusObject gql_status='01N51', status_description='warn: relationship type does not exist. The relationship type `REFERENCES` does not exist. Verify that the spelling is correct.', position=<SummaryInputPosition line=2, column=58, offset=142>, raw_classification='UNRECOGNIZED', classification=<NotificationClassification.UNRECOGNIZED: 'UNRECOGNIZED'>, raw_severity='WARNING', severity=<NotificationSeverity.WARNING: 'WARNING'>, diagnostic_record={'_classification': 'UNRECOGNIZED', '_severity': 'WARNING', '_position': {'offset': 142, 'line': 2, 'column': 58}, 'OPERATION': '', 'OPERATION_CODE': '0', 'CURRENT_SCHEMA': '/'}> for query: 'MATCH (a:Subreddit)-[:POSTED]->(:Post {post_label: -1})-[:REFERENCES]->(b:Subreddit)\n                  -[:POSTED]->(:Post {post_label: -1})-[:REFERENCES]->(a)\n            WHERE id(a) < id(b)\n            RETURN a.name AS sub_a, b.name AS sub_b, count(*) AS mutual_hostile_links\n            ORDER BY mutual_hostile_links DESC LIMIT 20'
00:59:35  INFO          warm 5/5: consumed=2.0 ms  available=12.0 ms
00:59:35  INFO      Running T4-B: Bounded BFS depth 2 from seed_bfs
00:59:35  INFO        [Neo4j] T4-B cold run...
00:59:48  WARNING   Received notification from DBMS server: <GqlStatusObject gql_status='01N51', status_description='warn: relationship type does not exist. The relationship type `REFERENCES` does not exist. Verify that the spelling is correct.', position=<SummaryInputPosition line=1, column=54, offset=53>, raw_classification='UNRECOGNIZED', classification=<NotificationClassification.UNRECOGNIZED: 'UNRECOGNIZED'>, raw_severity='WARNING', severity=<NotificationSeverity.WARNING: 'WARNING'>, diagnostic_record={'_classification': 'UNRECOGNIZED', '_severity': 'WARNING', '_position': {'offset': 53, 'line': 1, 'column': 54}, 'OPERATION': '', 'OPERATION_CODE': '0', 'CURRENT_SCHEMA': '/'}> for query: 'MATCH p = (src:Subreddit {name: $seed_bfs})-[:POSTED|REFERENCES*2..4]->(tgt:Subreddit)\n            WHERE src <> tgt\n            WITH tgt, min(length(p) / 2) AS min_hops\n            RETURN tgt.name AS reachable, min_hops ORDER BY min_hops, tgt.name LIMIT 500'
00:59:48  INFO          cold=12869.1 ms  rows=0
00:59:48  INFO          profiling for db_hits (not timed)...
00:59:48  WARNING   Received notification from DBMS server: <GqlStatusObject gql_status='01N51', status_description='warn: relationship type does not exist. The relationship type `REFERENCES` does not exist. Verify that the spelling is correct.', position=<SummaryInputPosition line=1, column=62, offset=61>, raw_classification='UNRECOGNIZED', classification=<NotificationClassification.UNRECOGNIZED: 'UNRECOGNIZED'>, raw_severity='WARNING', severity=<NotificationSeverity.WARNING: 'WARNING'>, diagnostic_record={'_classification': 'UNRECOGNIZED', '_severity': 'WARNING', '_position': {'offset': 61, 'line': 1, 'column': 62}, 'OPERATION': '', 'OPERATION_CODE': '0', 'CURRENT_SCHEMA': '/'}> for query: 'PROFILE MATCH p = (src:Subreddit {name: $seed_bfs})-[:POSTED|REFERENCES*2..4]->(tgt:Subreddit)\n            WHERE src <> tgt\n            WITH tgt, min(length(p) / 2) AS min_hops\n            RETURN tgt.name AS reachable, min_hops ORDER BY min_hops, tgt.name LIMIT 500'
00:59:48  INFO          db_hits=0
00:59:49  WARNING   Received notification from DBMS server: <GqlStatusObject gql_status='01N51', status_description='warn: relationship type does not exist. The relationship type `REFERENCES` does not exist. Verify that the spelling is correct.', position=<SummaryInputPosition line=1, column=54, offset=53>, raw_classification='UNRECOGNIZED', classification=<NotificationClassification.UNRECOGNIZED: 'UNRECOGNIZED'>, raw_severity='WARNING', severity=<NotificationSeverity.WARNING: 'WARNING'>, diagnostic_record={'_classification': 'UNRECOGNIZED', '_severity': 'WARNING', '_position': {'offset': 53, 'line': 1, 'column': 54}, 'OPERATION': '', 'OPERATION_CODE': '0', 'CURRENT_SCHEMA': '/'}> for query: 'MATCH p = (src:Subreddit {name: $seed_bfs})-[:POSTED|REFERENCES*2..4]->(tgt:Subreddit)\n            WHERE src <> tgt\n            WITH tgt, min(length(p) / 2) AS min_hops\n            RETURN tgt.name AS reachable, min_hops ORDER BY min_hops, tgt.name LIMIT 500'
00:59:49  INFO          warm 1/5: consumed=676.0 ms  available=4.0 ms
00:59:49  WARNING   Received notification from DBMS server: <GqlStatusObject gql_status='01N51', status_description='warn: relationship type does not exist. The relationship type `REFERENCES` does not exist. Verify that the spelling is correct.', position=<SummaryInputPosition line=1, column=54, offset=53>, raw_classification='UNRECOGNIZED', classification=<NotificationClassification.UNRECOGNIZED: 'UNRECOGNIZED'>, raw_severity='WARNING', severity=<NotificationSeverity.WARNING: 'WARNING'>, diagnostic_record={'_classification': 'UNRECOGNIZED', '_severity': 'WARNING', '_position': {'offset': 53, 'line': 1, 'column': 54}, 'OPERATION': '', 'OPERATION_CODE': '0', 'CURRENT_SCHEMA': '/'}> for query: 'MATCH p = (src:Subreddit {name: $seed_bfs})-[:POSTED|REFERENCES*2..4]->(tgt:Subreddit)\n            WHERE src <> tgt\n            WITH tgt, min(length(p) / 2) AS min_hops\n            RETURN tgt.name AS reachable, min_hops ORDER BY min_hops, tgt.name LIMIT 500'
00:59:49  INFO          warm 2/5: consumed=97.0 ms  available=2.0 ms
00:59:50  WARNING   Received notification from DBMS server: <GqlStatusObject gql_status='01N51', status_description='warn: relationship type does not exist. The relationship type `REFERENCES` does not exist. Verify that the spelling is correct.', position=<SummaryInputPosition line=1, column=54, offset=53>, raw_classification='UNRECOGNIZED', classification=<NotificationClassification.UNRECOGNIZED: 'UNRECOGNIZED'>, raw_severity='WARNING', severity=<NotificationSeverity.WARNING: 'WARNING'>, diagnostic_record={'_classification': 'UNRECOGNIZED', '_severity': 'WARNING', '_position': {'offset': 53, 'line': 1, 'column': 54}, 'OPERATION': '', 'OPERATION_CODE': '0', 'CURRENT_SCHEMA': '/'}> for query: 'MATCH p = (src:Subreddit {name: $seed_bfs})-[:POSTED|REFERENCES*2..4]->(tgt:Subreddit)\n            WHERE src <> tgt\n            WITH tgt, min(length(p) / 2) AS min_hops\n            RETURN tgt.name AS reachable, min_hops ORDER BY min_hops, tgt.name LIMIT 500'
00:59:50  INFO          warm 3/5: consumed=1219.0 ms  available=6.0 ms
00:59:51  WARNING   Received notification from DBMS server: <GqlStatusObject gql_status='01N51', status_description='warn: relationship type does not exist. The relationship type `REFERENCES` does not exist. Verify that the spelling is correct.', position=<SummaryInputPosition line=1, column=54, offset=53>, raw_classification='UNRECOGNIZED', classification=<NotificationClassification.UNRECOGNIZED: 'UNRECOGNIZED'>, raw_severity='WARNING', severity=<NotificationSeverity.WARNING: 'WARNING'>, diagnostic_record={'_classification': 'UNRECOGNIZED', '_severity': 'WARNING', '_position': {'offset': 53, 'line': 1, 'column': 54}, 'OPERATION': '', 'OPERATION_CODE': '0', 'CURRENT_SCHEMA': '/'}> for query: 'MATCH p = (src:Subreddit {name: $seed_bfs})-[:POSTED|REFERENCES*2..4]->(tgt:Subreddit)\n            WHERE src <> tgt\n            WITH tgt, min(length(p) / 2) AS min_hops\n            RETURN tgt.name AS reachable, min_hops ORDER BY min_hops, tgt.name LIMIT 500'
00:59:51  INFO          warm 4/5: consumed=122.0 ms  available=181.0 ms
00:59:51  WARNING   Received notification from DBMS server: <GqlStatusObject gql_status='01N51', status_description='warn: relationship type does not exist. The relationship type `REFERENCES` does not exist. Verify that the spelling is correct.', position=<SummaryInputPosition line=1, column=54, offset=53>, raw_classification='UNRECOGNIZED', classification=<NotificationClassification.UNRECOGNIZED: 'UNRECOGNIZED'>, raw_severity='WARNING', severity=<NotificationSeverity.WARNING: 'WARNING'>, diagnostic_record={'_classification': 'UNRECOGNIZED', '_severity': 'WARNING', '_position': {'offset': 53, 'line': 1, 'column': 54}, 'OPERATION': '', 'OPERATION_CODE': '0', 'CURRENT_SCHEMA': '/'}> for query: 'MATCH p = (src:Subreddit {name: $seed_bfs})-[:POSTED|REFERENCES*2..4]->(tgt:Subreddit)\n            WHERE src <> tgt\n            WITH tgt, min(length(p) / 2) AS min_hops\n            RETURN tgt.name AS reachable, min_hops ORDER BY min_hops, tgt.name LIMIT 500'
00:59:51  INFO          warm 5/5: consumed=145.0 ms  available=1.0 ms
00:59:51  INFO      Running T5-A: 3-node hostile cycles seeded
00:59:51  INFO        [Neo4j] T5-A cold run...
00:59:51  WARNING   Received notification from DBMS server: <GqlStatusObject gql_status='01N51', status_description='warn: relationship type does not exist. The relationship type `REFERENCES` does not exist. Verify that the spelling is correct.', position=<SummaryInputPosition line=3, column=58, offset=175>, raw_classification='UNRECOGNIZED', classification=<NotificationClassification.UNRECOGNIZED: 'UNRECOGNIZED'>, raw_severity='WARNING', severity=<NotificationSeverity.WARNING: 'WARNING'>, diagnostic_record={'_classification': 'UNRECOGNIZED', '_severity': 'WARNING', '_position': {'offset': 175, 'line': 3, 'column': 58}, 'OPERATION': '', 'OPERATION_CODE': '0', 'CURRENT_SCHEMA': '/'}> for query: 'MATCH (a:Subreddit {name: $seed})\n                  -[:POSTED]->(:Post {post_label: -1})-[:REFERENCES]->(b:Subreddit)\n                  -[:POSTED]->(:Post {post_label: -1})-[:REFERENCES]->(c:Subreddit)\n                  -[:POSTED]->(:Post {post_label: -1})-[:REFERENCES]->(a)\n            WHERE id(b) < id(c)\n            RETURN a.name AS node_a, b.name AS node_b, c.name AS node_c LIMIT 50'
00:59:51  WARNING   Received notification from DBMS server: <GqlStatusObject gql_status='01N02', status_description='warn: feature deprecated without replacement. id is deprecated and will be removed without a replacement.', position=<SummaryInputPosition line=5, column=27, offset=302>, raw_classification='DEPRECATION', classification=<NotificationClassification.DEPRECATION: 'DEPRECATION'>, raw_severity='WARNING', severity=<NotificationSeverity.WARNING: 'WARNING'>, diagnostic_record={'_classification': 'DEPRECATION', '_severity': 'WARNING', '_position': {'offset': 302, 'line': 5, 'column': 27}, 'OPERATION': '', 'OPERATION_CODE': '0', 'CURRENT_SCHEMA': '/'}> for query: 'MATCH (a:Subreddit {name: $seed})\n                  -[:POSTED]->(:Post {post_label: -1})-[:REFERENCES]->(b:Subreddit)\n                  -[:POSTED]->(:Post {post_label: -1})-[:REFERENCES]->(c:Subreddit)\n                  -[:POSTED]->(:Post {post_label: -1})-[:REFERENCES]->(a)\n            WHERE id(b) < id(c)\n            RETURN a.name AS node_a, b.name AS node_b, c.name AS node_c LIMIT 50'
00:59:51  WARNING   Received notification from DBMS server: <GqlStatusObject gql_status='01N51', status_description='warn: relationship type does not exist. The relationship type `REFERENCES` does not exist. Verify that the spelling is correct.', position=<SummaryInputPosition line=2, column=58, offset=91>, raw_classification='UNRECOGNIZED', classification=<NotificationClassification.UNRECOGNIZED: 'UNRECOGNIZED'>, raw_severity='WARNING', severity=<NotificationSeverity.WARNING: 'WARNING'>, diagnostic_record={'_classification': 'UNRECOGNIZED', '_severity': 'WARNING', '_position': {'offset': 91, 'line': 2, 'column': 58}, 'OPERATION': '', 'OPERATION_CODE': '0', 'CURRENT_SCHEMA': '/'}> for query: 'MATCH (a:Subreddit {name: $seed})\n                  -[:POSTED]->(:Post {post_label: -1})-[:REFERENCES]->(b:Subreddit)\n                  -[:POSTED]->(:Post {post_label: -1})-[:REFERENCES]->(c:Subreddit)\n                  -[:POSTED]->(:Post {post_label: -1})-[:REFERENCES]->(a)\n            WHERE id(b) < id(c)\n            RETURN a.name AS node_a, b.name AS node_b, c.name AS node_c LIMIT 50'
00:59:51  WARNING   Received notification from DBMS server: <GqlStatusObject gql_status='01N51', status_description='warn: relationship type does not exist. The relationship type `REFERENCES` does not exist. Verify that the spelling is correct.', position=<SummaryInputPosition line=4, column=58, offset=259>, raw_classification='UNRECOGNIZED', classification=<NotificationClassification.UNRECOGNIZED: 'UNRECOGNIZED'>, raw_severity='WARNING', severity=<NotificationSeverity.WARNING: 'WARNING'>, diagnostic_record={'_classification': 'UNRECOGNIZED', '_severity': 'WARNING', '_position': {'offset': 259, 'line': 4, 'column': 58}, 'OPERATION': '', 'OPERATION_CODE': '0', 'CURRENT_SCHEMA': '/'}> for query: 'MATCH (a:Subreddit {name: $seed})\n                  -[:POSTED]->(:Post {post_label: -1})-[:REFERENCES]->(b:Subreddit)\n                  -[:POSTED]->(:Post {post_label: -1})-[:REFERENCES]->(c:Subreddit)\n                  -[:POSTED]->(:Post {post_label: -1})-[:REFERENCES]->(a)\n            WHERE id(b) < id(c)\n            RETURN a.name AS node_a, b.name AS node_b, c.name AS node_c LIMIT 50'
00:59:51  WARNING   Received notification from DBMS server: <GqlStatusObject gql_status='01N02', status_description='warn: feature deprecated without replacement. id is deprecated and will be removed without a replacement.', position=<SummaryInputPosition line=5, column=19, offset=294>, raw_classification='DEPRECATION', classification=<NotificationClassification.DEPRECATION: 'DEPRECATION'>, raw_severity='WARNING', severity=<NotificationSeverity.WARNING: 'WARNING'>, diagnostic_record={'_classification': 'DEPRECATION', '_severity': 'WARNING', '_position': {'offset': 294, 'line': 5, 'column': 19}, 'OPERATION': '', 'OPERATION_CODE': '0', 'CURRENT_SCHEMA': '/'}> for query: 'MATCH (a:Subreddit {name: $seed})\n                  -[:POSTED]->(:Post {post_label: -1})-[:REFERENCES]->(b:Subreddit)\n                  -[:POSTED]->(:Post {post_label: -1})-[:REFERENCES]->(c:Subreddit)\n                  -[:POSTED]->(:Post {post_label: -1})-[:REFERENCES]->(a)\n            WHERE id(b) < id(c)\n            RETURN a.name AS node_a, b.name AS node_b, c.name AS node_c LIMIT 50'
00:59:51  INFO          cold=23.0 ms  rows=0
00:59:51  INFO          profiling for db_hits (not timed)...
00:59:51  WARNING   Received notification from DBMS server: <GqlStatusObject gql_status='01N51', status_description='warn: relationship type does not exist. The relationship type `REFERENCES` does not exist. Verify that the spelling is correct.', position=<SummaryInputPosition line=3, column=58, offset=183>, raw_classification='UNRECOGNIZED', classification=<NotificationClassification.UNRECOGNIZED: 'UNRECOGNIZED'>, raw_severity='WARNING', severity=<NotificationSeverity.WARNING: 'WARNING'>, diagnostic_record={'_classification': 'UNRECOGNIZED', '_severity': 'WARNING', '_position': {'offset': 183, 'line': 3, 'column': 58}, 'OPERATION': '', 'OPERATION_CODE': '0', 'CURRENT_SCHEMA': '/'}> for query: 'PROFILE MATCH (a:Subreddit {name: $seed})\n                  -[:POSTED]->(:Post {post_label: -1})-[:REFERENCES]->(b:Subreddit)\n                  -[:POSTED]->(:Post {post_label: -1})-[:REFERENCES]->(c:Subreddit)\n                  -[:POSTED]->(:Post {post_label: -1})-[:REFERENCES]->(a)\n            WHERE id(b) < id(c)\n            RETURN a.name AS node_a, b.name AS node_b, c.name AS node_c LIMIT 50'
00:59:51  WARNING   Received notification from DBMS server: <GqlStatusObject gql_status='01N02', status_description='warn: feature deprecated without replacement. id is deprecated and will be removed without a replacement.', position=<SummaryInputPosition line=5, column=27, offset=310>, raw_classification='DEPRECATION', classification=<NotificationClassification.DEPRECATION: 'DEPRECATION'>, raw_severity='WARNING', severity=<NotificationSeverity.WARNING: 'WARNING'>, diagnostic_record={'_classification': 'DEPRECATION', '_severity': 'WARNING', '_position': {'offset': 310, 'line': 5, 'column': 27}, 'OPERATION': '', 'OPERATION_CODE': '0', 'CURRENT_SCHEMA': '/'}> for query: 'PROFILE MATCH (a:Subreddit {name: $seed})\n                  -[:POSTED]->(:Post {post_label: -1})-[:REFERENCES]->(b:Subreddit)\n                  -[:POSTED]->(:Post {post_label: -1})-[:REFERENCES]->(c:Subreddit)\n                  -[:POSTED]->(:Post {post_label: -1})-[:REFERENCES]->(a)\n            WHERE id(b) < id(c)\n            RETURN a.name AS node_a, b.name AS node_b, c.name AS node_c LIMIT 50'
00:59:51  WARNING   Received notification from DBMS server: <GqlStatusObject gql_status='01N51', status_description='warn: relationship type does not exist. The relationship type `REFERENCES` does not exist. Verify that the spelling is correct.', position=<SummaryInputPosition line=2, column=58, offset=99>, raw_classification='UNRECOGNIZED', classification=<NotificationClassification.UNRECOGNIZED: 'UNRECOGNIZED'>, raw_severity='WARNING', severity=<NotificationSeverity.WARNING: 'WARNING'>, diagnostic_record={'_classification': 'UNRECOGNIZED', '_severity': 'WARNING', '_position': {'offset': 99, 'line': 2, 'column': 58}, 'OPERATION': '', 'OPERATION_CODE': '0', 'CURRENT_SCHEMA': '/'}> for query: 'PROFILE MATCH (a:Subreddit {name: $seed})\n                  -[:POSTED]->(:Post {post_label: -1})-[:REFERENCES]->(b:Subreddit)\n                  -[:POSTED]->(:Post {post_label: -1})-[:REFERENCES]->(c:Subreddit)\n                  -[:POSTED]->(:Post {post_label: -1})-[:REFERENCES]->(a)\n            WHERE id(b) < id(c)\n            RETURN a.name AS node_a, b.name AS node_b, c.name AS node_c LIMIT 50'
00:59:51  WARNING   Received notification from DBMS server: <GqlStatusObject gql_status='01N51', status_description='warn: relationship type does not exist. The relationship type `REFERENCES` does not exist. Verify that the spelling is correct.', position=<SummaryInputPosition line=4, column=58, offset=267>, raw_classification='UNRECOGNIZED', classification=<NotificationClassification.UNRECOGNIZED: 'UNRECOGNIZED'>, raw_severity='WARNING', severity=<NotificationSeverity.WARNING: 'WARNING'>, diagnostic_record={'_classification': 'UNRECOGNIZED', '_severity': 'WARNING', '_position': {'offset': 267, 'line': 4, 'column': 58}, 'OPERATION': '', 'OPERATION_CODE': '0', 'CURRENT_SCHEMA': '/'}> for query: 'PROFILE MATCH (a:Subreddit {name: $seed})\n                  -[:POSTED]->(:Post {post_label: -1})-[:REFERENCES]->(b:Subreddit)\n                  -[:POSTED]->(:Post {post_label: -1})-[:REFERENCES]->(c:Subreddit)\n                  -[:POSTED]->(:Post {post_label: -1})-[:REFERENCES]->(a)\n            WHERE id(b) < id(c)\n            RETURN a.name AS node_a, b.name AS node_b, c.name AS node_c LIMIT 50'
00:59:51  WARNING   Received notification from DBMS server: <GqlStatusObject gql_status='01N02', status_description='warn: feature deprecated without replacement. id is deprecated and will be removed without a replacement.', position=<SummaryInputPosition line=5, column=19, offset=302>, raw_classification='DEPRECATION', classification=<NotificationClassification.DEPRECATION: 'DEPRECATION'>, raw_severity='WARNING', severity=<NotificationSeverity.WARNING: 'WARNING'>, diagnostic_record={'_classification': 'DEPRECATION', '_severity': 'WARNING', '_position': {'offset': 302, 'line': 5, 'column': 19}, 'OPERATION': '', 'OPERATION_CODE': '0', 'CURRENT_SCHEMA': '/'}> for query: 'PROFILE MATCH (a:Subreddit {name: $seed})\n                  -[:POSTED]->(:Post {post_label: -1})-[:REFERENCES]->(b:Subreddit)\n                  -[:POSTED]->(:Post {post_label: -1})-[:REFERENCES]->(c:Subreddit)\n                  -[:POSTED]->(:Post {post_label: -1})-[:REFERENCES]->(a)\n            WHERE id(b) < id(c)\n            RETURN a.name AS node_a, b.name AS node_b, c.name AS node_c LIMIT 50'
00:59:51  INFO          db_hits=0
00:59:51  WARNING   Received notification from DBMS server: <GqlStatusObject gql_status='01N51', status_description='warn: relationship type does not exist. The relationship type `REFERENCES` does not exist. Verify that the spelling is correct.', position=<SummaryInputPosition line=3, column=58, offset=175>, raw_classification='UNRECOGNIZED', classification=<NotificationClassification.UNRECOGNIZED: 'UNRECOGNIZED'>, raw_severity='WARNING', severity=<NotificationSeverity.WARNING: 'WARNING'>, diagnostic_record={'_classification': 'UNRECOGNIZED', '_severity': 'WARNING', '_position': {'offset': 175, 'line': 3, 'column': 58}, 'OPERATION': '', 'OPERATION_CODE': '0', 'CURRENT_SCHEMA': '/'}> for query: 'MATCH (a:Subreddit {name: $seed})\n                  -[:POSTED]->(:Post {post_label: -1})-[:REFERENCES]->(b:Subreddit)\n                  -[:POSTED]->(:Post {post_label: -1})-[:REFERENCES]->(c:Subreddit)\n                  -[:POSTED]->(:Post {post_label: -1})-[:REFERENCES]->(a)\n            WHERE id(b) < id(c)\n            RETURN a.name AS node_a, b.name AS node_b, c.name AS node_c LIMIT 50'
00:59:51  WARNING   Received notification from DBMS server: <GqlStatusObject gql_status='01N02', status_description='warn: feature deprecated without replacement. id is deprecated and will be removed without a replacement.', position=<SummaryInputPosition line=5, column=27, offset=302>, raw_classification='DEPRECATION', classification=<NotificationClassification.DEPRECATION: 'DEPRECATION'>, raw_severity='WARNING', severity=<NotificationSeverity.WARNING: 'WARNING'>, diagnostic_record={'_classification': 'DEPRECATION', '_severity': 'WARNING', '_position': {'offset': 302, 'line': 5, 'column': 27}, 'OPERATION': '', 'OPERATION_CODE': '0', 'CURRENT_SCHEMA': '/'}> for query: 'MATCH (a:Subreddit {name: $seed})\n                  -[:POSTED]->(:Post {post_label: -1})-[:REFERENCES]->(b:Subreddit)\n                  -[:POSTED]->(:Post {post_label: -1})-[:REFERENCES]->(c:Subreddit)\n                  -[:POSTED]->(:Post {post_label: -1})-[:REFERENCES]->(a)\n            WHERE id(b) < id(c)\n            RETURN a.name AS node_a, b.name AS node_b, c.name AS node_c LIMIT 50'
00:59:51  WARNING   Received notification from DBMS server: <GqlStatusObject gql_status='01N51', status_description='warn: relationship type does not exist. The relationship type `REFERENCES` does not exist. Verify that the spelling is correct.', position=<SummaryInputPosition line=2, column=58, offset=91>, raw_classification='UNRECOGNIZED', classification=<NotificationClassification.UNRECOGNIZED: 'UNRECOGNIZED'>, raw_severity='WARNING', severity=<NotificationSeverity.WARNING: 'WARNING'>, diagnostic_record={'_classification': 'UNRECOGNIZED', '_severity': 'WARNING', '_position': {'offset': 91, 'line': 2, 'column': 58}, 'OPERATION': '', 'OPERATION_CODE': '0', 'CURRENT_SCHEMA': '/'}> for query: 'MATCH (a:Subreddit {name: $seed})\n                  -[:POSTED]->(:Post {post_label: -1})-[:REFERENCES]->(b:Subreddit)\n                  -[:POSTED]->(:Post {post_label: -1})-[:REFERENCES]->(c:Subreddit)\n                  -[:POSTED]->(:Post {post_label: -1})-[:REFERENCES]->(a)\n            WHERE id(b) < id(c)\n            RETURN a.name AS node_a, b.name AS node_b, c.name AS node_c LIMIT 50'
00:59:51  WARNING   Received notification from DBMS server: <GqlStatusObject gql_status='01N51', status_description='warn: relationship type does not exist. The relationship type `REFERENCES` does not exist. Verify that the spelling is correct.', position=<SummaryInputPosition line=4, column=58, offset=259>, raw_classification='UNRECOGNIZED', classification=<NotificationClassification.UNRECOGNIZED: 'UNRECOGNIZED'>, raw_severity='WARNING', severity=<NotificationSeverity.WARNING: 'WARNING'>, diagnostic_record={'_classification': 'UNRECOGNIZED', '_severity': 'WARNING', '_position': {'offset': 259, 'line': 4, 'column': 58}, 'OPERATION': '', 'OPERATION_CODE': '0', 'CURRENT_SCHEMA': '/'}> for query: 'MATCH (a:Subreddit {name: $seed})\n                  -[:POSTED]->(:Post {post_label: -1})-[:REFERENCES]->(b:Subreddit)\n                  -[:POSTED]->(:Post {post_label: -1})-[:REFERENCES]->(c:Subreddit)\n                  -[:POSTED]->(:Post {post_label: -1})-[:REFERENCES]->(a)\n            WHERE id(b) < id(c)\n            RETURN a.name AS node_a, b.name AS node_b, c.name AS node_c LIMIT 50'
00:59:51  WARNING   Received notification from DBMS server: <GqlStatusObject gql_status='01N02', status_description='warn: feature deprecated without replacement. id is deprecated and will be removed without a replacement.', position=<SummaryInputPosition line=5, column=19, offset=294>, raw_classification='DEPRECATION', classification=<NotificationClassification.DEPRECATION: 'DEPRECATION'>, raw_severity='WARNING', severity=<NotificationSeverity.WARNING: 'WARNING'>, diagnostic_record={'_classification': 'DEPRECATION', '_severity': 'WARNING', '_position': {'offset': 294, 'line': 5, 'column': 19}, 'OPERATION': '', 'OPERATION_CODE': '0', 'CURRENT_SCHEMA': '/'}> for query: 'MATCH (a:Subreddit {name: $seed})\n                  -[:POSTED]->(:Post {post_label: -1})-[:REFERENCES]->(b:Subreddit)\n                  -[:POSTED]->(:Post {post_label: -1})-[:REFERENCES]->(c:Subreddit)\n                  -[:POSTED]->(:Post {post_label: -1})-[:REFERENCES]->(a)\n            WHERE id(b) < id(c)\n            RETURN a.name AS node_a, b.name AS node_b, c.name AS node_c LIMIT 50'
00:59:51  INFO          warm 1/5: consumed=6.0 ms  available=1.0 ms
00:59:51  WARNING   Received notification from DBMS server: <GqlStatusObject gql_status='01N51', status_description='warn: relationship type does not exist. The relationship type `REFERENCES` does not exist. Verify that the spelling is correct.', position=<SummaryInputPosition line=3, column=58, offset=175>, raw_classification='UNRECOGNIZED', classification=<NotificationClassification.UNRECOGNIZED: 'UNRECOGNIZED'>, raw_severity='WARNING', severity=<NotificationSeverity.WARNING: 'WARNING'>, diagnostic_record={'_classification': 'UNRECOGNIZED', '_severity': 'WARNING', '_position': {'offset': 175, 'line': 3, 'column': 58}, 'OPERATION': '', 'OPERATION_CODE': '0', 'CURRENT_SCHEMA': '/'}> for query: 'MATCH (a:Subreddit {name: $seed})\n                  -[:POSTED]->(:Post {post_label: -1})-[:REFERENCES]->(b:Subreddit)\n                  -[:POSTED]->(:Post {post_label: -1})-[:REFERENCES]->(c:Subreddit)\n                  -[:POSTED]->(:Post {post_label: -1})-[:REFERENCES]->(a)\n            WHERE id(b) < id(c)\n            RETURN a.name AS node_a, b.name AS node_b, c.name AS node_c LIMIT 50'
00:59:51  WARNING   Received notification from DBMS server: <GqlStatusObject gql_status='01N02', status_description='warn: feature deprecated without replacement. id is deprecated and will be removed without a replacement.', position=<SummaryInputPosition line=5, column=27, offset=302>, raw_classification='DEPRECATION', classification=<NotificationClassification.DEPRECATION: 'DEPRECATION'>, raw_severity='WARNING', severity=<NotificationSeverity.WARNING: 'WARNING'>, diagnostic_record={'_classification': 'DEPRECATION', '_severity': 'WARNING', '_position': {'offset': 302, 'line': 5, 'column': 27}, 'OPERATION': '', 'OPERATION_CODE': '0', 'CURRENT_SCHEMA': '/'}> for query: 'MATCH (a:Subreddit {name: $seed})\n                  -[:POSTED]->(:Post {post_label: -1})-[:REFERENCES]->(b:Subreddit)\n                  -[:POSTED]->(:Post {post_label: -1})-[:REFERENCES]->(c:Subreddit)\n                  -[:POSTED]->(:Post {post_label: -1})-[:REFERENCES]->(a)\n            WHERE id(b) < id(c)\n            RETURN a.name AS node_a, b.name AS node_b, c.name AS node_c LIMIT 50'
00:59:51  WARNING   Received notification from DBMS server: <GqlStatusObject gql_status='01N51', status_description='warn: relationship type does not exist. The relationship type `REFERENCES` does not exist. Verify that the spelling is correct.', position=<SummaryInputPosition line=2, column=58, offset=91>, raw_classification='UNRECOGNIZED', classification=<NotificationClassification.UNRECOGNIZED: 'UNRECOGNIZED'>, raw_severity='WARNING', severity=<NotificationSeverity.WARNING: 'WARNING'>, diagnostic_record={'_classification': 'UNRECOGNIZED', '_severity': 'WARNING', '_position': {'offset': 91, 'line': 2, 'column': 58}, 'OPERATION': '', 'OPERATION_CODE': '0', 'CURRENT_SCHEMA': '/'}> for query: 'MATCH (a:Subreddit {name: $seed})\n                  -[:POSTED]->(:Post {post_label: -1})-[:REFERENCES]->(b:Subreddit)\n                  -[:POSTED]->(:Post {post_label: -1})-[:REFERENCES]->(c:Subreddit)\n                  -[:POSTED]->(:Post {post_label: -1})-[:REFERENCES]->(a)\n            WHERE id(b) < id(c)\n            RETURN a.name AS node_a, b.name AS node_b, c.name AS node_c LIMIT 50'
00:59:51  WARNING   Received notification from DBMS server: <GqlStatusObject gql_status='01N51', status_description='warn: relationship type does not exist. The relationship type `REFERENCES` does not exist. Verify that the spelling is correct.', position=<SummaryInputPosition line=4, column=58, offset=259>, raw_classification='UNRECOGNIZED', classification=<NotificationClassification.UNRECOGNIZED: 'UNRECOGNIZED'>, raw_severity='WARNING', severity=<NotificationSeverity.WARNING: 'WARNING'>, diagnostic_record={'_classification': 'UNRECOGNIZED', '_severity': 'WARNING', '_position': {'offset': 259, 'line': 4, 'column': 58}, 'OPERATION': '', 'OPERATION_CODE': '0', 'CURRENT_SCHEMA': '/'}> for query: 'MATCH (a:Subreddit {name: $seed})\n                  -[:POSTED]->(:Post {post_label: -1})-[:REFERENCES]->(b:Subreddit)\n                  -[:POSTED]->(:Post {post_label: -1})-[:REFERENCES]->(c:Subreddit)\n                  -[:POSTED]->(:Post {post_label: -1})-[:REFERENCES]->(a)\n            WHERE id(b) < id(c)\n            RETURN a.name AS node_a, b.name AS node_b, c.name AS node_c LIMIT 50'
00:59:51  WARNING   Received notification from DBMS server: <GqlStatusObject gql_status='01N02', status_description='warn: feature deprecated without replacement. id is deprecated and will be removed without a replacement.', position=<SummaryInputPosition line=5, column=19, offset=294>, raw_classification='DEPRECATION', classification=<NotificationClassification.DEPRECATION: 'DEPRECATION'>, raw_severity='WARNING', severity=<NotificationSeverity.WARNING: 'WARNING'>, diagnostic_record={'_classification': 'DEPRECATION', '_severity': 'WARNING', '_position': {'offset': 294, 'line': 5, 'column': 19}, 'OPERATION': '', 'OPERATION_CODE': '0', 'CURRENT_SCHEMA': '/'}> for query: 'MATCH (a:Subreddit {name: $seed})\n                  -[:POSTED]->(:Post {post_label: -1})-[:REFERENCES]->(b:Subreddit)\n                  -[:POSTED]->(:Post {post_label: -1})-[:REFERENCES]->(c:Subreddit)\n                  -[:POSTED]->(:Post {post_label: -1})-[:REFERENCES]->(a)\n            WHERE id(b) < id(c)\n            RETURN a.name AS node_a, b.name AS node_b, c.name AS node_c LIMIT 50'
00:59:51  INFO          warm 2/5: consumed=1.0 ms  available=8.0 ms
00:59:51  WARNING   Received notification from DBMS server: <GqlStatusObject gql_status='01N51', status_description='warn: relationship type does not exist. The relationship type `REFERENCES` does not exist. Verify that the spelling is correct.', position=<SummaryInputPosition line=3, column=58, offset=175>, raw_classification='UNRECOGNIZED', classification=<NotificationClassification.UNRECOGNIZED: 'UNRECOGNIZED'>, raw_severity='WARNING', severity=<NotificationSeverity.WARNING: 'WARNING'>, diagnostic_record={'_classification': 'UNRECOGNIZED', '_severity': 'WARNING', '_position': {'offset': 175, 'line': 3, 'column': 58}, 'OPERATION': '', 'OPERATION_CODE': '0', 'CURRENT_SCHEMA': '/'}> for query: 'MATCH (a:Subreddit {name: $seed})\n                  -[:POSTED]->(:Post {post_label: -1})-[:REFERENCES]->(b:Subreddit)\n                  -[:POSTED]->(:Post {post_label: -1})-[:REFERENCES]->(c:Subreddit)\n                  -[:POSTED]->(:Post {post_label: -1})-[:REFERENCES]->(a)\n            WHERE id(b) < id(c)\n            RETURN a.name AS node_a, b.name AS node_b, c.name AS node_c LIMIT 50'
00:59:51  WARNING   Received notification from DBMS server: <GqlStatusObject gql_status='01N02', status_description='warn: feature deprecated without replacement. id is deprecated and will be removed without a replacement.', position=<SummaryInputPosition line=5, column=27, offset=302>, raw_classification='DEPRECATION', classification=<NotificationClassification.DEPRECATION: 'DEPRECATION'>, raw_severity='WARNING', severity=<NotificationSeverity.WARNING: 'WARNING'>, diagnostic_record={'_classification': 'DEPRECATION', '_severity': 'WARNING', '_position': {'offset': 302, 'line': 5, 'column': 27}, 'OPERATION': '', 'OPERATION_CODE': '0', 'CURRENT_SCHEMA': '/'}> for query: 'MATCH (a:Subreddit {name: $seed})\n                  -[:POSTED]->(:Post {post_label: -1})-[:REFERENCES]->(b:Subreddit)\n                  -[:POSTED]->(:Post {post_label: -1})-[:REFERENCES]->(c:Subreddit)\n                  -[:POSTED]->(:Post {post_label: -1})-[:REFERENCES]->(a)\n            WHERE id(b) < id(c)\n            RETURN a.name AS node_a, b.name AS node_b, c.name AS node_c LIMIT 50'
00:59:51  WARNING   Received notification from DBMS server: <GqlStatusObject gql_status='01N51', status_description='warn: relationship type does not exist. The relationship type `REFERENCES` does not exist. Verify that the spelling is correct.', position=<SummaryInputPosition line=2, column=58, offset=91>, raw_classification='UNRECOGNIZED', classification=<NotificationClassification.UNRECOGNIZED: 'UNRECOGNIZED'>, raw_severity='WARNING', severity=<NotificationSeverity.WARNING: 'WARNING'>, diagnostic_record={'_classification': 'UNRECOGNIZED', '_severity': 'WARNING', '_position': {'offset': 91, 'line': 2, 'column': 58}, 'OPERATION': '', 'OPERATION_CODE': '0', 'CURRENT_SCHEMA': '/'}> for query: 'MATCH (a:Subreddit {name: $seed})\n                  -[:POSTED]->(:Post {post_label: -1})-[:REFERENCES]->(b:Subreddit)\n                  -[:POSTED]->(:Post {post_label: -1})-[:REFERENCES]->(c:Subreddit)\n                  -[:POSTED]->(:Post {post_label: -1})-[:REFERENCES]->(a)\n            WHERE id(b) < id(c)\n            RETURN a.name AS node_a, b.name AS node_b, c.name AS node_c LIMIT 50'
00:59:51  WARNING   Received notification from DBMS server: <GqlStatusObject gql_status='01N51', status_description='warn: relationship type does not exist. The relationship type `REFERENCES` does not exist. Verify that the spelling is correct.', position=<SummaryInputPosition line=4, column=58, offset=259>, raw_classification='UNRECOGNIZED', classification=<NotificationClassification.UNRECOGNIZED: 'UNRECOGNIZED'>, raw_severity='WARNING', severity=<NotificationSeverity.WARNING: 'WARNING'>, diagnostic_record={'_classification': 'UNRECOGNIZED', '_severity': 'WARNING', '_position': {'offset': 259, 'line': 4, 'column': 58}, 'OPERATION': '', 'OPERATION_CODE': '0', 'CURRENT_SCHEMA': '/'}> for query: 'MATCH (a:Subreddit {name: $seed})\n                  -[:POSTED]->(:Post {post_label: -1})-[:REFERENCES]->(b:Subreddit)\n                  -[:POSTED]->(:Post {post_label: -1})-[:REFERENCES]->(c:Subreddit)\n                  -[:POSTED]->(:Post {post_label: -1})-[:REFERENCES]->(a)\n            WHERE id(b) < id(c)\n            RETURN a.name AS node_a, b.name AS node_b, c.name AS node_c LIMIT 50'
00:59:51  WARNING   Received notification from DBMS server: <GqlStatusObject gql_status='01N02', status_description='warn: feature deprecated without replacement. id is deprecated and will be removed without a replacement.', position=<SummaryInputPosition line=5, column=19, offset=294>, raw_classification='DEPRECATION', classification=<NotificationClassification.DEPRECATION: 'DEPRECATION'>, raw_severity='WARNING', severity=<NotificationSeverity.WARNING: 'WARNING'>, diagnostic_record={'_classification': 'DEPRECATION', '_severity': 'WARNING', '_position': {'offset': 294, 'line': 5, 'column': 19}, 'OPERATION': '', 'OPERATION_CODE': '0', 'CURRENT_SCHEMA': '/'}> for query: 'MATCH (a:Subreddit {name: $seed})\n                  -[:POSTED]->(:Post {post_label: -1})-[:REFERENCES]->(b:Subreddit)\n                  -[:POSTED]->(:Post {post_label: -1})-[:REFERENCES]->(c:Subreddit)\n                  -[:POSTED]->(:Post {post_label: -1})-[:REFERENCES]->(a)\n            WHERE id(b) < id(c)\n            RETURN a.name AS node_a, b.name AS node_b, c.name AS node_c LIMIT 50'
00:59:51  INFO          warm 3/5: consumed=0.0 ms  available=1.0 ms
00:59:51  WARNING   Received notification from DBMS server: <GqlStatusObject gql_status='01N51', status_description='warn: relationship type does not exist. The relationship type `REFERENCES` does not exist. Verify that the spelling is correct.', position=<SummaryInputPosition line=3, column=58, offset=175>, raw_classification='UNRECOGNIZED', classification=<NotificationClassification.UNRECOGNIZED: 'UNRECOGNIZED'>, raw_severity='WARNING', severity=<NotificationSeverity.WARNING: 'WARNING'>, diagnostic_record={'_classification': 'UNRECOGNIZED', '_severity': 'WARNING', '_position': {'offset': 175, 'line': 3, 'column': 58}, 'OPERATION': '', 'OPERATION_CODE': '0', 'CURRENT_SCHEMA': '/'}> for query: 'MATCH (a:Subreddit {name: $seed})\n                  -[:POSTED]->(:Post {post_label: -1})-[:REFERENCES]->(b:Subreddit)\n                  -[:POSTED]->(:Post {post_label: -1})-[:REFERENCES]->(c:Subreddit)\n                  -[:POSTED]->(:Post {post_label: -1})-[:REFERENCES]->(a)\n            WHERE id(b) < id(c)\n            RETURN a.name AS node_a, b.name AS node_b, c.name AS node_c LIMIT 50'
00:59:51  WARNING   Received notification from DBMS server: <GqlStatusObject gql_status='01N02', status_description='warn: feature deprecated without replacement. id is deprecated and will be removed without a replacement.', position=<SummaryInputPosition line=5, column=27, offset=302>, raw_classification='DEPRECATION', classification=<NotificationClassification.DEPRECATION: 'DEPRECATION'>, raw_severity='WARNING', severity=<NotificationSeverity.WARNING: 'WARNING'>, diagnostic_record={'_classification': 'DEPRECATION', '_severity': 'WARNING', '_position': {'offset': 302, 'line': 5, 'column': 27}, 'OPERATION': '', 'OPERATION_CODE': '0', 'CURRENT_SCHEMA': '/'}> for query: 'MATCH (a:Subreddit {name: $seed})\n                  -[:POSTED]->(:Post {post_label: -1})-[:REFERENCES]->(b:Subreddit)\n                  -[:POSTED]->(:Post {post_label: -1})-[:REFERENCES]->(c:Subreddit)\n                  -[:POSTED]->(:Post {post_label: -1})-[:REFERENCES]->(a)\n            WHERE id(b) < id(c)\n            RETURN a.name AS node_a, b.name AS node_b, c.name AS node_c LIMIT 50'
00:59:51  WARNING   Received notification from DBMS server: <GqlStatusObject gql_status='01N51', status_description='warn: relationship type does not exist. The relationship type `REFERENCES` does not exist. Verify that the spelling is correct.', position=<SummaryInputPosition line=2, column=58, offset=91>, raw_classification='UNRECOGNIZED', classification=<NotificationClassification.UNRECOGNIZED: 'UNRECOGNIZED'>, raw_severity='WARNING', severity=<NotificationSeverity.WARNING: 'WARNING'>, diagnostic_record={'_classification': 'UNRECOGNIZED', '_severity': 'WARNING', '_position': {'offset': 91, 'line': 2, 'column': 58}, 'OPERATION': '', 'OPERATION_CODE': '0', 'CURRENT_SCHEMA': '/'}> for query: 'MATCH (a:Subreddit {name: $seed})\n                  -[:POSTED]->(:Post {post_label: -1})-[:REFERENCES]->(b:Subreddit)\n                  -[:POSTED]->(:Post {post_label: -1})-[:REFERENCES]->(c:Subreddit)\n                  -[:POSTED]->(:Post {post_label: -1})-[:REFERENCES]->(a)\n            WHERE id(b) < id(c)\n            RETURN a.name AS node_a, b.name AS node_b, c.name AS node_c LIMIT 50'
00:59:51  WARNING   Received notification from DBMS server: <GqlStatusObject gql_status='01N51', status_description='warn: relationship type does not exist. The relationship type `REFERENCES` does not exist. Verify that the spelling is correct.', position=<SummaryInputPosition line=4, column=58, offset=259>, raw_classification='UNRECOGNIZED', classification=<NotificationClassification.UNRECOGNIZED: 'UNRECOGNIZED'>, raw_severity='WARNING', severity=<NotificationSeverity.WARNING: 'WARNING'>, diagnostic_record={'_classification': 'UNRECOGNIZED', '_severity': 'WARNING', '_position': {'offset': 259, 'line': 4, 'column': 58}, 'OPERATION': '', 'OPERATION_CODE': '0', 'CURRENT_SCHEMA': '/'}> for query: 'MATCH (a:Subreddit {name: $seed})\n                  -[:POSTED]->(:Post {post_label: -1})-[:REFERENCES]->(b:Subreddit)\n                  -[:POSTED]->(:Post {post_label: -1})-[:REFERENCES]->(c:Subreddit)\n                  -[:POSTED]->(:Post {post_label: -1})-[:REFERENCES]->(a)\n            WHERE id(b) < id(c)\n            RETURN a.name AS node_a, b.name AS node_b, c.name AS node_c LIMIT 50'
00:59:51  WARNING   Received notification from DBMS server: <GqlStatusObject gql_status='01N02', status_description='warn: feature deprecated without replacement. id is deprecated and will be removed without a replacement.', position=<SummaryInputPosition line=5, column=19, offset=294>, raw_classification='DEPRECATION', classification=<NotificationClassification.DEPRECATION: 'DEPRECATION'>, raw_severity='WARNING', severity=<NotificationSeverity.WARNING: 'WARNING'>, diagnostic_record={'_classification': 'DEPRECATION', '_severity': 'WARNING', '_position': {'offset': 294, 'line': 5, 'column': 19}, 'OPERATION': '', 'OPERATION_CODE': '0', 'CURRENT_SCHEMA': '/'}> for query: 'MATCH (a:Subreddit {name: $seed})\n                  -[:POSTED]->(:Post {post_label: -1})-[:REFERENCES]->(b:Subreddit)\n                  -[:POSTED]->(:Post {post_label: -1})-[:REFERENCES]->(c:Subreddit)\n                  -[:POSTED]->(:Post {post_label: -1})-[:REFERENCES]->(a)\n            WHERE id(b) < id(c)\n            RETURN a.name AS node_a, b.name AS node_b, c.name AS node_c LIMIT 50'
00:59:51  INFO          warm 4/5: consumed=1.0 ms  available=164.0 ms
00:59:51  WARNING   Received notification from DBMS server: <GqlStatusObject gql_status='01N51', status_description='warn: relationship type does not exist. The relationship type `REFERENCES` does not exist. Verify that the spelling is correct.', position=<SummaryInputPosition line=3, column=58, offset=175>, raw_classification='UNRECOGNIZED', classification=<NotificationClassification.UNRECOGNIZED: 'UNRECOGNIZED'>, raw_severity='WARNING', severity=<NotificationSeverity.WARNING: 'WARNING'>, diagnostic_record={'_classification': 'UNRECOGNIZED', '_severity': 'WARNING', '_position': {'offset': 175, 'line': 3, 'column': 58}, 'OPERATION': '', 'OPERATION_CODE': '0', 'CURRENT_SCHEMA': '/'}> for query: 'MATCH (a:Subreddit {name: $seed})\n                  -[:POSTED]->(:Post {post_label: -1})-[:REFERENCES]->(b:Subreddit)\n                  -[:POSTED]->(:Post {post_label: -1})-[:REFERENCES]->(c:Subreddit)\n                  -[:POSTED]->(:Post {post_label: -1})-[:REFERENCES]->(a)\n            WHERE id(b) < id(c)\n            RETURN a.name AS node_a, b.name AS node_b, c.name AS node_c LIMIT 50'
00:59:51  WARNING   Received notification from DBMS server: <GqlStatusObject gql_status='01N02', status_description='warn: feature deprecated without replacement. id is deprecated and will be removed without a replacement.', position=<SummaryInputPosition line=5, column=27, offset=302>, raw_classification='DEPRECATION', classification=<NotificationClassification.DEPRECATION: 'DEPRECATION'>, raw_severity='WARNING', severity=<NotificationSeverity.WARNING: 'WARNING'>, diagnostic_record={'_classification': 'DEPRECATION', '_severity': 'WARNING', '_position': {'offset': 302, 'line': 5, 'column': 27}, 'OPERATION': '', 'OPERATION_CODE': '0', 'CURRENT_SCHEMA': '/'}> for query: 'MATCH (a:Subreddit {name: $seed})\n                  -[:POSTED]->(:Post {post_label: -1})-[:REFERENCES]->(b:Subreddit)\n                  -[:POSTED]->(:Post {post_label: -1})-[:REFERENCES]->(c:Subreddit)\n                  -[:POSTED]->(:Post {post_label: -1})-[:REFERENCES]->(a)\n            WHERE id(b) < id(c)\n            RETURN a.name AS node_a, b.name AS node_b, c.name AS node_c LIMIT 50'
00:59:51  WARNING   Received notification from DBMS server: <GqlStatusObject gql_status='01N51', status_description='warn: relationship type does not exist. The relationship type `REFERENCES` does not exist. Verify that the spelling is correct.', position=<SummaryInputPosition line=2, column=58, offset=91>, raw_classification='UNRECOGNIZED', classification=<NotificationClassification.UNRECOGNIZED: 'UNRECOGNIZED'>, raw_severity='WARNING', severity=<NotificationSeverity.WARNING: 'WARNING'>, diagnostic_record={'_classification': 'UNRECOGNIZED', '_severity': 'WARNING', '_position': {'offset': 91, 'line': 2, 'column': 58}, 'OPERATION': '', 'OPERATION_CODE': '0', 'CURRENT_SCHEMA': '/'}> for query: 'MATCH (a:Subreddit {name: $seed})\n                  -[:POSTED]->(:Post {post_label: -1})-[:REFERENCES]->(b:Subreddit)\n                  -[:POSTED]->(:Post {post_label: -1})-[:REFERENCES]->(c:Subreddit)\n                  -[:POSTED]->(:Post {post_label: -1})-[:REFERENCES]->(a)\n            WHERE id(b) < id(c)\n            RETURN a.name AS node_a, b.name AS node_b, c.name AS node_c LIMIT 50'
00:59:51  WARNING   Received notification from DBMS server: <GqlStatusObject gql_status='01N51', status_description='warn: relationship type does not exist. The relationship type `REFERENCES` does not exist. Verify that the spelling is correct.', position=<SummaryInputPosition line=4, column=58, offset=259>, raw_classification='UNRECOGNIZED', classification=<NotificationClassification.UNRECOGNIZED: 'UNRECOGNIZED'>, raw_severity='WARNING', severity=<NotificationSeverity.WARNING: 'WARNING'>, diagnostic_record={'_classification': 'UNRECOGNIZED', '_severity': 'WARNING', '_position': {'offset': 259, 'line': 4, 'column': 58}, 'OPERATION': '', 'OPERATION_CODE': '0', 'CURRENT_SCHEMA': '/'}> for query: 'MATCH (a:Subreddit {name: $seed})\n                  -[:POSTED]->(:Post {post_label: -1})-[:REFERENCES]->(b:Subreddit)\n                  -[:POSTED]->(:Post {post_label: -1})-[:REFERENCES]->(c:Subreddit)\n                  -[:POSTED]->(:Post {post_label: -1})-[:REFERENCES]->(a)\n            WHERE id(b) < id(c)\n            RETURN a.name AS node_a, b.name AS node_b, c.name AS node_c LIMIT 50'
00:59:51  WARNING   Received notification from DBMS server: <GqlStatusObject gql_status='01N02', status_description='warn: feature deprecated without replacement. id is deprecated and will be removed without a replacement.', position=<SummaryInputPosition line=5, column=19, offset=294>, raw_classification='DEPRECATION', classification=<NotificationClassification.DEPRECATION: 'DEPRECATION'>, raw_severity='WARNING', severity=<NotificationSeverity.WARNING: 'WARNING'>, diagnostic_record={'_classification': 'DEPRECATION', '_severity': 'WARNING', '_position': {'offset': 294, 'line': 5, 'column': 19}, 'OPERATION': '', 'OPERATION_CODE': '0', 'CURRENT_SCHEMA': '/'}> for query: 'MATCH (a:Subreddit {name: $seed})\n                  -[:POSTED]->(:Post {post_label: -1})-[:REFERENCES]->(b:Subreddit)\n                  -[:POSTED]->(:Post {post_label: -1})-[:REFERENCES]->(c:Subreddit)\n                  -[:POSTED]->(:Post {post_label: -1})-[:REFERENCES]->(a)\n            WHERE id(b) < id(c)\n            RETURN a.name AS node_a, b.name AS node_b, c.name AS node_c LIMIT 50'
00:59:51  INFO          warm 5/5: consumed=1.0 ms  available=1.0 ms
00:59:51  INFO      Running T5-B: Bounded BFS depth 3 from seed_bfs
00:59:51  INFO        [Neo4j] T5-B cold run...
00:59:51  WARNING   Received notification from DBMS server: <GqlStatusObject gql_status='01N51', status_description='warn: relationship type does not exist. The relationship type `REFERENCES` does not exist. Verify that the spelling is correct.', position=<SummaryInputPosition line=1, column=54, offset=53>, raw_classification='UNRECOGNIZED', classification=<NotificationClassification.UNRECOGNIZED: 'UNRECOGNIZED'>, raw_severity='WARNING', severity=<NotificationSeverity.WARNING: 'WARNING'>, diagnostic_record={'_classification': 'UNRECOGNIZED', '_severity': 'WARNING', '_position': {'offset': 53, 'line': 1, 'column': 54}, 'OPERATION': '', 'OPERATION_CODE': '0', 'CURRENT_SCHEMA': '/'}> for query: 'MATCH p = (src:Subreddit {name: $seed_bfs})-[:POSTED|REFERENCES*2..6]->(tgt:Subreddit)\n            WHERE src <> tgt\n            WITH tgt, min(length(p) / 2) AS min_hops\n            RETURN tgt.name AS reachable, min_hops ORDER BY min_hops, tgt.name LIMIT 500'
00:59:51  INFO          cold=199.9 ms  rows=0
00:59:51  INFO          profiling for db_hits (not timed)...
00:59:52  WARNING   Received notification from DBMS server: <GqlStatusObject gql_status='01N51', status_description='warn: relationship type does not exist. The relationship type `REFERENCES` does not exist. Verify that the spelling is correct.', position=<SummaryInputPosition line=1, column=62, offset=61>, raw_classification='UNRECOGNIZED', classification=<NotificationClassification.UNRECOGNIZED: 'UNRECOGNIZED'>, raw_severity='WARNING', severity=<NotificationSeverity.WARNING: 'WARNING'>, diagnostic_record={'_classification': 'UNRECOGNIZED', '_severity': 'WARNING', '_position': {'offset': 61, 'line': 1, 'column': 62}, 'OPERATION': '', 'OPERATION_CODE': '0', 'CURRENT_SCHEMA': '/'}> for query: 'PROFILE MATCH p = (src:Subreddit {name: $seed_bfs})-[:POSTED|REFERENCES*2..6]->(tgt:Subreddit)\n            WHERE src <> tgt\n            WITH tgt, min(length(p) / 2) AS min_hops\n            RETURN tgt.name AS reachable, min_hops ORDER BY min_hops, tgt.name LIMIT 500'
00:59:52  INFO          db_hits=0
00:59:52  WARNING   Received notification from DBMS server: <GqlStatusObject gql_status='01N51', status_description='warn: relationship type does not exist. The relationship type `REFERENCES` does not exist. Verify that the spelling is correct.', position=<SummaryInputPosition line=1, column=54, offset=53>, raw_classification='UNRECOGNIZED', classification=<NotificationClassification.UNRECOGNIZED: 'UNRECOGNIZED'>, raw_severity='WARNING', severity=<NotificationSeverity.WARNING: 'WARNING'>, diagnostic_record={'_classification': 'UNRECOGNIZED', '_severity': 'WARNING', '_position': {'offset': 53, 'line': 1, 'column': 54}, 'OPERATION': '', 'OPERATION_CODE': '0', 'CURRENT_SCHEMA': '/'}> for query: 'MATCH p = (src:Subreddit {name: $seed_bfs})-[:POSTED|REFERENCES*2..6]->(tgt:Subreddit)\n            WHERE src <> tgt\n            WITH tgt, min(length(p) / 2) AS min_hops\n            RETURN tgt.name AS reachable, min_hops ORDER BY min_hops, tgt.name LIMIT 500'
00:59:52  INFO          warm 1/5: consumed=82.0 ms  available=13.0 ms
00:59:52  WARNING   Received notification from DBMS server: <GqlStatusObject gql_status='01N51', status_description='warn: relationship type does not exist. The relationship type `REFERENCES` does not exist. Verify that the spelling is correct.', position=<SummaryInputPosition line=1, column=54, offset=53>, raw_classification='UNRECOGNIZED', classification=<NotificationClassification.UNRECOGNIZED: 'UNRECOGNIZED'>, raw_severity='WARNING', severity=<NotificationSeverity.WARNING: 'WARNING'>, diagnostic_record={'_classification': 'UNRECOGNIZED', '_severity': 'WARNING', '_position': {'offset': 53, 'line': 1, 'column': 54}, 'OPERATION': '', 'OPERATION_CODE': '0', 'CURRENT_SCHEMA': '/'}> for query: 'MATCH p = (src:Subreddit {name: $seed_bfs})-[:POSTED|REFERENCES*2..6]->(tgt:Subreddit)\n            WHERE src <> tgt\n            WITH tgt, min(length(p) / 2) AS min_hops\n            RETURN tgt.name AS reachable, min_hops ORDER BY min_hops, tgt.name LIMIT 500'
00:59:52  INFO          warm 2/5: consumed=120.0 ms  available=75.0 ms
00:59:52  WARNING   Received notification from DBMS server: <GqlStatusObject gql_status='01N51', status_description='warn: relationship type does not exist. The relationship type `REFERENCES` does not exist. Verify that the spelling is correct.', position=<SummaryInputPosition line=1, column=54, offset=53>, raw_classification='UNRECOGNIZED', classification=<NotificationClassification.UNRECOGNIZED: 'UNRECOGNIZED'>, raw_severity='WARNING', severity=<NotificationSeverity.WARNING: 'WARNING'>, diagnostic_record={'_classification': 'UNRECOGNIZED', '_severity': 'WARNING', '_position': {'offset': 53, 'line': 1, 'column': 54}, 'OPERATION': '', 'OPERATION_CODE': '0', 'CURRENT_SCHEMA': '/'}> for query: 'MATCH p = (src:Subreddit {name: $seed_bfs})-[:POSTED|REFERENCES*2..6]->(tgt:Subreddit)\n            WHERE src <> tgt\n            WITH tgt, min(length(p) / 2) AS min_hops\n            RETURN tgt.name AS reachable, min_hops ORDER BY min_hops, tgt.name LIMIT 500'
00:59:52  INFO          warm 3/5: consumed=79.0 ms  available=3.0 ms
00:59:52  WARNING   Received notification from DBMS server: <GqlStatusObject gql_status='01N51', status_description='warn: relationship type does not exist. The relationship type `REFERENCES` does not exist. Verify that the spelling is correct.', position=<SummaryInputPosition line=1, column=54, offset=53>, raw_classification='UNRECOGNIZED', classification=<NotificationClassification.UNRECOGNIZED: 'UNRECOGNIZED'>, raw_severity='WARNING', severity=<NotificationSeverity.WARNING: 'WARNING'>, diagnostic_record={'_classification': 'UNRECOGNIZED', '_severity': 'WARNING', '_position': {'offset': 53, 'line': 1, 'column': 54}, 'OPERATION': '', 'OPERATION_CODE': '0', 'CURRENT_SCHEMA': '/'}> for query: 'MATCH p = (src:Subreddit {name: $seed_bfs})-[:POSTED|REFERENCES*2..6]->(tgt:Subreddit)\n            WHERE src <> tgt\n            WITH tgt, min(length(p) / 2) AS min_hops\n            RETURN tgt.name AS reachable, min_hops ORDER BY min_hops, tgt.name LIMIT 500'
00:59:52  INFO          warm 4/5: consumed=66.0 ms  available=30.0 ms
00:59:52  WARNING   Received notification from DBMS server: <GqlStatusObject gql_status='01N51', status_description='warn: relationship type does not exist. The relationship type `REFERENCES` does not exist. Verify that the spelling is correct.', position=<SummaryInputPosition line=1, column=54, offset=53>, raw_classification='UNRECOGNIZED', classification=<NotificationClassification.UNRECOGNIZED: 'UNRECOGNIZED'>, raw_severity='WARNING', severity=<NotificationSeverity.WARNING: 'WARNING'>, diagnostic_record={'_classification': 'UNRECOGNIZED', '_severity': 'WARNING', '_position': {'offset': 53, 'line': 1, 'column': 54}, 'OPERATION': '', 'OPERATION_CODE': '0', 'CURRENT_SCHEMA': '/'}> for query: 'MATCH p = (src:Subreddit {name: $seed_bfs})-[:POSTED|REFERENCES*2..6]->(tgt:Subreddit)\n            WHERE src <> tgt\n            WITH tgt, min(length(p) / 2) AS min_hops\n            RETURN tgt.name AS reachable, min_hops ORDER BY min_hops, tgt.name LIMIT 500'
00:59:52  INFO          warm 5/5: consumed=55.0 ms  available=2.0 ms
00:59:52  INFO      Results saved → C:\Users\david\Desktop\postgres-vs-neo4j-reddit-benchmark\data\benchmark_results.json
00:59:52  INFO      Open notebooks/results_analysis.ipynb to generate charts.
